Autor1,Gênero_Autor1,Autor2,Gênero_Autor2,Evento
Clevi Rapkiewicz,Mulher,Nani Castilho,Mulher,WIT
Clevi Rapkiewicz,Mulher,Simone Fogazzi,Mulher,WIT
Nani Castilho,Mulher,Simone Fogazzi,Mulher,WIT
Adrielly C. E. Dias,Mulher,Daniela C. Terra,Mulher,WIT
Adrielly C. E. Dias,Mulher,Isabella A. D. Melo,Mulher,WIT
Adrielly C. E. Dias,Mulher,Leticia M. M. S. Cheloni,Mulher,WIT
Adrielly C. E. Dias,Mulher,Raylla L. S. Gama,Mulher,WIT
Adrielly C. E. Dias,Mulher,Suelen M. de Paula,Mulher,WIT
Daniela C. Terra,Mulher,Isabella A. D. Melo,Mulher,WIT
Daniela C. Terra,Mulher,Leticia M. M. S. Cheloni,Mulher,WIT
Daniela C. Terra,Mulher,Raylla L. S. Gama,Mulher,WIT
Daniela C. Terra,Mulher,Suelen M. de Paula,Mulher,WIT
Isabella A. D. Melo,Mulher,Leticia M. M. S. Cheloni,Mulher,WIT
Isabella A. D. Melo,Mulher,Raylla L. S. Gama,Mulher,WIT
Isabella A. D. Melo,Mulher,Suelen M. de Paula,Mulher,WIT
Leticia M. M. S. Cheloni,Mulher,Raylla L. S. Gama,Mulher,WIT
Leticia M. M. S. Cheloni,Mulher,Suelen M. de Paula,Mulher,WIT
Raylla L. S. Gama,Mulher,Suelen M. de Paula,Mulher,WIT
Cristiano Maciel,Homem,Sabrina B. Sassi,Mulher,WEI
Cristiano Maciel,Homem,Vinícius Carvalho Pereira,Homem,WEI
Sabrina B. Sassi,Mulher,Vinícius Carvalho Pereira,Homem,WEI
Marcos Diniz,Homem,Marianne Eliasquevici,Mulher,WEI
Alan Fernandes,Homem,Everton Cavalcante,Homem,SEMISH
Alan Fernandes,Homem,Felipe Rocha,Homem,SEMISH
Alan Fernandes,Homem,José Gameleira Neto,Homem,SEMISH
Alan Fernandes,Homem,Luís Felipe Santos,Homem,SEMISH
Alan Fernandes,Homem,Thais Batista,Mulher,SEMISH
Everton Cavalcante,Homem,Felipe Rocha,Homem,SEMISH
Everton Cavalcante,Homem,José Gameleira Neto,Homem,SEMISH
Everton Cavalcante,Homem,Luís Felipe Santos,Homem,SEMISH
Everton Cavalcante,Homem,Thais Batista,Mulher,SEMISH
Felipe Rocha,Homem,José Gameleira Neto,Homem,SEMISH
Felipe Rocha,Homem,Luís Felipe Santos,Homem,SEMISH
Felipe Rocha,Homem,Thais Batista,Mulher,SEMISH
José Gameleira Neto,Homem,Luís Felipe Santos,Homem,SEMISH
José Gameleira Neto,Homem,Thais Batista,Mulher,SEMISH
Luís Felipe Santos,Homem,Thais Batista,Mulher,SEMISH
Gustavo Henrique da Silva Alexandre,Homem,Jesiel Viana da Silva,Homem,WEI
Márcia Gonçalves Oliveira,Mulher,Vânia Silvares Marquiori,Mulher,WIT
Celso Alberto Saibel Santos,Homem,Estêvão Bissoli Saleme,Homem,CTD
Celso Alberto Saibel Santos,Homem,George Ghinea,Homem,CTD
Estêvão Bissoli Saleme,Homem,George Ghinea,Homem,CTD
Hugo Rosado,Homem,Marcelo Benedito,Homem,ETC
Alex Gliesch,Homem,Marcus Ritt,Homem,CTD
Ana P. G. Lopes,Mulher,Luis F. A. Román,Homem,SBCUP
Ana P. G. Lopes,Mulher,Paulo R. L. Gondim,Homem,SBCUP
Luis F. A. Román,Homem,Paulo R. L. Gondim,Homem,SBCUP
Flávio Rocha,Homem,Hudson Lopes,Homem,WPerformance
Flávio Rocha,Homem,Ricardo Bruno de Oliveira,Homem,WPerformance
Hudson Lopes,Homem,Ricardo Bruno de Oliveira,Homem,WPerformance
Alice Menezes,Mulher,Carlos Figueiredo,Homem,SBCUP
Alessandra Martins Coelho,Mulher,Diego Nunes Noceli,Homem,ENCompIF
Alessandra Martins Coelho,Mulher,Matheus de Freitas Oliveira Baffa,Homem,ENCompIF
Diego Nunes Noceli,Homem,Matheus de Freitas Oliveira Baffa,Homem,ENCompIF
Flávio Coutinho,Homem,Glívia Barbosa,Mulher,WIT
Flávio Coutinho,Homem,Ismael Silva,Homem,WIT
Flávio Coutinho,Homem,Laura Ribeiro,Mulher,WIT
Flávio Coutinho,Homem,Natália Santos,Mulher,WIT
Glívia Barbosa,Mulher,Ismael Silva,Homem,WIT
Glívia Barbosa,Mulher,Laura Ribeiro,Mulher,WIT
Glívia Barbosa,Mulher,Natália Santos,Mulher,WIT
Ismael Silva,Homem,Laura Ribeiro,Mulher,WIT
Ismael Silva,Homem,Natália Santos,Mulher,WIT
Laura Ribeiro,Mulher,Natália Santos,Mulher,WIT
Manuel M. Oliveira Neto,Homem,Marcos H. Backes,Homem,CTD
Amaury Antônio de Castro Junior,Homem,Anderson Corrêa de Lima,Homem,WEI
Amaury Antônio de Castro Junior,Homem,Luciana Montera Cheung,Mulher,WEI
Anderson Corrêa de Lima,Homem,Luciana Montera Cheung,Mulher,WEI
Delano Maia,Homem,Emanuel Coutinho,Homem,WASHES
Delano Maia,Homem,Wagner Braga Bezerra,Homem,WASHES
Emanuel Coutinho,Homem,Wagner Braga Bezerra,Homem,WASHES
Alberto Raiol,Homem,Breno Sousa,Homem,WEI
Alberto Raiol,Homem,Fábio Bezerra,Homem,WEI
Alberto Raiol,Homem,Paulo Cerqueira,Homem,WEI
Alberto Raiol,Homem,Rafael Santos,Homem,WEI
Breno Sousa,Homem,Fábio Bezerra,Homem,WEI
Breno Sousa,Homem,Paulo Cerqueira,Homem,WEI
Breno Sousa,Homem,Rafael Santos,Homem,WEI
Fábio Bezerra,Homem,Paulo Cerqueira,Homem,WEI
Fábio Bezerra,Homem,Rafael Santos,Homem,WEI
Paulo Cerqueira,Homem,Rafael Santos,Homem,WEI
Joel J. P. C. Rodrigues,Homem,Samuel B. Mafra,Homem,SBCUP
Joel J. P. C. Rodrigues,Homem,Vitor A.C. Figueiredo,Homem,SBCUP
Samuel B. Mafra,Homem,Vitor A.C. Figueiredo,Homem,SBCUP
Henrique Hepp,Homem,Leandro M. Zatesko,Homem,ETC
Henrique Hepp,Homem,Murilo V. G. da Silva,Homem,ETC
Leandro M. Zatesko,Homem,Murilo V. G. da Silva,Homem,ETC
Adrya Araújo,Mulher,Bruna Mariana F. de Souza,Mulher,WIT
Adrya Araújo,Mulher,Fabiola Guerra Nakamura,Mulher,WIT
Adrya Araújo,Mulher,Jeovana Leão,Mulher,WIT
Adrya Araújo,Mulher,Julis Figueira de Araújo,Homem,WIT
Adrya Araújo,Mulher,Kalil Ferreira,Homem,WIT
Adrya Araújo,Mulher,Mariana Barros,Mulher,WIT
Adrya Araújo,Mulher,Tanara Lauschner,Mulher,WIT
Bruna Mariana F. de Souza,Mulher,Fabiola Guerra Nakamura,Mulher,WIT
Bruna Mariana F. de Souza,Mulher,Jeovana Leão,Mulher,WIT
Bruna Mariana F. de Souza,Mulher,Julis Figueira de Araújo,Homem,WIT
Bruna Mariana F. de Souza,Mulher,Kalil Ferreira,Homem,WIT
Bruna Mariana F. de Souza,Mulher,Mariana Barros,Mulher,WIT
Bruna Mariana F. de Souza,Mulher,Tanara Lauschner,Mulher,WIT
Fabiola Guerra Nakamura,Mulher,Jeovana Leão,Mulher,WIT
Fabiola Guerra Nakamura,Mulher,Julis Figueira de Araújo,Homem,WIT
Fabiola Guerra Nakamura,Mulher,Kalil Ferreira,Homem,WIT
Fabiola Guerra Nakamura,Mulher,Mariana Barros,Mulher,WIT
Fabiola Guerra Nakamura,Mulher,Tanara Lauschner,Mulher,WIT
Jeovana Leão,Mulher,Julis Figueira de Araújo,Homem,WIT
Jeovana Leão,Mulher,Kalil Ferreira,Homem,WIT
Jeovana Leão,Mulher,Mariana Barros,Mulher,WIT
Jeovana Leão,Mulher,Tanara Lauschner,Mulher,WIT
Julis Figueira de Araújo,Homem,Kalil Ferreira,Homem,WIT
Julis Figueira de Araújo,Homem,Mariana Barros,Mulher,WIT
Julis Figueira de Araújo,Homem,Tanara Lauschner,Mulher,WIT
Kalil Ferreira,Homem,Mariana Barros,Mulher,WIT
Kalil Ferreira,Homem,Tanara Lauschner,Mulher,WIT
Mariana Barros,Mulher,Tanara Lauschner,Mulher,WIT
Elaine S. França,Mulher,Oto B. Assunção,Homem,WEI
Elaine S. França,Mulher,Raquel O. Prates,Mulher,WEI
Oto B. Assunção,Homem,Raquel O. Prates,Mulher,WEI
Débora Zumpichiatti,Mulher,Gabriel SantClair,Homem,WEI
Débora Zumpichiatti,Mulher,Janaina Gomide,Mulher,WEI
Débora Zumpichiatti,Mulher,João Victor Moreira,Homem,WEI
Gabriel SantClair,Homem,Janaina Gomide,Mulher,WEI
Gabriel SantClair,Homem,João Victor Moreira,Homem,WEI
Janaina Gomide,Mulher,João Victor Moreira,Homem,WEI
Eduardo H. Teixeira,Homem,Joel J. P. C. Rodrigues,Homem,SBCUP
Eduardo H. Teixeira,Homem,Samuel B. Mafra,Homem,SBCUP
Eduardo H. Teixeira,Homem,Werner A. A. N. da Silveira,Homem,SBCUP
Joel J. P. C. Rodrigues,Homem,Samuel B. Mafra,Homem,SBCUP
Joel J. P. C. Rodrigues,Homem,Werner A. A. N. da Silveira,Homem,SBCUP
Samuel B. Mafra,Homem,Werner A. A. N. da Silveira,Homem,SBCUP
Alirio Santos de Sá,Homem,Ana Carolina Sokolonski,Mulher,WEI
Alirio Santos de Sá,Homem,Raimundo José de Araújo Macêdo,Homem,WEI
Ana Carolina Sokolonski,Mulher,Raimundo José de Araújo Macêdo,Homem,WEI
Fábio Rodrigues de la Rocha,Homem,Michelle Wangham,Mulher,SEMISH
Cleidiane Nunes,Mulher,Ivaldir Júnior,Homem,WASHES
Carina Machado de Farias,Mulher,Sarah Barbosa de Deus,Mulher,WIT
Carina Machado de Farias,Mulher,Steffany Caroline Carvalho Freire,Mulher,WIT
Sarah Barbosa de Deus,Mulher,Steffany Caroline Carvalho Freire,Mulher,WIT
Edson Neto,Homem,Julio Furtado,Homem,WASHES
Johnny Marques,Homem,Lilian Barros,Mulher,WASHES
Johnny Marques,Homem,Talita Slavov,Mulher,WASHES
Lilian Barros,Mulher,Talita Slavov,Mulher,WASHES
Albert Lopes,Homem,Carlos Portela,Homem,WEI
Albert Lopes,Homem,Sandra Oliveira,Homem,WEI
Carlos Portela,Homem,Sandra Oliveira,Homem,WEI
Francisco Airton Silva,Homem,Laécio Rodrigues,Homem,WPerformance
Francisco Airton Silva,Homem,Lucas Santos,Homem,WPerformance
Francisco Airton Silva,Homem,Matheus Torquato,Homem,WPerformance
Laécio Rodrigues,Homem,Lucas Santos,Homem,WPerformance
Laécio Rodrigues,Homem,Matheus Torquato,Homem,WPerformance
Lucas Santos,Homem,Matheus Torquato,Homem,WPerformance
Ana Inocêncio,Mulher,Caique Souza,Homem,WEI
Ana Inocêncio,Mulher,Esdras Bispo Jr.,Homem,WEI
Ana Inocêncio,Mulher,Lucas Costa,Homem,WEI
Caique Souza,Homem,Esdras Bispo Jr.,Homem,WEI
Caique Souza,Homem,Lucas Costa,Homem,WEI
Esdras Bispo Jr.,Homem,Lucas Costa,Homem,WEI
Anna Beatriz Marques,Mulher,Francisco Luciano Quirino da Silva,Homem,WASHES
Anna Beatriz Marques,Mulher,Tatiane F. Figueiredo,Mulher,WASHES
Francisco Luciano Quirino da Silva,Homem,Tatiane F. Figueiredo,Mulher,WASHES
Cláudio Fernando Fernando Resin Geyer,Homem,João Luiz Grave Gross,Homem,SBCUP
Elverton Fazzion,Homem,Osvaldo Fonseca ,Homem,CTIC
Elverton Fazzion,Homem,Welton Augusto Rodrigues Santos,Homem,CTIC
Osvaldo Fonseca ,Homem,Welton Augusto Rodrigues Santos,Homem,CTIC
Bruna Souza,Mulher,Emmerson Silva,Homem,ENCompIF
Bruna Souza,Mulher,Miguel Oliveira,Homem,ENCompIF
Bruna Souza,Mulher,Neila Xavier,Mulher,ENCompIF
Emmerson Silva,Homem,Miguel Oliveira,Homem,ENCompIF
Emmerson Silva,Homem,Neila Xavier,Mulher,ENCompIF
Miguel Oliveira,Homem,Neila Xavier,Mulher,ENCompIF
Cristiano Maciel,Homem,Jéssica Azevedo,Mulher,WIT
Cristiano Maciel,Homem,Karen Ribeiro,Mulher,WIT
Cristiano Maciel,Homem,Silvia Bim,Mulher,WIT
Jéssica Azevedo,Mulher,Karen Ribeiro,Mulher,WIT
Jéssica Azevedo,Mulher,Silvia Bim,Mulher,WIT
Karen Ribeiro,Mulher,Silvia Bim,Mulher,WIT
Anna Marques,Mulher,Maria Fiori,Mulher,WIT
Anna Marques,Mulher,Marina Rocha,Mulher,WIT
Maria Fiori,Mulher,Marina Rocha,Mulher,WIT
Alexandra S. Pereira,Mulher,Antonio A. F. Loureiro,Homem,SBCUP
Alexandra S. Pereira,Mulher,Fabrício A. Silva,Homem,SBCUP
Alexandra S. Pereira,Mulher,Luiz H. A. Correia,Homem,SBCUP
Alexandra S. Pereira,Mulher,Thais R. M. B. Silva,Mulher,SBCUP
Antonio A. F. Loureiro,Homem,Fabrício A. Silva,Homem,SBCUP
Antonio A. F. Loureiro,Homem,Luiz H. A. Correia,Homem,SBCUP
Antonio A. F. Loureiro,Homem,Thais R. M. B. Silva,Mulher,SBCUP
Fabrício A. Silva,Homem,Luiz H. A. Correia,Homem,SBCUP
Fabrício A. Silva,Homem,Thais R. M. B. Silva,Mulher,SBCUP
Luiz H. A. Correia,Homem,Thais R. M. B. Silva,Mulher,SBCUP
Alonso Ali,Homem,Orlando Lee,Homem,ETC
Leonardo Rocha,Homem,Luiz Felipe Chaves,Homem,CTIC
Leonardo Rocha,Homem,Nícollas Silva,Homem,CTIC
Luiz Felipe Chaves,Homem,Nícollas Silva,Homem,CTIC
Caroline Aparecida de Paula Silva,Mulher,Cândida Nunes da Silva,Mulher,CTIC
Caroline Aparecida de Paula Silva,Mulher,Orlando Lee,Homem,CTIC
Cândida Nunes da Silva,Mulher,Orlando Lee,Homem,CTIC
Caroline Silva,Mulher,Cândida Silva,Mulher,ETC
Caroline Silva,Mulher,Orlando Lee,Homem,ETC
Cândida Silva,Mulher,Orlando Lee,Homem,ETC
Carina Oliveira,Mulher,Daniel Saraiva,Homem,WEI
Carina Oliveira,Mulher,Erica Gallindo,Mulher,WEI
Carina Oliveira,Mulher,Reinaldo Braga,Homem,WEI
Carina Oliveira,Mulher,Silas Pereira,Homem,WEI
Daniel Saraiva,Homem,Erica Gallindo,Mulher,WEI
Daniel Saraiva,Homem,Reinaldo Braga,Homem,WEI
Daniel Saraiva,Homem,Silas Pereira,Homem,WEI
Erica Gallindo,Mulher,Reinaldo Braga,Homem,WEI
Erica Gallindo,Mulher,Silas Pereira,Homem,WEI
Reinaldo Braga,Homem,Silas Pereira,Homem,WEI
Diana Sasaki,Mulher,Mauro N. Alves Junior,Homem,ETC
Adriano H. Braga,Homem,Thalia S. Santana,Mulher,WIT
Enio Pimenta,Homem,Leonardo Medeiros,Homem,ENCompIF
Enio Pimenta,Homem,Marcos Costa,Homem,ENCompIF
Enio Pimenta,Homem,Taígo Pedrosa,Homem,ENCompIF
Leonardo Medeiros,Homem,Marcos Costa,Homem,ENCompIF
Leonardo Medeiros,Homem,Taígo Pedrosa,Homem,ENCompIF
Marcos Costa,Homem,Taígo Pedrosa,Homem,ENCompIF
Carina Oliveira,Mulher,Edgar Oliveira,Homem,WEI
Carina Oliveira,Mulher,Helen Ferreira,Mulher,WEI
Carina Oliveira,Mulher,Mauro Oliveira,Homem,WEI
Carina Oliveira,Mulher,Reinaldo Braga,Homem,WEI
Edgar Oliveira,Homem,Helen Ferreira,Mulher,WEI
Edgar Oliveira,Homem,Mauro Oliveira,Homem,WEI
Edgar Oliveira,Homem,Reinaldo Braga,Homem,WEI
Helen Ferreira,Mulher,Mauro Oliveira,Homem,WEI
Helen Ferreira,Mulher,Reinaldo Braga,Homem,WEI
Mauro Oliveira,Homem,Reinaldo Braga,Homem,WEI
Igor Moraes,Homem,Júlio César Resende,Homem,CTIC
Igor Moraes,Homem,Leonardo Rocha,Homem,CTIC
Júlio César Resende,Homem,Leonardo Rocha,Homem,CTIC
Augusto V. Neto,Homem,Eduardo Grampín,Homem,SBCUP
Augusto V. Neto,Homem,Erika Rosas,Mulher,SBCUP
Augusto V. Neto,Homem,Javier Baliosian,Homem,SBCUP
Augusto V. Neto,Homem,Martín Gutiérrez,Homem,SBCUP
Augusto V. Neto,Homem,Nicolás Hidalgo,Homem,SBCUP
Augusto V. Neto,Homem,Paulo R. Coelho,Homem,SBCUP
Augusto V. Neto,Homem,Rafael Pasquini,Homem,SBCUP
Augusto V. Neto,Homem,Rodrigo S. Miani,Homem,SBCUP
Eduardo Grampín,Homem,Erika Rosas,Mulher,SBCUP
Eduardo Grampín,Homem,Javier Baliosian,Homem,SBCUP
Eduardo Grampín,Homem,Martín Gutiérrez,Homem,SBCUP
Eduardo Grampín,Homem,Nicolás Hidalgo,Homem,SBCUP
Eduardo Grampín,Homem,Paulo R. Coelho,Homem,SBCUP
Eduardo Grampín,Homem,Rafael Pasquini,Homem,SBCUP
Eduardo Grampín,Homem,Rodrigo S. Miani,Homem,SBCUP
Erika Rosas,Mulher,Javier Baliosian,Homem,SBCUP
Erika Rosas,Mulher,Martín Gutiérrez,Homem,SBCUP
Erika Rosas,Mulher,Nicolás Hidalgo,Homem,SBCUP
Erika Rosas,Mulher,Paulo R. Coelho,Homem,SBCUP
Erika Rosas,Mulher,Rafael Pasquini,Homem,SBCUP
Erika Rosas,Mulher,Rodrigo S. Miani,Homem,SBCUP
Javier Baliosian,Homem,Martín Gutiérrez,Homem,SBCUP
Javier Baliosian,Homem,Nicolás Hidalgo,Homem,SBCUP
Javier Baliosian,Homem,Paulo R. Coelho,Homem,SBCUP
Javier Baliosian,Homem,Rafael Pasquini,Homem,SBCUP
Javier Baliosian,Homem,Rodrigo S. Miani,Homem,SBCUP
Martín Gutiérrez,Homem,Nicolás Hidalgo,Homem,SBCUP
Martín Gutiérrez,Homem,Paulo R. Coelho,Homem,SBCUP
Martín Gutiérrez,Homem,Rafael Pasquini,Homem,SBCUP
Martín Gutiérrez,Homem,Rodrigo S. Miani,Homem,SBCUP
Nicolás Hidalgo,Homem,Paulo R. Coelho,Homem,SBCUP
Nicolás Hidalgo,Homem,Rafael Pasquini,Homem,SBCUP
Nicolás Hidalgo,Homem,Rodrigo S. Miani,Homem,SBCUP
Paulo R. Coelho,Homem,Rafael Pasquini,Homem,SBCUP
Paulo R. Coelho,Homem,Rodrigo S. Miani,Homem,SBCUP
Rafael Pasquini,Homem,Rodrigo S. Miani,Homem,SBCUP
Alane M. de Lima,Mulher,André L. Vignatti,Homem,ETC
Alane M. de Lima,Mulher,Murilo V. G. da Silva,Homem,ETC
André L. Vignatti,Homem,Murilo V. G. da Silva,Homem,ETC
Claiton Correa,Homem,Dariane Abich,Mulher,ENCompIF
Claiton Correa,Homem,Moraes Neto,Homem,ENCompIF
Claiton Correa,Homem,Rafael Parizi,Homem,ENCompIF
Dariane Abich,Mulher,Moraes Neto,Homem,ENCompIF
Dariane Abich,Mulher,Rafael Parizi,Homem,ENCompIF
Moraes Neto,Homem,Rafael Parizi,Homem,ENCompIF
Ana Lucia Machado dos Santos,Mulher,David B. F. Oliveira,Homem,WEI
Ana Lucia Machado dos Santos,Mulher,Elaine H. T. Oliveira,Mulher,WEI
Ana Lucia Machado dos Santos,Mulher,Filipe Dwan Pereira,Homem,WEI
Ana Lucia Machado dos Santos,Mulher,Leandro S. G. Carvalho,Homem,WEI
David B. F. Oliveira,Homem,Elaine H. T. Oliveira,Mulher,WEI
David B. F. Oliveira,Homem,Filipe Dwan Pereira,Homem,WEI
David B. F. Oliveira,Homem,Leandro S. G. Carvalho,Homem,WEI
Elaine H. T. Oliveira,Mulher,Filipe Dwan Pereira,Homem,WEI
Elaine H. T. Oliveira,Mulher,Leandro S. G. Carvalho,Homem,WEI
Filipe Dwan Pereira,Homem,Leandro S. G. Carvalho,Homem,WEI
André Constantino da Silva,Homem,Carlos Roberto dos Santos Junior,Homem,WIT
André Constantino da Silva,Homem,Daniela Marques,Mulher,WIT
André Constantino da Silva,Homem,Gustavo Bartz Guedes,Homem,WIT
Carlos Roberto dos Santos Junior,Homem,Daniela Marques,Mulher,WIT
Carlos Roberto dos Santos Junior,Homem,Gustavo Bartz Guedes,Homem,WIT
Daniela Marques,Mulher,Gustavo Bartz Guedes,Homem,WIT
Erick Hostin,Homem,Ivo Riegel,Homem,ENCompIF
Erick Hostin,Homem,Jefferson Chaves,Homem,ENCompIF
Erick Hostin,Homem,Jeliel Braz,Homem,ENCompIF
Erick Hostin,Homem,Marcio Piffer,Homem,ENCompIF
Erick Hostin,Homem,Yuri Salvador,Homem,ENCompIF
Ivo Riegel,Homem,Jefferson Chaves,Homem,ENCompIF
Ivo Riegel,Homem,Jeliel Braz,Homem,ENCompIF
Ivo Riegel,Homem,Marcio Piffer,Homem,ENCompIF
Ivo Riegel,Homem,Yuri Salvador,Homem,ENCompIF
Jefferson Chaves,Homem,Jeliel Braz,Homem,ENCompIF
Jefferson Chaves,Homem,Marcio Piffer,Homem,ENCompIF
Jefferson Chaves,Homem,Yuri Salvador,Homem,ENCompIF
Jeliel Braz,Homem,Marcio Piffer,Homem,ENCompIF
Jeliel Braz,Homem,Yuri Salvador,Homem,ENCompIF
Marcio Piffer,Homem,Yuri Salvador,Homem,ENCompIF
Adriano Braga,Homem,Ianka Assis,Mulher,WIT
Adriano Braga,Homem,Natália C. Louzada,Mulher,WIT
Adriano Braga,Homem,Ramayane Braga,Mulher,WIT
Adriano Braga,Homem,Thalia Santana,Mulher,WIT
Ianka Assis,Mulher,Natália C. Louzada,Mulher,WIT
Ianka Assis,Mulher,Ramayane Braga,Mulher,WIT
Ianka Assis,Mulher,Thalia Santana,Mulher,WIT
Natália C. Louzada,Mulher,Ramayane Braga,Mulher,WIT
Natália C. Louzada,Mulher,Thalia Santana,Mulher,WIT
Ramayane Braga,Mulher,Thalia Santana,Mulher,WIT
Cristiano Maciel,Homem,Fernanda Pires,Mulher,WIT
Cristiano Maciel,Homem,Jean Rangel,Homem,WIT
Cristiano Maciel,Homem,João Bernado,Homem,WIT
Cristiano Maciel,Homem,Karla Pereira,Mulher,WIT
Cristiano Maciel,Homem,Larissa Pessoa,Mulher,WIT
Cristiano Maciel,Homem,Rosiane Freitas,Mulher,WIT
Cristiano Maciel,Homem,Silvia Bim,Mulher,WIT
Fernanda Pires,Mulher,Jean Rangel,Homem,WIT
Fernanda Pires,Mulher,João Bernado,Homem,WIT
Fernanda Pires,Mulher,Karla Pereira,Mulher,WIT
Fernanda Pires,Mulher,Larissa Pessoa,Mulher,WIT
Fernanda Pires,Mulher,Rosiane Freitas,Mulher,WIT
Fernanda Pires,Mulher,Silvia Bim,Mulher,WIT
Jean Rangel,Homem,João Bernado,Homem,WIT
Jean Rangel,Homem,Karla Pereira,Mulher,WIT
Jean Rangel,Homem,Larissa Pessoa,Mulher,WIT
Jean Rangel,Homem,Rosiane Freitas,Mulher,WIT
Jean Rangel,Homem,Silvia Bim,Mulher,WIT
João Bernado,Homem,Karla Pereira,Mulher,WIT
João Bernado,Homem,Larissa Pessoa,Mulher,WIT
João Bernado,Homem,Rosiane Freitas,Mulher,WIT
João Bernado,Homem,Silvia Bim,Mulher,WIT
Karla Pereira,Mulher,Larissa Pessoa,Mulher,WIT
Karla Pereira,Mulher,Rosiane Freitas,Mulher,WIT
Karla Pereira,Mulher,Silvia Bim,Mulher,WIT
Larissa Pessoa,Mulher,Rosiane Freitas,Mulher,WIT
Larissa Pessoa,Mulher,Silvia Bim,Mulher,WIT
Rosiane Freitas,Mulher,Silvia Bim,Mulher,WIT
Davi Viana,Homem,Flávia Carvalho,Mulher,WEI
Davi Viana,Homem,Luis Rivero,Homem,WEI
Davi Viana,Homem,Sebastião Santos,Homem,WEI
Flávia Carvalho,Mulher,Luis Rivero,Homem,WEI
Flávia Carvalho,Mulher,Sebastião Santos,Homem,WEI
Luis Rivero,Homem,Sebastião Santos,Homem,WEI
Fernando Matos,Homem,Robertson Lima,Homem,SBCUP
André Riker,Homem,Denis Rosário,Homem,SBCUP
André Riker,Homem,Renato Mota,Homem,SBCUP
Denis Rosário,Homem,Renato Mota,Homem,SBCUP
Joilson Oliveira Telles,Homem,Lara Mello do Nascimento,Mulher,ENCompIF
Joilson Oliveira Telles,Homem,Leonardo Renner Koppe,Homem,ENCompIF
Joilson Oliveira Telles,Homem,Naira Kaieski,Mulher,ENCompIF
Joilson Oliveira Telles,Homem,William Augusto Pez,Homem,ENCompIF
Lara Mello do Nascimento,Mulher,Leonardo Renner Koppe,Homem,ENCompIF
Lara Mello do Nascimento,Mulher,Naira Kaieski,Mulher,ENCompIF
Lara Mello do Nascimento,Mulher,William Augusto Pez,Homem,ENCompIF
Leonardo Renner Koppe,Homem,Naira Kaieski,Mulher,ENCompIF
Leonardo Renner Koppe,Homem,William Augusto Pez,Homem,ENCompIF
Naira Kaieski,Mulher,William Augusto Pez,Homem,ENCompIF
Andre Aquino,Homem,Cristopher Freitas,Homem,SBCUP
Andre Aquino,Homem,Givanildo Júnior,Homem,SBCUP
Andre Aquino,Homem,Osvaldo Rosso,Homem,SBCUP
Cristopher Freitas,Homem,Givanildo Júnior,Homem,SBCUP
Cristopher Freitas,Homem,Osvaldo Rosso,Homem,SBCUP
Givanildo Júnior,Homem,Osvaldo Rosso,Homem,SBCUP
Fabiano de Souza Oliveira,Homem,Jayme Luiz Szwarcfiter,Homem,ETC
Fabiano de Souza Oliveira,Homem,Lívia Salgado Medeiros,Mulher,ETC
Jayme Luiz Szwarcfiter,Homem,Lívia Salgado Medeiros,Mulher,ETC
Eduardo Cambruzzi,Homem,Jessica de S. Santana,Mulher,WEI
Alessandra Martins Coelho,Mulher,Gabriela Cardoso Montes,Mulher,WIT
Alessandra Martins Coelho,Mulher,Ivy Oliveira Magesti,Mulher,WIT
Alessandra Martins Coelho,Mulher,Julie Silva Pereira,Mulher,WIT
Alessandra Martins Coelho,Mulher,Luiza Rosa de Moura,Mulher,WIT
Alessandra Martins Coelho,Mulher,Nurian Maria Amâncio Coelho,Mulher,WIT
Gabriela Cardoso Montes,Mulher,Ivy Oliveira Magesti,Mulher,WIT
Gabriela Cardoso Montes,Mulher,Julie Silva Pereira,Mulher,WIT
Gabriela Cardoso Montes,Mulher,Luiza Rosa de Moura,Mulher,WIT
Gabriela Cardoso Montes,Mulher,Nurian Maria Amâncio Coelho,Mulher,WIT
Ivy Oliveira Magesti,Mulher,Julie Silva Pereira,Mulher,WIT
Ivy Oliveira Magesti,Mulher,Luiza Rosa de Moura,Mulher,WIT
Ivy Oliveira Magesti,Mulher,Nurian Maria Amâncio Coelho,Mulher,WIT
Julie Silva Pereira,Mulher,Luiza Rosa de Moura,Mulher,WIT
Julie Silva Pereira,Mulher,Nurian Maria Amâncio Coelho,Mulher,WIT
Luiza Rosa de Moura,Mulher,Nurian Maria Amâncio Coelho,Mulher,WIT
Gilberto Müller,Homem,Michelle Martins,Mulher,WEI
Dilma da Silva,Mulher,Edison Ishikawa,Homem,WEI
Dilma da Silva,Mulher,Marcelo Mandelli,Homem,WEI
Dilma da Silva,Mulher,Maristela Holanda,Mulher,WEI
Edison Ishikawa,Homem,Marcelo Mandelli,Homem,WEI
Edison Ishikawa,Homem,Maristela Holanda,Mulher,WEI
Marcelo Mandelli,Homem,Maristela Holanda,Mulher,WEI
Cristiano Maciel,Homem,Sabrina B. Sassi,Mulher,WEI
Cristiano Maciel,Homem,Vinícius Carvalho Pereira,Homem,WEI
Sabrina B. Sassi,Mulher,Vinícius Carvalho Pereira,Homem,WEI
José Quaresma,Homem,Marianne Eliasquevici,Mulher,WEI
José Quaresma,Homem,Sandra Oliveira,Homem,WEI
Marianne Eliasquevici,Mulher,Sandra Oliveira,Homem,WEI
Antonio Brasil,Homem,Jefferson Andrade,Homem,SEMISH
Antonio Brasil,Homem,Karin Komati,Mulher,SEMISH
Antonio Brasil,Homem,Luiz Pinto,Homem,SEMISH
Jefferson Andrade,Homem,Karin Komati,Mulher,SEMISH
Jefferson Andrade,Homem,Luiz Pinto,Homem,SEMISH
Karin Komati,Mulher,Luiz Pinto,Homem,SEMISH
Antonilson Alcantara,Homem,Cleidson Souza,Homem,SEMISH
Antonilson Alcantara,Homem,Emanuel Rodrigues,Homem,SEMISH
Antonilson Alcantara,Homem,Filipe Coelho,Homem,SEMISH
Cleidson Souza,Homem,Emanuel Rodrigues,Homem,SEMISH
Cleidson Souza,Homem,Filipe Coelho,Homem,SEMISH
Emanuel Rodrigues,Homem,Filipe Coelho,Homem,SEMISH
Anderson Afonso,Homem,Luciana Chueri,Mulher,WASHES
Anderson Afonso,Homem,Mariana Pinheiro,Mulher,WASHES
Anderson Afonso,Homem,Mateus Lambranho Ramos,Homem,WASHES
Anderson Afonso,Homem,Rodrigo Pereira dos Santos,Homem,WASHES
Luciana Chueri,Mulher,Mariana Pinheiro,Mulher,WASHES
Luciana Chueri,Mulher,Mateus Lambranho Ramos,Homem,WASHES
Luciana Chueri,Mulher,Rodrigo Pereira dos Santos,Homem,WASHES
Mariana Pinheiro,Mulher,Mateus Lambranho Ramos,Homem,WASHES
Mariana Pinheiro,Mulher,Rodrigo Pereira dos Santos,Homem,WASHES
Mateus Lambranho Ramos,Homem,Rodrigo Pereira dos Santos,Homem,WASHES
Albert Lopes,Homem,Carlos Portela,Homem,WEI
Albert Lopes,Homem,Raaby Miranda,Mulher,WEI
Carlos Portela,Homem,Raaby Miranda,Mulher,WEI
Aleteia P. F. Araujo,Mulher,Alice Lima,Mulher,WIT
Aleteia P. F. Araujo,Mulher,Carla Cavalcante Koike,Mulher,WIT
Aleteia P. F. Araujo,Mulher,Maria Eduarda Santos,Mulher,WIT
Aleteia P. F. Araujo,Mulher,Maristela Holanda,Mulher,WIT
Aleteia P. F. Araujo,Mulher,Roberta B. Oliveira,Mulher,WIT
Aleteia P. F. Araujo,Mulher,Vinicius R. P. Borges,Homem,WIT
Alice Lima,Mulher,Carla Cavalcante Koike,Mulher,WIT
Alice Lima,Mulher,Maria Eduarda Santos,Mulher,WIT
Alice Lima,Mulher,Maristela Holanda,Mulher,WIT
Alice Lima,Mulher,Roberta B. Oliveira,Mulher,WIT
Alice Lima,Mulher,Vinicius R. P. Borges,Homem,WIT
Carla Cavalcante Koike,Mulher,Maria Eduarda Santos,Mulher,WIT
Carla Cavalcante Koike,Mulher,Maristela Holanda,Mulher,WIT
Carla Cavalcante Koike,Mulher,Roberta B. Oliveira,Mulher,WIT
Carla Cavalcante Koike,Mulher,Vinicius R. P. Borges,Homem,WIT
Maria Eduarda Santos,Mulher,Maristela Holanda,Mulher,WIT
Maria Eduarda Santos,Mulher,Roberta B. Oliveira,Mulher,WIT
Maria Eduarda Santos,Mulher,Vinicius R. P. Borges,Homem,WIT
Maristela Holanda,Mulher,Roberta B. Oliveira,Mulher,WIT
Maristela Holanda,Mulher,Vinicius R. P. Borges,Homem,WIT
Roberta B. Oliveira,Mulher,Vinicius R. P. Borges,Homem,WIT
Glívia Barbosa,Mulher,Kecia Ferreira,Mulher,WIT
Glívia Barbosa,Mulher,Silvia Albuquerque,Mulher,WIT
Kecia Ferreira,Mulher,Silvia Albuquerque,Mulher,WIT
Geovane F. Piccinin,Homem,Mirella M. Moro,Mulher,WEI
Fernando Oliveira,Homem,Heberth Reinstein,Homem,SBCUP
Fernando Oliveira,Homem,Mateus Delatorre,Homem,SBCUP
Heberth Reinstein,Homem,Mateus Delatorre,Homem,SBCUP
Emanuel Coutinho,Homem,Leonardo Moreira,Homem,WASHES
Emanuel Coutinho,Homem,Maurício Neto,Homem,WASHES
Leonardo Moreira,Homem,Maurício Neto,Homem,WASHES
Bruno Albertini,Homem,Vitor Finotti,Homem,WPerformance
Filipe C. Fernandes,Homem,Loham da Silva,Homem,ENCompIF
Filipe C. Fernandes,Homem,Otacílio Pereira,Homem,ENCompIF
Loham da Silva,Homem,Otacílio Pereira,Homem,ENCompIF
João V. S. Leite,Homem,Marcos Bedo,Homem,ETC
João V. S. Leite,Homem,Rodolfo A. de Oliveira,Homem,ETC
Marcos Bedo,Homem,Rodolfo A. de Oliveira,Homem,ETC
Adriano Braga,Homem,Alexandre F. Lopes,Homem,WEI
Adriano Braga,Homem,Thalia Santana,Mulher,WEI
Alexandre F. Lopes,Homem,Thalia Santana,Mulher,WEI
Fabiano L. de Sousa,Homem,Leonardo B. da Luz,Homem,SEMISH
Fabiano L. de Sousa,Homem,Ronan A. J. Chagas,Homem,SEMISH
Leonardo B. da Luz,Homem,Ronan A. J. Chagas,Homem,SEMISH
Aline Mello,Mulher,Amanda Melo,Mulher,WIT
Aline Mello,Mulher,Isadora Ferrão,Mulher,WIT
Amanda Melo,Mulher,Isadora Ferrão,Mulher,WIT
Ana Lara S. Oliveira,Mulher,Anna Beatriz Marques,Mulher,WIT
Ana Lara S. Oliveira,Mulher,Jacilane de H. Rabelo,Mulher,WIT
Ana Lara S. Oliveira,Mulher,Karina Castelo Branco,Mulher,WIT
Ana Lara S. Oliveira,Mulher,Lauana M. C. de Oliveira,Mulher,WIT
Ana Lara S. Oliveira,Mulher,Maria Victoria S. Fiori,Mulher,WIT
Ana Lara S. Oliveira,Mulher,Marina da S. Rocha,Mulher,WIT
Anna Beatriz Marques,Mulher,Jacilane de H. Rabelo,Mulher,WIT
Anna Beatriz Marques,Mulher,Karina Castelo Branco,Mulher,WIT
Anna Beatriz Marques,Mulher,Lauana M. C. de Oliveira,Mulher,WIT
Anna Beatriz Marques,Mulher,Maria Victoria S. Fiori,Mulher,WIT
Anna Beatriz Marques,Mulher,Marina da S. Rocha,Mulher,WIT
Jacilane de H. Rabelo,Mulher,Karina Castelo Branco,Mulher,WIT
Jacilane de H. Rabelo,Mulher,Lauana M. C. de Oliveira,Mulher,WIT
Jacilane de H. Rabelo,Mulher,Maria Victoria S. Fiori,Mulher,WIT
Jacilane de H. Rabelo,Mulher,Marina da S. Rocha,Mulher,WIT
Karina Castelo Branco,Mulher,Lauana M. C. de Oliveira,Mulher,WIT
Karina Castelo Branco,Mulher,Maria Victoria S. Fiori,Mulher,WIT
Karina Castelo Branco,Mulher,Marina da S. Rocha,Mulher,WIT
Lauana M. C. de Oliveira,Mulher,Maria Victoria S. Fiori,Mulher,WIT
Lauana M. C. de Oliveira,Mulher,Marina da S. Rocha,Mulher,WIT
Maria Victoria S. Fiori,Mulher,Marina da S. Rocha,Mulher,WIT
André L. L. Aquino,Homem,Marcelo O. Souza,Homem,SBCUP
André L. L. Aquino,Homem,Raquel S. Cabral,Mulher,SBCUP
Marcelo O. Souza,Homem,Raquel S. Cabral,Mulher,SBCUP
Cristiano R. Cervi,Homem,Daniel M. Kuhn,Homem,SEMISH
Cristiano R. Cervi,Homem,Edimar Mânica,Homem,SEMISH
Daniel M. Kuhn,Homem,Edimar Mânica,Homem,SEMISH
Braulio Adriano de Mello,Homem,Ricardo Parizotto,Homem,SEMISH
Flavio Miyazawa,Homem,Thiago de Queiroz,Homem,ETC
Flavio Miyazawa,Homem,Vinícius Lima,Homem,ETC
Flavio Miyazawa,Homem,Yulle Borges,Mulher,ETC
Thiago de Queiroz,Homem,Vinícius Lima,Homem,ETC
Thiago de Queiroz,Homem,Yulle Borges,Mulher,ETC
Vinícius Lima,Homem,Yulle Borges,Mulher,ETC
Ana Paula Cavadas Rodrigues,Mulher,Carla Verônica Machado Marques,Mulher,WIT
Ana Paula Cavadas Rodrigues,Mulher,Carlo Emmanoel Tolla de Oliveira,Homem,WIT
Ana Paula Cavadas Rodrigues,Mulher,Claudia Lage Rebello da Motta,Mulher,WIT
Ana Paula Cavadas Rodrigues,Mulher,Raquel Moreira Machado Fernandes,Mulher,WIT
Carla Verônica Machado Marques,Mulher,Carlo Emmanoel Tolla de Oliveira,Homem,WIT
Carla Verônica Machado Marques,Mulher,Claudia Lage Rebello da Motta,Mulher,WIT
Carla Verônica Machado Marques,Mulher,Raquel Moreira Machado Fernandes,Mulher,WIT
Carlo Emmanoel Tolla de Oliveira,Homem,Claudia Lage Rebello da Motta,Mulher,WIT
Carlo Emmanoel Tolla de Oliveira,Homem,Raquel Moreira Machado Fernandes,Mulher,WIT
Claudia Lage Rebello da Motta,Mulher,Raquel Moreira Machado Fernandes,Mulher,WIT
Libério Silva,Homem,Sanderson Gonzaga de Oliveira,Homem,SEMISH
Caio Flexa,Homem,Sergio Viademonte,Homem,WPerformance
Caio Flexa,Homem,Walisson Gomes,Homem,WPerformance
Sergio Viademonte,Homem,Walisson Gomes,Homem,WPerformance
Cecília Lescano Osório,Mulher,Edna Ayako Hoshino,Mulher,ETC
Bruno César Vani,Homem,César Silva,Homem,ENCompIF
Bruno César Vani,Homem,Jessica Viana,Mulher,ENCompIF
Bruno César Vani,Homem,Melissa Zanatta,Mulher,ENCompIF
César Silva,Homem,Jessica Viana,Mulher,ENCompIF
César Silva,Homem,Melissa Zanatta,Mulher,ENCompIF
Jessica Viana,Mulher,Melissa Zanatta,Mulher,ENCompIF
André Oliveira,Homem,Fernanda Campos,Mulher,SEMISH
André Oliveira,Homem,Lucas Bressan,Homem,SEMISH
André Oliveira,Homem,Regina Braga,Mulher,SEMISH
Fernanda Campos,Mulher,Lucas Bressan,Homem,SEMISH
Fernanda Campos,Mulher,Regina Braga,Mulher,SEMISH
Lucas Bressan,Homem,Regina Braga,Mulher,SEMISH
Jorge Barbosa,Homem,Rodrigo Bavaresco,Homem,SBCUP
Luiza S. Pontello,Mulher,Mário W. Pereira,Homem,WEI
Carlos A. Silva,Homem,Gabriel A. D. Miranda,Homem,ENCompIF
Carlos A. Silva,Homem,Gustavo Y. S. Azevedo,Homem,ENCompIF
Carlos A. Silva,Homem,Lillia S. B. Silva,Mulher,ENCompIF
Carlos A. Silva,Homem,Matheus S. Garofolo,Homem,ENCompIF
Gabriel A. D. Miranda,Homem,Gustavo Y. S. Azevedo,Homem,ENCompIF
Gabriel A. D. Miranda,Homem,Lillia S. B. Silva,Mulher,ENCompIF
Gabriel A. D. Miranda,Homem,Matheus S. Garofolo,Homem,ENCompIF
Gustavo Y. S. Azevedo,Homem,Lillia S. B. Silva,Mulher,ENCompIF
Gustavo Y. S. Azevedo,Homem,Matheus S. Garofolo,Homem,ENCompIF
Lillia S. B. Silva,Mulher,Matheus S. Garofolo,Homem,ENCompIF
Fabíola Pantoja O. Araújo,Mulher,Rebeca Hilda Furtado Costa,Mulher,WIT
Fabíola Pantoja O. Araújo,Mulher,Sara das Mercês Silva,Mulher,WIT
Rebeca Hilda Furtado Costa,Mulher,Sara das Mercês Silva,Mulher,WIT
Andreu Carminati,Homem,Bruno Dourado Miranda,Homem,WPerformance
Andreu Carminati,Homem,Romulo Silva de Oliveira,Homem,WPerformance
Bruno Dourado Miranda,Homem,Romulo Silva de Oliveira,Homem,WPerformance
Alex Vieira,Homem,Francisco Airton Silva,Homem,WPerformance
Alex Vieira,Homem,Glauber Dias Gonçalves,Homem,WPerformance
Alex Vieira,Homem,Jussara Almeida,Mulher,WPerformance
Alex Vieira,Homem,Samuel de Oliveira Ribeiro,Homem,WPerformance
Francisco Airton Silva,Homem,Glauber Dias Gonçalves,Homem,WPerformance
Francisco Airton Silva,Homem,Jussara Almeida,Mulher,WPerformance
Francisco Airton Silva,Homem,Samuel de Oliveira Ribeiro,Homem,WPerformance
Glauber Dias Gonçalves,Homem,Jussara Almeida,Mulher,WPerformance
Glauber Dias Gonçalves,Homem,Samuel de Oliveira Ribeiro,Homem,WPerformance
Jussara Almeida,Mulher,Samuel de Oliveira Ribeiro,Homem,WPerformance
Beatriz A. de Miranda,Mulher,Ivyna R. S. Alves,Mulher,WIT
Beatriz A. de Miranda,Mulher,Lívia M. R. S. Campos,Mulher,WIT
Beatriz A. de Miranda,Mulher,Marcella M. S. C. de Almeida,Mulher,WIT
Ivyna R. S. Alves,Mulher,Lívia M. R. S. Campos,Mulher,WIT
Ivyna R. S. Alves,Mulher,Marcella M. S. C. de Almeida,Mulher,WIT
Lívia M. R. S. Campos,Mulher,Marcella M. S. C. de Almeida,Mulher,WIT
Carolina Aguilar,Mulher,Gisele Marinho,Mulher,WIT
Carolina Aguilar,Mulher,Simone Fagundes,Mulher,WIT
Gisele Marinho,Mulher,Simone Fagundes,Mulher,WIT
Inácio G. Medeiros,Homem,Soraya R. S. Medeiros,Mulher,WIT
Anelise Lemke Kologeski,Mulher,Natália Bernardo Nunes,Mulher,ENCompIF
André Pereira,Homem,Eduardo Souto,Homem,WEI
André Pereira,Homem,Leandro Carvalho,Homem,WEI
Eduardo Souto,Homem,Leandro Carvalho,Homem,WEI
Hugo Kuribayashi,Homem,Isaac Barros,Homem,WPerformance
Hugo Kuribayashi,Homem,João Barbosa,Homem,WPerformance
Hugo Kuribayashi,Homem,João Carmona,Homem,WPerformance
Hugo Kuribayashi,Homem,Warley Junior,Homem,WPerformance
Hugo Kuribayashi,Homem,Wendel Serra,Homem,WPerformance
Isaac Barros,Homem,João Barbosa,Homem,WPerformance
Isaac Barros,Homem,João Carmona,Homem,WPerformance
Isaac Barros,Homem,Warley Junior,Homem,WPerformance
Isaac Barros,Homem,Wendel Serra,Homem,WPerformance
João Barbosa,Homem,João Carmona,Homem,WPerformance
João Barbosa,Homem,Warley Junior,Homem,WPerformance
João Barbosa,Homem,Wendel Serra,Homem,WPerformance
João Carmona,Homem,Warley Junior,Homem,WPerformance
João Carmona,Homem,Wendel Serra,Homem,WPerformance
Warley Junior,Homem,Wendel Serra,Homem,WPerformance
Edson Midorikawa,Homem,Felipe V. de Almeida,Homem,WPerformance
Edson Midorikawa,Homem,Liria M. Sato,Mulher,WPerformance
Edson Midorikawa,Homem,Tatiana T. Torres,Mulher,WPerformance
Felipe V. de Almeida,Homem,Liria M. Sato,Mulher,WPerformance
Felipe V. de Almeida,Homem,Tatiana T. Torres,Mulher,WPerformance
Liria M. Sato,Mulher,Tatiana T. Torres,Mulher,WPerformance
Daniel Menasch,Homem,Leandro P. de Aguiar,Homem,WPerformance
Daniel Menasch,Homem,Matheus Martins,Homem,WPerformance
Daniel Menasch,Homem,Miguel A. Bicudo,Homem,WPerformance
Leandro P. de Aguiar,Homem,Matheus Martins,Homem,WPerformance
Leandro P. de Aguiar,Homem,Miguel A. Bicudo,Homem,WPerformance
Matheus Martins,Homem,Miguel A. Bicudo,Homem,WPerformance
Diego Carvalho,Homem,Leonardo Rocha,Homem,CTIC
Diego Carvalho,Homem,Nícollas Silva,Homem,CTIC
Diego Carvalho,Homem,Tiago Trotta,Homem,CTIC
Leonardo Rocha,Homem,Nícollas Silva,Homem,CTIC
Leonardo Rocha,Homem,Tiago Trotta,Homem,CTIC
Nícollas Silva,Homem,Tiago Trotta,Homem,CTIC
Alan Xavier,Homem,Denis Carvalho,Homem,ENCompIF
Alan Xavier,Homem,Fábio Martins,Homem,ENCompIF
Alan Xavier,Homem,Ricardo Pimentel,Homem,ENCompIF
Denis Carvalho,Homem,Fábio Martins,Homem,ENCompIF
Denis Carvalho,Homem,Ricardo Pimentel,Homem,ENCompIF
Fábio Martins,Homem,Ricardo Pimentel,Homem,ENCompIF
Adenauer Yamin,Homem,Bruno Mota,Homem,SBCUP
Adenauer Yamin,Homem,Jorge Barbosa,Homem,SBCUP
Adenauer Yamin,Homem,João Tavares,Homem,SBCUP
Adenauer Yamin,Homem,Rodrigo Real,Homem,SBCUP
Bruno Mota,Homem,Jorge Barbosa,Homem,SBCUP
Bruno Mota,Homem,João Tavares,Homem,SBCUP
Bruno Mota,Homem,Rodrigo Real,Homem,SBCUP
Jorge Barbosa,Homem,João Tavares,Homem,SBCUP
Jorge Barbosa,Homem,Rodrigo Real,Homem,SBCUP
João Tavares,Homem,Rodrigo Real,Homem,SBCUP
Glácio S. Araújo,Homem,Joel J. P. C. Rodrigues,Homem,SBCUP
Glácio S. Araújo,Homem,Mário W. L. Moreira,Homem,SBCUP
Glácio S. Araújo,Homem,Rhayane S. Monteiro,Mulher,SBCUP
Glácio S. Araújo,Homem,Victor Hugo C. de Albuquerque,Homem,SBCUP
Joel J. P. C. Rodrigues,Homem,Mário W. L. Moreira,Homem,SBCUP
Joel J. P. C. Rodrigues,Homem,Rhayane S. Monteiro,Mulher,SBCUP
Joel J. P. C. Rodrigues,Homem,Victor Hugo C. de Albuquerque,Homem,SBCUP
Mário W. L. Moreira,Homem,Rhayane S. Monteiro,Mulher,SBCUP
Mário W. L. Moreira,Homem,Victor Hugo C. de Albuquerque,Homem,SBCUP
Rhayane S. Monteiro,Mulher,Victor Hugo C. de Albuquerque,Homem,SBCUP
Douglas Cordeiro,Homem,Maicon Lima,Homem,ETC
Douglas Cordeiro,Homem,Melque Henrique Castro,Homem,ETC
Douglas Cordeiro,Homem,Nubia Rosa da Silva,Mulher,ETC
Douglas Cordeiro,Homem,Thiago Leite,Homem,ETC
Maicon Lima,Homem,Melque Henrique Castro,Homem,ETC
Maicon Lima,Homem,Nubia Rosa da Silva,Mulher,ETC
Maicon Lima,Homem,Thiago Leite,Homem,ETC
Melque Henrique Castro,Homem,Nubia Rosa da Silva,Mulher,ETC
Melque Henrique Castro,Homem,Thiago Leite,Homem,ETC
Nubia Rosa da Silva,Mulher,Thiago Leite,Homem,ETC
Anderson Passos de Aragão,Homem,João Victor da Costa,Homem,ENCompIF
Eduardo C. Almeida,Homem,Erick Takeshi Moraes,Homem,SEMISH
Eduardo C. Almeida,Homem,Larissa Mukuno,Mulher,SEMISH
Eduardo C. Almeida,Homem,Rafael Mansur Haddad,Homem,SEMISH
Erick Takeshi Moraes,Homem,Larissa Mukuno,Mulher,SEMISH
Erick Takeshi Moraes,Homem,Rafael Mansur Haddad,Homem,SEMISH
Larissa Mukuno,Mulher,Rafael Mansur Haddad,Homem,SEMISH
Manuel Iori,Homem,Vítor Gomes Chagas,Homem,ETC
Hiran Ferreira,Homem,Tiago Cherchiglia,Homem,ENCompIF
Hiran Ferreira,Homem,Vinícius Alves Silva,Homem,ENCompIF
Tiago Cherchiglia,Homem,Vinícius Alves Silva,Homem,ENCompIF
Rosiane Freitas,Mulher,Simone Gama,Mulher,ETC
Rosiane Freitas,Mulher,Ueverton Souza,Homem,ETC
Simone Gama,Mulher,Ueverton Souza,Homem,ETC
Allan Veras,Homem,Bruno Merlin,Homem,WEI
Allan Veras,Homem,Heleno Fülber,Homem,WEI
Allan Veras,Homem,João Ferreira,Homem,WEI
Allan Veras,Homem,Leonardo Zamprogno,Homem,WEI
Bruno Merlin,Homem,Heleno Fülber,Homem,WEI
Bruno Merlin,Homem,João Ferreira,Homem,WEI
Bruno Merlin,Homem,Leonardo Zamprogno,Homem,WEI
Heleno Fülber,Homem,João Ferreira,Homem,WEI
Heleno Fülber,Homem,Leonardo Zamprogno,Homem,WEI
João Ferreira,Homem,Leonardo Zamprogno,Homem,WEI
Fernando Magno Quintão Pereira,Homem,Gleison Souza Diniz Mendonça,Homem,CTD
Christiane G. von Wangenheim,Mulher,Matheus A. Pereira,Homem,WEI
Christiane G. von Wangenheim,Mulher,Nathalia da Cruz Alves,Mulher,WEI
Matheus A. Pereira,Homem,Nathalia da Cruz Alves,Mulher,WEI
Claudomiro Sales,Homem,Reginaldo Santos,Homem,WEI
Claudomiro Sales,Homem,Renan Cunha,Homem,WEI
Reginaldo Santos,Homem,Renan Cunha,Homem,WEI
Eloi Favero,Homem,João Santos,Homem,WEI
Felipe A. L. Soares,Homem,Henrique C. Freitas,Homem,WPerformance
Felipe A. L. Soares,Homem,Humberto T. Marques-Neto,Homem,WPerformance
Felipe A. L. Soares,Homem,Tiago B. Silveira,Homem,WPerformance
Henrique C. Freitas,Homem,Humberto T. Marques-Neto,Homem,WPerformance
Henrique C. Freitas,Homem,Tiago B. Silveira,Homem,WPerformance
Humberto T. Marques-Neto,Homem,Tiago B. Silveira,Homem,WPerformance
Larissa F. S. Britto,Mulher,Luciano D. S. Pacífico,Homem,CTIC
Larissa F. S. Britto,Mulher,Teresa B. Ludermir,Mulher,CTIC
Luciano D. S. Pacífico,Homem,Teresa B. Ludermir,Mulher,CTIC
Alessandra Martins Coelho,Mulher,Luiza Rosa de Moura,Mulher,ENCompIF
Alessandra Martins Coelho,Mulher,Matheus de Freitas Oliveira Baffa,Homem,ENCompIF
Luiza Rosa de Moura,Mulher,Matheus de Freitas Oliveira Baffa,Homem,ENCompIF
David Menotti,Homem,Rayson Laroca,Homem,CTD
Lucas Moreira e Silva Alves,Homem,Marcos Henrique Alves da Silva,Homem,SEMISH
Lucas Moreira e Silva Alves,Homem,Rostand Edson Oliveira Costa,Homem,SEMISH
Lucas Moreira e Silva Alves,Homem,Samuel de Moura Moreira,Homem,SEMISH
Lucas Moreira e Silva Alves,Homem,Tiago Maritan Ugulino de Araújo,Homem,SEMISH
Marcos Henrique Alves da Silva,Homem,Rostand Edson Oliveira Costa,Homem,SEMISH
Marcos Henrique Alves da Silva,Homem,Samuel de Moura Moreira,Homem,SEMISH
Marcos Henrique Alves da Silva,Homem,Tiago Maritan Ugulino de Araújo,Homem,SEMISH
Rostand Edson Oliveira Costa,Homem,Samuel de Moura Moreira,Homem,SEMISH
Rostand Edson Oliveira Costa,Homem,Tiago Maritan Ugulino de Araújo,Homem,SEMISH
Samuel de Moura Moreira,Homem,Tiago Maritan Ugulino de Araújo,Homem,SEMISH
Carlos Brito,Homem,Francisco Airton Silva,Homem,WPerformance
Carlos Brito,Homem,Guto Leoni,Homem,WPerformance
Carlos Brito,Homem,Iure Fé,Homem,WPerformance
Carlos Brito,Homem,Laécio Rodrigues,Homem,WPerformance
Francisco Airton Silva,Homem,Guto Leoni,Homem,WPerformance
Francisco Airton Silva,Homem,Iure Fé,Homem,WPerformance
Francisco Airton Silva,Homem,Laécio Rodrigues,Homem,WPerformance
Guto Leoni,Homem,Iure Fé,Homem,WPerformance
Guto Leoni,Homem,Laécio Rodrigues,Homem,WPerformance
Iure Fé,Homem,Laécio Rodrigues,Homem,WPerformance
Brena Santos,Mulher,Daniel Carvalho,Homem,WPerformance
Brena Santos,Mulher,Francisco Airton Silva,Homem,WPerformance
Brena Santos,Mulher,Iure Fé,Homem,WPerformance
Daniel Carvalho,Homem,Francisco Airton Silva,Homem,WPerformance
Daniel Carvalho,Homem,Iure Fé,Homem,WPerformance
Francisco Airton Silva,Homem,Iure Fé,Homem,WPerformance
Francisco Airton Silva,Homem,Paulo Henrique Rocha,Homem,WPerformance
Cesar A. C. Marcondes,Homem,Diego F. Pedroso,Homem,WPerformance
Cesar A. C. Marcondes,Homem,Emerson R. A. Barea,Homem,WPerformance
Cesar A. C. Marcondes,Homem,Hermes Senger,Homem,WPerformance
Diego F. Pedroso,Homem,Emerson R. A. Barea,Homem,WPerformance
Diego F. Pedroso,Homem,Hermes Senger,Homem,WPerformance
Emerson R. A. Barea,Homem,Hermes Senger,Homem,WPerformance
Alex B. Vieira,Homem,Edelberto Franco,Homem,WPerformance
Alex B. Vieira,Homem,Frederico O. Sales,Homem,WPerformance
Edelberto Franco,Homem,Frederico O. Sales,Homem,WPerformance
Giorgia O. Mattos,Mulher,Josilene A. Moreira,Mulher,WIT
Giorgia O. Mattos,Mulher,Laura L. A. O. Campos,Mulher,WIT
Giorgia O. Mattos,Mulher,Luyza E. D. Nascimento,Mulher,WIT
Giorgia O. Mattos,Mulher,Maria L. M. Calixto,Mulher,WIT
Giorgia O. Mattos,Mulher,Tiago E. S. Araujo,Homem,WIT
Giorgia O. Mattos,Mulher,Vanessa G. L. Pessoa,Mulher,WIT
Josilene A. Moreira,Mulher,Laura L. A. O. Campos,Mulher,WIT
Josilene A. Moreira,Mulher,Luyza E. D. Nascimento,Mulher,WIT
Josilene A. Moreira,Mulher,Maria L. M. Calixto,Mulher,WIT
Josilene A. Moreira,Mulher,Tiago E. S. Araujo,Homem,WIT
Josilene A. Moreira,Mulher,Vanessa G. L. Pessoa,Mulher,WIT
Laura L. A. O. Campos,Mulher,Luyza E. D. Nascimento,Mulher,WIT
Laura L. A. O. Campos,Mulher,Maria L. M. Calixto,Mulher,WIT
Laura L. A. O. Campos,Mulher,Tiago E. S. Araujo,Homem,WIT
Laura L. A. O. Campos,Mulher,Vanessa G. L. Pessoa,Mulher,WIT
Luyza E. D. Nascimento,Mulher,Maria L. M. Calixto,Mulher,WIT
Luyza E. D. Nascimento,Mulher,Tiago E. S. Araujo,Homem,WIT
Luyza E. D. Nascimento,Mulher,Vanessa G. L. Pessoa,Mulher,WIT
Maria L. M. Calixto,Mulher,Tiago E. S. Araujo,Homem,WIT
Maria L. M. Calixto,Mulher,Vanessa G. L. Pessoa,Mulher,WIT
Tiago E. S. Araujo,Homem,Vanessa G. L. Pessoa,Mulher,WIT
Carlo Rodrigues,Homem,Vladimir Rocha,Homem,WPerformance
Matheus Guedes,Homem,Vinicius F. dos Santos,Homem,ETC
Maria Dayane Almeida Araújo,Mulher,Rhyan Ximenes de Brito,Homem,ENCompIF
Aleteia P. F. Araujo,Mulher,Ana Júlia L. Briceño,Mulher,WIT
Aleteia P. F. Araujo,Mulher,Ana Sofia S. Silvestre,Mulher,WIT
Aleteia P. F. Araujo,Mulher,Bianca P. Castro,Mulher,WIT
Aleteia P. F. Araujo,Mulher,Carla Cavalcante Koike,Mulher,WIT
Aleteia P. F. Araujo,Mulher,Carla D. Castanho,Mulher,WIT
Aleteia P. F. Araujo,Mulher,Maristela Holanda,Mulher,WIT
Aleteia P. F. Araujo,Mulher,Roberta B. Oliveira,Mulher,WIT
Aleteia P. F. Araujo,Mulher,Tais A. Oliveira,Mulher,WIT
Aleteia P. F. Araujo,Mulher,Thamires P. Silva,Mulher,WIT
Ana Júlia L. Briceño,Mulher,Ana Sofia S. Silvestre,Mulher,WIT
Ana Júlia L. Briceño,Mulher,Bianca P. Castro,Mulher,WIT
Ana Júlia L. Briceño,Mulher,Carla Cavalcante Koike,Mulher,WIT
Ana Júlia L. Briceño,Mulher,Carla D. Castanho,Mulher,WIT
Ana Júlia L. Briceño,Mulher,Maristela Holanda,Mulher,WIT
Ana Júlia L. Briceño,Mulher,Roberta B. Oliveira,Mulher,WIT
Ana Júlia L. Briceño,Mulher,Tais A. Oliveira,Mulher,WIT
Ana Júlia L. Briceño,Mulher,Thamires P. Silva,Mulher,WIT
Ana Sofia S. Silvestre,Mulher,Bianca P. Castro,Mulher,WIT
Ana Sofia S. Silvestre,Mulher,Carla Cavalcante Koike,Mulher,WIT
Ana Sofia S. Silvestre,Mulher,Carla D. Castanho,Mulher,WIT
Ana Sofia S. Silvestre,Mulher,Maristela Holanda,Mulher,WIT
Ana Sofia S. Silvestre,Mulher,Roberta B. Oliveira,Mulher,WIT
Ana Sofia S. Silvestre,Mulher,Tais A. Oliveira,Mulher,WIT
Ana Sofia S. Silvestre,Mulher,Thamires P. Silva,Mulher,WIT
Bianca P. Castro,Mulher,Carla Cavalcante Koike,Mulher,WIT
Bianca P. Castro,Mulher,Carla D. Castanho,Mulher,WIT
Bianca P. Castro,Mulher,Maristela Holanda,Mulher,WIT
Bianca P. Castro,Mulher,Roberta B. Oliveira,Mulher,WIT
Bianca P. Castro,Mulher,Tais A. Oliveira,Mulher,WIT
Bianca P. Castro,Mulher,Thamires P. Silva,Mulher,WIT
Carla Cavalcante Koike,Mulher,Carla D. Castanho,Mulher,WIT
Carla Cavalcante Koike,Mulher,Maristela Holanda,Mulher,WIT
Carla Cavalcante Koike,Mulher,Roberta B. Oliveira,Mulher,WIT
Carla Cavalcante Koike,Mulher,Tais A. Oliveira,Mulher,WIT
Carla Cavalcante Koike,Mulher,Thamires P. Silva,Mulher,WIT
Carla D. Castanho,Mulher,Maristela Holanda,Mulher,WIT
Carla D. Castanho,Mulher,Roberta B. Oliveira,Mulher,WIT
Carla D. Castanho,Mulher,Tais A. Oliveira,Mulher,WIT
Carla D. Castanho,Mulher,Thamires P. Silva,Mulher,WIT
Maristela Holanda,Mulher,Roberta B. Oliveira,Mulher,WIT
Maristela Holanda,Mulher,Tais A. Oliveira,Mulher,WIT
Maristela Holanda,Mulher,Thamires P. Silva,Mulher,WIT
Roberta B. Oliveira,Mulher,Tais A. Oliveira,Mulher,WIT
Roberta B. Oliveira,Mulher,Thamires P. Silva,Mulher,WIT
Tais A. Oliveira,Mulher,Thamires P. Silva,Mulher,WIT
Filipe Arantes Fernandes,Homem,Loham Santos da Silva,Homem,WEI
Filipe Arantes Fernandes,Homem,Otacílio José Pereira,Homem,WEI
Filipe Arantes Fernandes,Homem,Rossini Pena Abrantes,Homem,WEI
Loham Santos da Silva,Homem,Otacílio José Pereira,Homem,WEI
Loham Santos da Silva,Homem,Rossini Pena Abrantes,Homem,WEI
Otacílio José Pereira,Homem,Rossini Pena Abrantes,Homem,WEI
Leonardo Gargano,Homem,Lucas Couto,Homem,WASHES
Leonardo Gargano,Homem,Marcelo Fornazin,Homem,WASHES
Lucas Couto,Homem,Marcelo Fornazin,Homem,WASHES
Carmen Vera Scorsatto Brezolin,Mulher,Milene Selbach Silveira,Mulher,WEI
Eduardo F. Nakamura,Homem,Fabíola G. Nakamura,Mulher,SEMISH
Eduardo F. Nakamura,Homem,João Reis,Homem,SEMISH
Fabíola G. Nakamura,Mulher,João Reis,Homem,SEMISH
Maria Andréia Formico Rodrigues,Mulher,Ygor Rebouças Serpa,Homem,CTD
Ana Bacelo,Mulher,Cristina Nunes,Mulher,WIT
Ana Bacelo,Mulher,Milene Silveira,Mulher,WIT
Cristina Nunes,Mulher,Milene Silveira,Mulher,WIT
Laura Sánchez García,Mulher,Ludmilla Fernandes Oliveira Galvão,Mulher,WEI
Laura Sánchez García,Mulher,Tanya Amara Felipe,Mulher,WEI
Ludmilla Fernandes Oliveira Galvão,Mulher,Tanya Amara Felipe,Mulher,WEI
Braz Araujo da Silva Junior,Homem,Luciana Foss,Mulher,WEI
Braz Araujo da Silva Junior,Homem,Simone André da Costa Cavalheiro,Mulher,WEI
Luciana Foss,Mulher,Simone André da Costa Cavalheiro,Mulher,WEI
Daniel Figueiredo,Homem,Rafael G. Damasceno,Homem,WPerformance
Andreia Gentil Bonfante,Mulher,Claudia Aparecida Martins,Mulher,SEMISH
Andreia Gentil Bonfante,Mulher,Henrique Camacho Farias,Homem,SEMISH
Claudia Aparecida Martins,Mulher,Henrique Camacho Farias,Homem,SEMISH
Eduardo C. Almeida,Homem,Paulo R. L. de Almeida,Homem,SEMISH
Ana Karolina Maia,Mulher,Cláudia Linhares Sales,Mulher,ETC
Ana Karolina Maia,Mulher,Cláudio Carvalho,Homem,ETC
Ana Karolina Maia,Mulher,Jonas Costa,Homem,ETC
Ana Karolina Maia,Mulher,Nicolas Nisse,Homem,ETC
Ana Karolina Maia,Mulher,Raul Lopes,Homem,ETC
Cláudia Linhares Sales,Mulher,Cláudio Carvalho,Homem,ETC
Cláudia Linhares Sales,Mulher,Jonas Costa,Homem,ETC
Cláudia Linhares Sales,Mulher,Nicolas Nisse,Homem,ETC
Cláudia Linhares Sales,Mulher,Raul Lopes,Homem,ETC
Cláudio Carvalho,Homem,Jonas Costa,Homem,ETC
Cláudio Carvalho,Homem,Nicolas Nisse,Homem,ETC
Cláudio Carvalho,Homem,Raul Lopes,Homem,ETC
Jonas Costa,Homem,Nicolas Nisse,Homem,ETC
Jonas Costa,Homem,Raul Lopes,Homem,ETC
Nicolas Nisse,Homem,Raul Lopes,Homem,ETC
Daniel Figueiredo,Homem,Ronald Souza,Homem,WPerformance
Gustavo M. D. Vieira,Homem,William B. Mingardi,Homem,WPerformance
Daniel Ratton Figueiredo,Homem,Franklin de L. Marquezino,Homem,CTD
Daniel Ratton Figueiredo,Homem,Matheus Guedes de Andrade,Homem,CTD
Franklin de L. Marquezino,Homem,Matheus Guedes de Andrade,Homem,CTD
Amanda Vilas Boas Oliveira,Mulher,Felipe de Melo Santos,Homem,WIT
Amanda Vilas Boas Oliveira,Mulher,Guilherme Gonçalves da Silva,Homem,WIT
Amanda Vilas Boas Oliveira,Mulher,Lucas Almeida Silva,Homem,WIT
Amanda Vilas Boas Oliveira,Mulher,Queilane da Conceição Rocha,Mulher,WIT
Amanda Vilas Boas Oliveira,Mulher,Yasmin Solrac Ribeiro dos Santos,Mulher,WIT
Amanda Vilas Boas Oliveira,Mulher,Érica Pereira Machado,Mulher,WIT
Felipe de Melo Santos,Homem,Guilherme Gonçalves da Silva,Homem,WIT
Felipe de Melo Santos,Homem,Lucas Almeida Silva,Homem,WIT
Felipe de Melo Santos,Homem,Queilane da Conceição Rocha,Mulher,WIT
Felipe de Melo Santos,Homem,Yasmin Solrac Ribeiro dos Santos,Mulher,WIT
Felipe de Melo Santos,Homem,Érica Pereira Machado,Mulher,WIT
Guilherme Gonçalves da Silva,Homem,Lucas Almeida Silva,Homem,WIT
Guilherme Gonçalves da Silva,Homem,Queilane da Conceição Rocha,Mulher,WIT
Guilherme Gonçalves da Silva,Homem,Yasmin Solrac Ribeiro dos Santos,Mulher,WIT
Guilherme Gonçalves da Silva,Homem,Érica Pereira Machado,Mulher,WIT
Lucas Almeida Silva,Homem,Queilane da Conceição Rocha,Mulher,WIT
Lucas Almeida Silva,Homem,Yasmin Solrac Ribeiro dos Santos,Mulher,WIT
Lucas Almeida Silva,Homem,Érica Pereira Machado,Mulher,WIT
Queilane da Conceição Rocha,Mulher,Yasmin Solrac Ribeiro dos Santos,Mulher,WIT
Queilane da Conceição Rocha,Mulher,Érica Pereira Machado,Mulher,WIT
Yasmin Solrac Ribeiro dos Santos,Mulher,Érica Pereira Machado,Mulher,WIT
Acacia Terra,Mulher,Braulio Mello,Homem,SEMISH
Acacia Terra,Mulher,Edimar Roque Martello Junior,Homem,SEMISH
Acacia Terra,Mulher,Ricardo Parizotto,Homem,SEMISH
Braulio Mello,Homem,Edimar Roque Martello Junior,Homem,SEMISH
Braulio Mello,Homem,Ricardo Parizotto,Homem,SEMISH
Edimar Roque Martello Junior,Homem,Ricardo Parizotto,Homem,SEMISH
Christian Reis Fagundes Gomes,Homem,Felipe Augusto Resende Viegas,Homem,CTIC
Christian Reis Fagundes Gomes,Homem,Leonardo Chaves Dutra da Rocha,Homem,CTIC
Christian Reis Fagundes Gomes,Homem,Washington Luiz Miranda da Cunha,Homem,CTIC
Felipe Augusto Resende Viegas,Homem,Leonardo Chaves Dutra da Rocha,Homem,CTIC
Felipe Augusto Resende Viegas,Homem,Washington Luiz Miranda da Cunha,Homem,CTIC
Leonardo Chaves Dutra da Rocha,Homem,Washington Luiz Miranda da Cunha,Homem,CTIC
Carina T. de Oliveira,Mulher,Daniel Victor Saraiva,Homem,WEI
Carina T. de Oliveira,Mulher,Reinaldo B. Braga,Homem,WEI
Carina T. de Oliveira,Mulher,Silas S. L. Pereira,Homem,WEI
Daniel Victor Saraiva,Homem,Reinaldo B. Braga,Homem,WEI
Daniel Victor Saraiva,Homem,Silas S. L. Pereira,Homem,WEI
Reinaldo B. Braga,Homem,Silas S. L. Pereira,Homem,WEI
Bruno N. M. S. Conte,Homem,Roberto C. L. de Oliveira,Homem,SEMISH
Bruno N. M. S. Conte,Homem,Thiago N.M. S. Conte,Homem,SEMISH
Roberto C. L. de Oliveira,Homem,Thiago N.M. S. Conte,Homem,SEMISH
Javier Guillot Jiménez,Homem,Luiz André P. Paes Leme,Homem,SEMISH
Javier Guillot Jiménez,Homem,Marco A. Casanova,Homem,SEMISH
Luiz André P. Paes Leme,Homem,Marco A. Casanova,Homem,SEMISH
Ayla Rebouças,Mulher,Géssica Alves,Mulher,WEI
Edvar Afonso L. Filho,Homem,Miguel Elias M. Campista,Homem,WPerformance
Débora Guerra de S. Guinati,Mulher,Renata Luiza da Costa,Mulher,WIT
Débora Guerra de S. Guinati,Mulher,Stéfany de Castro Souza,Mulher,WIT
Renata Luiza da Costa,Mulher,Stéfany de Castro Souza,Mulher,WIT
Antônio Alberti,Homem,Cristiano A. da Costa,Homem,SBCUP
Antônio Alberti,Homem,Emiliano S. Monteiro,Homem,SBCUP
Antônio Alberti,Homem,Maria Eloisa Mignoni,Mulher,SBCUP
Antônio Alberti,Homem,Rafael Kunst,Homem,SBCUP
Antônio Alberti,Homem,Rodrigo R. Righi,Homem,SBCUP
Cristiano A. da Costa,Homem,Emiliano S. Monteiro,Homem,SBCUP
Cristiano A. da Costa,Homem,Maria Eloisa Mignoni,Mulher,SBCUP
Cristiano A. da Costa,Homem,Rafael Kunst,Homem,SBCUP
Cristiano A. da Costa,Homem,Rodrigo R. Righi,Homem,SBCUP
Emiliano S. Monteiro,Homem,Maria Eloisa Mignoni,Mulher,SBCUP
Emiliano S. Monteiro,Homem,Rafael Kunst,Homem,SBCUP
Emiliano S. Monteiro,Homem,Rodrigo R. Righi,Homem,SBCUP
Maria Eloisa Mignoni,Mulher,Rafael Kunst,Homem,SBCUP
Maria Eloisa Mignoni,Mulher,Rodrigo R. Righi,Homem,SBCUP
Rafael Kunst,Homem,Rodrigo R. Righi,Homem,SBCUP
Denis Rosário,Homem,Eduardo Cerqueira,Homem,SBCUP
Denis Rosário,Homem,Gilmar Moraes,Homem,SBCUP
Denis Rosário,Homem,Helder Oliveira,Homem,SBCUP
Eduardo Cerqueira,Homem,Gilmar Moraes,Homem,SBCUP
Eduardo Cerqueira,Homem,Helder Oliveira,Homem,SBCUP
Gilmar Moraes,Homem,Helder Oliveira,Homem,SBCUP
Bruno O. Goulart,Homem,Carolina Xavier,Mulher,ENCompIF
Bruno O. Goulart,Homem,João Gabriel R. Silva,Homem,ENCompIF
Bruno O. Goulart,Homem,Maria Júlia M. Schettini,Mulher,ENCompIF
Bruno O. Goulart,Homem,Samuel O. Silva,Homem,ENCompIF
Carolina Xavier,Mulher,João Gabriel R. Silva,Homem,ENCompIF
Carolina Xavier,Mulher,Maria Júlia M. Schettini,Mulher,ENCompIF
Carolina Xavier,Mulher,Samuel O. Silva,Homem,ENCompIF
João Gabriel R. Silva,Homem,Maria Júlia M. Schettini,Mulher,ENCompIF
João Gabriel R. Silva,Homem,Samuel O. Silva,Homem,ENCompIF
Maria Júlia M. Schettini,Mulher,Samuel O. Silva,Homem,ENCompIF
Cleyton Souza,Homem,Elaine Santos,Mulher,WEI
Cleyton Souza,Homem,Tamires Rocha,Mulher,WEI
Cleyton Souza,Homem,Vilson Júnior,Homem,WEI
Elaine Santos,Mulher,Tamires Rocha,Mulher,WEI
Elaine Santos,Mulher,Vilson Júnior,Homem,WEI
Tamires Rocha,Mulher,Vilson Júnior,Homem,WEI
Geber Lisboa Ramalho,Homem,Rodrigo Pessoa Medeiros,Homem,WEI
Geber Lisboa Ramalho,Homem,Taciana Pontual Falcão,Mulher,WEI
Rodrigo Pessoa Medeiros,Homem,Taciana Pontual Falcão,Mulher,WEI
Bruno de Carvalho Albertini,Homem,Vivian Kimie Isuyama,Mulher,WPerformance
Karin Komati,Mulher,Rosana Jesus,Mulher,ENCompIF
Karin Komati,Mulher,Sérgio Nery Simões,Homem,ENCompIF
Rosana Jesus,Mulher,Sérgio Nery Simões,Homem,ENCompIF
Jefferson Andrade,Homem,Jonathan R. da Silva,Homem,ENCompIF
Jefferson Andrade,Homem,Karin S. Komati,Mulher,ENCompIF
Jefferson Andrade,Homem,Leandro C. Resendo,Homem,ENCompIF
Jonathan R. da Silva,Homem,Karin S. Komati,Mulher,ENCompIF
Jonathan R. da Silva,Homem,Leandro C. Resendo,Homem,ENCompIF
Karin S. Komati,Mulher,Leandro C. Resendo,Homem,ENCompIF
Ana Paula Lüdtke Ferreira,Mulher,Márcia Maria Lucchese,Mulher,WIT
Arthur F. Ramos,Homem,Ruy J. G. B. de Queiroz,Homem,ETC
Cristiane Jorge L. Bonfim,Mulher,Luisa S. Ferreira,Mulher,ENCompIF
Cristiane Jorge L. Bonfim,Mulher,Sylvana Karla S. L. Santos,Mulher,ENCompIF
Luisa S. Ferreira,Mulher,Sylvana Karla S. L. Santos,Mulher,ENCompIF
Aline Silva De Bona,Mulher,Natália Bernardo Nunes,Mulher,ENCompIF
Adão Caron Cambraia,Homem,Lucas Tadeu Hinterholz,Homem,WEI
Adão Caron Cambraia,Homem,Wilk Oliveira,Homem,WEI
Lucas Tadeu Hinterholz,Homem,Wilk Oliveira,Homem,WEI
Bianca Santana,Mulher,Luis Araújo,Homem,WEI
Bianca Santana,Mulher,Roberto Bittencourt,Homem,WEI
Luis Araújo,Homem,Roberto Bittencourt,Homem,WEI
Emmerson S. Rita,Homem,Jucimar B. Souza,Homem,ENCompIF
Emmerson S. Rita,Homem,Marcelo C. Machado,Homem,ENCompIF
Emmerson S. Rita,Homem,Pedro Pequeno,Homem,ENCompIF
Jucimar B. Souza,Homem,Marcelo C. Machado,Homem,ENCompIF
Jucimar B. Souza,Homem,Pedro Pequeno,Homem,ENCompIF
Marcelo C. Machado,Homem,Pedro Pequeno,Homem,ENCompIF
Cristiana Bentes,Mulher,Lúcia Maria de A. Drummond,Mulher,CTD
Cristiana Bentes,Mulher,Pablo Carvalho,Homem,CTD
Lúcia Maria de A. Drummond,Mulher,Pablo Carvalho,Homem,CTD
Bruno P. Masquio,Homem,Jayme L. Szwarcfiter,Homem,ETC
Bruno P. Masquio,Homem,Paulo E. D. Pinto,Homem,ETC
Jayme L. Szwarcfiter,Homem,Paulo E. D. Pinto,Homem,ETC
Deógenes Silva Junior,Homem,Roberto Pereira,Homem,WASHES
Antônio Alberti,Homem,Karine Costa,Mulher,SBCUP
Antônio Alberti,Homem,Tibério Rezende,Homem,SBCUP
Antônio Alberti,Homem,Victor D'Ávila,Homem,SBCUP
Karine Costa,Mulher,Tibério Rezende,Homem,SBCUP
Karine Costa,Mulher,Victor D'Ávila,Homem,SBCUP
Tibério Rezende,Homem,Victor D'Ávila,Homem,SBCUP
Romulo Oliveira,Homem,Vitor Ponciano,Homem,ETC
Larissa F. S. Britto,Mulher,Luciano D. S. Pacífico,Homem,SEMISH
Larissa F. S. Britto,Mulher,Teresa B. Ludermir,Mulher,SEMISH
Luciano D. S. Pacífico,Homem,Teresa B. Ludermir,Mulher,SEMISH
Fernanda Pires,Mulher,Luiz Alencar,Homem,WEI
Fernanda Pires,Mulher,Marcela Pessoa,Mulher,WEI
Luiz Alencar,Homem,Marcela Pessoa,Mulher,WEI
Ligia Cristina Battezzati,Mulher,Mateus Santos,Homem,WIT
Ligia Cristina Battezzati,Mulher,Matheus Mattos de Almeida Cruz,Homem,WIT
Ligia Cristina Battezzati,Mulher,Rita C. G. Berardi,Mulher,WIT
Ligia Cristina Battezzati,Mulher,Sílvia Amélia Bim,Mulher,WIT
Mateus Santos,Homem,Matheus Mattos de Almeida Cruz,Homem,WIT
Mateus Santos,Homem,Rita C. G. Berardi,Mulher,WIT
Mateus Santos,Homem,Sílvia Amélia Bim,Mulher,WIT
Matheus Mattos de Almeida Cruz,Homem,Rita C. G. Berardi,Mulher,WIT
Matheus Mattos de Almeida Cruz,Homem,Sílvia Amélia Bim,Mulher,WIT
Rita C. G. Berardi,Mulher,Sílvia Amélia Bim,Mulher,WIT
Alexandre Rocha,Homem,Denis Rosário,Homem,SBCUP
Alexandre Rocha,Homem,Francisco da Ponte,Homem,SBCUP
Alexandre Rocha,Homem,Gabriel Galdino,Homem,SBCUP
Alexandre Rocha,Homem,Joaquim Celestino Jr,Homem,SBCUP
Alexandre Rocha,Homem,Rafael Gomes,Homem,SBCUP
Denis Rosário,Homem,Francisco da Ponte,Homem,SBCUP
Denis Rosário,Homem,Gabriel Galdino,Homem,SBCUP
Denis Rosário,Homem,Joaquim Celestino Jr,Homem,SBCUP
Denis Rosário,Homem,Rafael Gomes,Homem,SBCUP
Francisco da Ponte,Homem,Gabriel Galdino,Homem,SBCUP
Francisco da Ponte,Homem,Joaquim Celestino Jr,Homem,SBCUP
Francisco da Ponte,Homem,Rafael Gomes,Homem,SBCUP
Gabriel Galdino,Homem,Joaquim Celestino Jr,Homem,SBCUP
Gabriel Galdino,Homem,Rafael Gomes,Homem,SBCUP
Joaquim Celestino Jr,Homem,Rafael Gomes,Homem,SBCUP
Greice P. Dal Molin,Mulher,Nina N. Zahn,Mulher,SEMISH
Greice P. Dal Molin,Mulher,Soraia R. Musse,Mulher,SEMISH
Nina N. Zahn,Mulher,Soraia R. Musse,Mulher,SEMISH
Dorgival da Silva Pereira Netto,Homem,Francesco Pagani Galvão,Homem,ENCompIF
Dorgival da Silva Pereira Netto,Homem,Luiz Felipe de Souza Jimenez,Homem,ENCompIF
Dorgival da Silva Pereira Netto,Homem,Renan Augusto Monteiro Duarte,Homem,ENCompIF
Francesco Pagani Galvão,Homem,Luiz Felipe de Souza Jimenez,Homem,ENCompIF
Francesco Pagani Galvão,Homem,Renan Augusto Monteiro Duarte,Homem,ENCompIF
Luiz Felipe de Souza Jimenez,Homem,Renan Augusto Monteiro Duarte,Homem,ENCompIF
Eduardo P. M. Câmara Júnior,Homem,Luiz F. M. Vieira,Homem,CTD
Eduardo P. M. Câmara Júnior,Homem,Marcos A. M. Vieira,Homem,CTD
Luiz F. M. Vieira,Homem,Marcos A. M. Vieira,Homem,CTD
Andre Aquino,Homem,Israel Vasconcelos,Homem,CTIC
Daniel L. Ferrão,Homem,Heider Marconi G. Madureira,Homem,SEMISH
Daniel L. Ferrão,Homem,Marcos B. Hervé,Homem,SEMISH
Daniel L. Ferrão,Homem,Murilo P. Pessatti,Homem,SEMISH
Daniel L. Ferrão,Homem,Paulo A. Dal Fabbro,Homem,SEMISH
Heider Marconi G. Madureira,Homem,Marcos B. Hervé,Homem,SEMISH
Heider Marconi G. Madureira,Homem,Murilo P. Pessatti,Homem,SEMISH
Heider Marconi G. Madureira,Homem,Paulo A. Dal Fabbro,Homem,SEMISH
Marcos B. Hervé,Homem,Murilo P. Pessatti,Homem,SEMISH
Marcos B. Hervé,Homem,Paulo A. Dal Fabbro,Homem,SEMISH
Murilo P. Pessatti,Homem,Paulo A. Dal Fabbro,Homem,SEMISH
Carolinne Roque e Faria,Mulher,Maurilio Martins Campano Júnior,Homem,SEMISH
Arthur Artoni,Homem,Bruno Oliveira,Homem,SEMISH
Fábio Botler,Homem,Luiz Hoffmann,Homem,ETC
Ariana R. Cursino,Mulher,Juliana F. P. Martinez,Mulher,WIT
Claiton Correa,Homem,Daila Rita Becker Nunes,Mulher,ENCompIF
Claiton Correa,Homem,Luciéli Tolfo Beque Guerra,Mulher,ENCompIF
Daila Rita Becker Nunes,Mulher,Luciéli Tolfo Beque Guerra,Mulher,ENCompIF
Anna Beatriz Marques,Mulher,Lauana Maria C. de Oliveira,Mulher,WIT
Geovanna Evelyn Taype Espinoza,Mulher,Maria Cecilia Calani Baranauskas,Mulher,SEMISH
Aline Sousa,Mulher,Natasha Valentim,Mulher,WASHES
Adrisson Rodrigues,Homem,João Marcos Cavalcanti,Homem,SEMISH
Adrisson Rodrigues,Homem,Marcela Pessoa,Mulher,SEMISH
Adrisson Rodrigues,Homem,Robson Melo,Homem,SEMISH
Adrisson Rodrigues,Homem,Sergio Cleger,Homem,SEMISH
João Marcos Cavalcanti,Homem,Marcela Pessoa,Mulher,SEMISH
João Marcos Cavalcanti,Homem,Robson Melo,Homem,SEMISH
João Marcos Cavalcanti,Homem,Sergio Cleger,Homem,SEMISH
Marcela Pessoa,Mulher,Robson Melo,Homem,SEMISH
Marcela Pessoa,Mulher,Sergio Cleger,Homem,SEMISH
Robson Melo,Homem,Sergio Cleger,Homem,SEMISH
Fernanda Pires,Mulher,Karolayne Teixeira,Mulher,WEI
Fernanda Pires,Mulher,Marcela Pessoa,Mulher,WEI
Karolayne Teixeira,Mulher,Marcela Pessoa,Mulher,WEI
Herik S. Lorenção,Homem,Rafael V. M. Santos,Homem,ENCompIF
Amanda Lisboa Pereira,Mulher,Luis F. Pozas,Homem,ENCompIF
Erick T. A. Silva,Homem,Melise M. V. Paula,Mulher,SEMISH
Erick T. A. Silva,Homem,Rafael M. D.,Homem,SEMISH
Erick T. A. Silva,Homem,Vanessa C. O. Souza,Mulher,SEMISH
Melise M. V. Paula,Mulher,Rafael M. D.,Homem,SEMISH
Melise M. V. Paula,Mulher,Vanessa C. O. Souza,Mulher,SEMISH
Rafael M. D.,Homem,Vanessa C. O. Souza,Mulher,SEMISH
André Ferraz,Homem,Carlos Ferraz,Homem,SEMISH
Helio Pedrini,Homem,Marcos Roberto e Souza,Homem,CTD
André Peres,Homem,Fernanda Nunes Deitos,Mulher,ENCompIF
André Peres,Homem,Fábio Yoshimitsu Okuyama,Homem,ENCompIF
André Peres,Homem,Lilian Stavizki,Mulher,ENCompIF
André Peres,Homem,Marcelo Augusto Rauh Schimitt,Homem,ENCompIF
André Peres,Homem,Marlon Carvalho Mariano,Homem,ENCompIF
André Peres,Homem,Márcia Häfele Islabão Franco,Mulher,ENCompIF
André Peres,Homem,Silvia de Castro Bertagnolli,Mulher,ENCompIF
Fernanda Nunes Deitos,Mulher,Fábio Yoshimitsu Okuyama,Homem,ENCompIF
Fernanda Nunes Deitos,Mulher,Lilian Stavizki,Mulher,ENCompIF
Fernanda Nunes Deitos,Mulher,Marcelo Augusto Rauh Schimitt,Homem,ENCompIF
Fernanda Nunes Deitos,Mulher,Marlon Carvalho Mariano,Homem,ENCompIF
Fernanda Nunes Deitos,Mulher,Márcia Häfele Islabão Franco,Mulher,ENCompIF
Fernanda Nunes Deitos,Mulher,Silvia de Castro Bertagnolli,Mulher,ENCompIF
Fábio Yoshimitsu Okuyama,Homem,Lilian Stavizki,Mulher,ENCompIF
Fábio Yoshimitsu Okuyama,Homem,Marcelo Augusto Rauh Schimitt,Homem,ENCompIF
Fábio Yoshimitsu Okuyama,Homem,Marlon Carvalho Mariano,Homem,ENCompIF
Fábio Yoshimitsu Okuyama,Homem,Márcia Häfele Islabão Franco,Mulher,ENCompIF
Fábio Yoshimitsu Okuyama,Homem,Silvia de Castro Bertagnolli,Mulher,ENCompIF
Lilian Stavizki,Mulher,Marcelo Augusto Rauh Schimitt,Homem,ENCompIF
Lilian Stavizki,Mulher,Marlon Carvalho Mariano,Homem,ENCompIF
Lilian Stavizki,Mulher,Márcia Häfele Islabão Franco,Mulher,ENCompIF
Lilian Stavizki,Mulher,Silvia de Castro Bertagnolli,Mulher,ENCompIF
Marcelo Augusto Rauh Schimitt,Homem,Marlon Carvalho Mariano,Homem,ENCompIF
Marcelo Augusto Rauh Schimitt,Homem,Márcia Häfele Islabão Franco,Mulher,ENCompIF
Marcelo Augusto Rauh Schimitt,Homem,Silvia de Castro Bertagnolli,Mulher,ENCompIF
Marlon Carvalho Mariano,Homem,Márcia Häfele Islabão Franco,Mulher,ENCompIF
Marlon Carvalho Mariano,Homem,Silvia de Castro Bertagnolli,Mulher,ENCompIF
Márcia Häfele Islabão Franco,Mulher,Silvia de Castro Bertagnolli,Mulher,ENCompIF
Airton Zancanaro,Homem,Carla Grossl,Mulher,ENCompIF
Airton Zancanaro,Homem,Déborah Kosak Klagenberg,Mulher,ENCompIF
Airton Zancanaro,Homem,Kemely Kedny Pezzini,Mulher,ENCompIF
Airton Zancanaro,Homem,Letícia Hümmelgen,Mulher,ENCompIF
Airton Zancanaro,Homem,Nágila Cristina Hinckel,Mulher,ENCompIF
Airton Zancanaro,Homem,Thainá Schroeder Ribeiro,Mulher,ENCompIF
Carla Grossl,Mulher,Déborah Kosak Klagenberg,Mulher,ENCompIF
Carla Grossl,Mulher,Kemely Kedny Pezzini,Mulher,ENCompIF
Carla Grossl,Mulher,Letícia Hümmelgen,Mulher,ENCompIF
Carla Grossl,Mulher,Nágila Cristina Hinckel,Mulher,ENCompIF
Carla Grossl,Mulher,Thainá Schroeder Ribeiro,Mulher,ENCompIF
Déborah Kosak Klagenberg,Mulher,Kemely Kedny Pezzini,Mulher,ENCompIF
Déborah Kosak Klagenberg,Mulher,Letícia Hümmelgen,Mulher,ENCompIF
Déborah Kosak Klagenberg,Mulher,Nágila Cristina Hinckel,Mulher,ENCompIF
Déborah Kosak Klagenberg,Mulher,Thainá Schroeder Ribeiro,Mulher,ENCompIF
Kemely Kedny Pezzini,Mulher,Letícia Hümmelgen,Mulher,ENCompIF
Kemely Kedny Pezzini,Mulher,Nágila Cristina Hinckel,Mulher,ENCompIF
Kemely Kedny Pezzini,Mulher,Thainá Schroeder Ribeiro,Mulher,ENCompIF
Letícia Hümmelgen,Mulher,Nágila Cristina Hinckel,Mulher,ENCompIF
Letícia Hümmelgen,Mulher,Thainá Schroeder Ribeiro,Mulher,ENCompIF
Nágila Cristina Hinckel,Mulher,Thainá Schroeder Ribeiro,Mulher,ENCompIF
Cabral Lima,Homem,Daniel Menasch,Homem,WPerformance
Cabral Lima,Homem,Italo Cunha,Homem,WPerformance
Cabral Lima,Homem,Leandro P. de Aguiar,Homem,WPerformance
Daniel Menasch,Homem,Italo Cunha,Homem,WPerformance
Daniel Menasch,Homem,Leandro P. de Aguiar,Homem,WPerformance
Italo Cunha,Homem,Leandro P. de Aguiar,Homem,WPerformance
Renato Eubank de Almeida,Homem,Rodrigo Gabriel Galeano da Silva,Homem,ENCompIF
Bruno P. Masquio,Homem,Guilherme de C. M. Gomes,Homem,ETC
Bruno P. Masquio,Homem,Jayme L. Szwarcfiter,Homem,ETC
Bruno P. Masquio,Homem,Paulo E. D. Pinto,Homem,ETC
Bruno P. Masquio,Homem,Vinicius F. Santos,Homem,ETC
Guilherme de C. M. Gomes,Homem,Jayme L. Szwarcfiter,Homem,ETC
Guilherme de C. M. Gomes,Homem,Paulo E. D. Pinto,Homem,ETC
Guilherme de C. M. Gomes,Homem,Vinicius F. Santos,Homem,ETC
Jayme L. Szwarcfiter,Homem,Paulo E. D. Pinto,Homem,ETC
Jayme L. Szwarcfiter,Homem,Vinicius F. Santos,Homem,ETC
Paulo E. D. Pinto,Homem,Vinicius F. Santos,Homem,ETC
Eduardo Cunha de Almeida,Homem,Eduardo Henrique Monteiro Pena,Homem,CTD
Cristiano Maciel,Homem,Karen Ribeiro,Mulher,WIT
Diego P. Rubert,Homem,Fábio H. V. Martinez,Homem,CTD
Diego P. Rubert,Homem,Jens Stoye,Homem,CTD
Fábio H. V. Martinez,Homem,Jens Stoye,Homem,CTD
Ana Santos,Mulher,Elaine Oliveira,Mulher,WEI
Ana Santos,Mulher,Fabíola G. Nakamura,Mulher,WEI
Ana Santos,Mulher,Leandro Carvalho,Homem,WEI
Elaine Oliveira,Mulher,Fabíola G. Nakamura,Mulher,WEI
Elaine Oliveira,Mulher,Leandro Carvalho,Homem,WEI
Fabíola G. Nakamura,Mulher,Leandro Carvalho,Homem,WEI
Fabrício Pinto,Homem,Paulo Silva,Homem,WEI
Calebe Conceição,Homem,Carla Aquino,Mulher,ENCompIF
Calebe Conceição,Homem,Glederson Santos,Homem,ENCompIF
Calebe Conceição,Homem,Pedro Mietliki,Homem,ENCompIF
Carla Aquino,Mulher,Glederson Santos,Homem,ENCompIF
Carla Aquino,Mulher,Pedro Mietliki,Homem,ENCompIF
Glederson Santos,Homem,Pedro Mietliki,Homem,ENCompIF
Antônio Pinto,Homem,Ednara Pereira,Mulher,WEI
Antônio Pinto,Homem,Fernando Leite,Homem,WEI
Antônio Pinto,Homem,Gabriel Cardoso,Homem,WEI
Antônio Pinto,Homem,Geraldo Braz Junior,Homem,WEI
Antônio Pinto,Homem,Igor Estrela,Homem,WEI
Antônio Pinto,Homem,Luis Rivero,Homem,WEI
Ednara Pereira,Mulher,Fernando Leite,Homem,WEI
Ednara Pereira,Mulher,Gabriel Cardoso,Homem,WEI
Ednara Pereira,Mulher,Geraldo Braz Junior,Homem,WEI
Ednara Pereira,Mulher,Igor Estrela,Homem,WEI
Ednara Pereira,Mulher,Luis Rivero,Homem,WEI
Fernando Leite,Homem,Gabriel Cardoso,Homem,WEI
Fernando Leite,Homem,Geraldo Braz Junior,Homem,WEI
Fernando Leite,Homem,Igor Estrela,Homem,WEI
Fernando Leite,Homem,Luis Rivero,Homem,WEI
Gabriel Cardoso,Homem,Geraldo Braz Junior,Homem,WEI
Gabriel Cardoso,Homem,Igor Estrela,Homem,WEI
Gabriel Cardoso,Homem,Luis Rivero,Homem,WEI
Geraldo Braz Junior,Homem,Igor Estrela,Homem,WEI
Geraldo Braz Junior,Homem,Luis Rivero,Homem,WEI
Igor Estrela,Homem,Luis Rivero,Homem,WEI
Bruno Masquio,Homem,Jayme L. Szwarcfiter,Homem,ETC
Bruno Masquio,Homem,Paulo Pinto,Homem,ETC
Jayme L. Szwarcfiter,Homem,Paulo Pinto,Homem,ETC
Amanda de Oliveira Casagrande,Mulher,Caroline Reis Vieira Santos Rauta,Mulher,WIT
Amanda de Oliveira Casagrande,Mulher,Daniela Sbizera Justo,Mulher,WIT
Amanda de Oliveira Casagrande,Mulher,Rayana Prata Neves,Mulher,WIT
Caroline Reis Vieira Santos Rauta,Mulher,Daniela Sbizera Justo,Mulher,WIT
Caroline Reis Vieira Santos Rauta,Mulher,Rayana Prata Neves,Mulher,WIT
Daniela Sbizera Justo,Mulher,Rayana Prata Neves,Mulher,WIT
Denis Rosário,Homem,Eduardo Cerqueira,Homem,SBCUP
Denis Rosário,Homem,Felipe Araújo,Homem,SBCUP
Denis Rosário,Homem,Geam Pfeiff,Homem,SBCUP
Denis Rosário,Homem,Helder Oliveira,Homem,SBCUP
Eduardo Cerqueira,Homem,Felipe Araújo,Homem,SBCUP
Eduardo Cerqueira,Homem,Geam Pfeiff,Homem,SBCUP
Eduardo Cerqueira,Homem,Helder Oliveira,Homem,SBCUP
Felipe Araújo,Homem,Geam Pfeiff,Homem,SBCUP
Felipe Araújo,Homem,Helder Oliveira,Homem,SBCUP
Geam Pfeiff,Homem,Helder Oliveira,Homem,SBCUP
Benediel Gonçalves,Homem,Carlos Portela,Homem,WEI
Benediel Gonçalves,Homem,Elison Nascimento,Homem,WEI
Benediel Gonçalves,Homem,Enio Monteiro,Homem,WEI
Benediel Gonçalves,Homem,Sandra Oliveira,Homem,WEI
Carlos Portela,Homem,Elison Nascimento,Homem,WEI
Carlos Portela,Homem,Enio Monteiro,Homem,WEI
Carlos Portela,Homem,Sandra Oliveira,Homem,WEI
Elison Nascimento,Homem,Enio Monteiro,Homem,WEI
Elison Nascimento,Homem,Sandra Oliveira,Homem,WEI
Enio Monteiro,Homem,Sandra Oliveira,Homem,WEI
Emmerson Silva,Homem,Marcia Martins,Mulher,ENCompIF
Emmerson Silva,Homem,Miguel Oliveira,Homem,ENCompIF
Marcia Martins,Mulher,Miguel Oliveira,Homem,ENCompIF
Carlos Maurício Seródio Figueiredo,Homem,Luiz Carlos Silva de Araújo Filho,Homem,SBCUP
Elis Hernandes,Mulher,João Choma Neto,Homem,WEI
Elis Hernandes,Mulher,Leo Natan Paschoal,Homem,WEI
Elis Hernandes,Mulher,Simone R. S. Souza,Mulher,WEI
João Choma Neto,Homem,Leo Natan Paschoal,Homem,WEI
João Choma Neto,Homem,Simone R. S. Souza,Mulher,WEI
Leo Natan Paschoal,Homem,Simone R. S. Souza,Mulher,WEI
Ivan Machado,Homem,Joselito Mota Júnior,Homem,CTIC
Beatriz Becker,Mulher,Camila Laricchia,Mulher,WIT
Beatriz Becker,Mulher,Denise Siloto,Mulher,WIT
Beatriz Becker,Mulher,Elisa Rocha,Mulher,WIT
Beatriz Becker,Mulher,Flávia Villela,Mulher,WIT
Beatriz Becker,Mulher,Francisco Campos,Homem,WIT
Beatriz Becker,Mulher,Gabriel SantClair,Homem,WIT
Beatriz Becker,Mulher,Janaina Gomide,Mulher,WIT
Beatriz Becker,Mulher,Julia Godinho,Mulher,WIT
Beatriz Becker,Mulher,Júlia Marotti,Mulher,WIT
Beatriz Becker,Mulher,Laura Emmanuella de Oliveira,Mulher,WIT
Beatriz Becker,Mulher,Milena Estanislau,Mulher,WIT
Beatriz Becker,Mulher,Tabatta Martins,Mulher,WIT
Beatriz Becker,Mulher,Valeria Nunes Belmonte,Mulher,WIT
Camila Laricchia,Mulher,Denise Siloto,Mulher,WIT
Camila Laricchia,Mulher,Elisa Rocha,Mulher,WIT
Camila Laricchia,Mulher,Flávia Villela,Mulher,WIT
Camila Laricchia,Mulher,Francisco Campos,Homem,WIT
Camila Laricchia,Mulher,Gabriel SantClair,Homem,WIT
Camila Laricchia,Mulher,Janaina Gomide,Mulher,WIT
Camila Laricchia,Mulher,Julia Godinho,Mulher,WIT
Camila Laricchia,Mulher,Júlia Marotti,Mulher,WIT
Camila Laricchia,Mulher,Laura Emmanuella de Oliveira,Mulher,WIT
Camila Laricchia,Mulher,Milena Estanislau,Mulher,WIT
Camila Laricchia,Mulher,Tabatta Martins,Mulher,WIT
Camila Laricchia,Mulher,Valeria Nunes Belmonte,Mulher,WIT
Denise Siloto,Mulher,Elisa Rocha,Mulher,WIT
Denise Siloto,Mulher,Flávia Villela,Mulher,WIT
Denise Siloto,Mulher,Francisco Campos,Homem,WIT
Denise Siloto,Mulher,Gabriel SantClair,Homem,WIT
Denise Siloto,Mulher,Janaina Gomide,Mulher,WIT
Denise Siloto,Mulher,Julia Godinho,Mulher,WIT
Denise Siloto,Mulher,Júlia Marotti,Mulher,WIT
Denise Siloto,Mulher,Laura Emmanuella de Oliveira,Mulher,WIT
Denise Siloto,Mulher,Milena Estanislau,Mulher,WIT
Denise Siloto,Mulher,Tabatta Martins,Mulher,WIT
Denise Siloto,Mulher,Valeria Nunes Belmonte,Mulher,WIT
Elisa Rocha,Mulher,Flávia Villela,Mulher,WIT
Elisa Rocha,Mulher,Francisco Campos,Homem,WIT
Elisa Rocha,Mulher,Gabriel SantClair,Homem,WIT
Elisa Rocha,Mulher,Janaina Gomide,Mulher,WIT
Elisa Rocha,Mulher,Julia Godinho,Mulher,WIT
Elisa Rocha,Mulher,Júlia Marotti,Mulher,WIT
Elisa Rocha,Mulher,Laura Emmanuella de Oliveira,Mulher,WIT
Elisa Rocha,Mulher,Milena Estanislau,Mulher,WIT
Elisa Rocha,Mulher,Tabatta Martins,Mulher,WIT
Elisa Rocha,Mulher,Valeria Nunes Belmonte,Mulher,WIT
Flávia Villela,Mulher,Francisco Campos,Homem,WIT
Flávia Villela,Mulher,Gabriel SantClair,Homem,WIT
Flávia Villela,Mulher,Janaina Gomide,Mulher,WIT
Flávia Villela,Mulher,Julia Godinho,Mulher,WIT
Flávia Villela,Mulher,Júlia Marotti,Mulher,WIT
Flávia Villela,Mulher,Laura Emmanuella de Oliveira,Mulher,WIT
Flávia Villela,Mulher,Milena Estanislau,Mulher,WIT
Flávia Villela,Mulher,Tabatta Martins,Mulher,WIT
Flávia Villela,Mulher,Valeria Nunes Belmonte,Mulher,WIT
Francisco Campos,Homem,Gabriel SantClair,Homem,WIT
Francisco Campos,Homem,Janaina Gomide,Mulher,WIT
Francisco Campos,Homem,Julia Godinho,Mulher,WIT
Francisco Campos,Homem,Júlia Marotti,Mulher,WIT
Francisco Campos,Homem,Laura Emmanuella de Oliveira,Mulher,WIT
Francisco Campos,Homem,Milena Estanislau,Mulher,WIT
Francisco Campos,Homem,Tabatta Martins,Mulher,WIT
Francisco Campos,Homem,Valeria Nunes Belmonte,Mulher,WIT
Gabriel SantClair,Homem,Janaina Gomide,Mulher,WIT
Gabriel SantClair,Homem,Julia Godinho,Mulher,WIT
Gabriel SantClair,Homem,Júlia Marotti,Mulher,WIT
Gabriel SantClair,Homem,Laura Emmanuella de Oliveira,Mulher,WIT
Gabriel SantClair,Homem,Milena Estanislau,Mulher,WIT
Gabriel SantClair,Homem,Tabatta Martins,Mulher,WIT
Gabriel SantClair,Homem,Valeria Nunes Belmonte,Mulher,WIT
Janaina Gomide,Mulher,Julia Godinho,Mulher,WIT
Janaina Gomide,Mulher,Júlia Marotti,Mulher,WIT
Janaina Gomide,Mulher,Laura Emmanuella de Oliveira,Mulher,WIT
Janaina Gomide,Mulher,Milena Estanislau,Mulher,WIT
Janaina Gomide,Mulher,Tabatta Martins,Mulher,WIT
Janaina Gomide,Mulher,Valeria Nunes Belmonte,Mulher,WIT
Julia Godinho,Mulher,Júlia Marotti,Mulher,WIT
Julia Godinho,Mulher,Laura Emmanuella de Oliveira,Mulher,WIT
Julia Godinho,Mulher,Milena Estanislau,Mulher,WIT
Julia Godinho,Mulher,Tabatta Martins,Mulher,WIT
Julia Godinho,Mulher,Valeria Nunes Belmonte,Mulher,WIT
Júlia Marotti,Mulher,Laura Emmanuella de Oliveira,Mulher,WIT
Júlia Marotti,Mulher,Milena Estanislau,Mulher,WIT
Júlia Marotti,Mulher,Tabatta Martins,Mulher,WIT
Júlia Marotti,Mulher,Valeria Nunes Belmonte,Mulher,WIT
Laura Emmanuella de Oliveira,Mulher,Milena Estanislau,Mulher,WIT
Laura Emmanuella de Oliveira,Mulher,Tabatta Martins,Mulher,WIT
Laura Emmanuella de Oliveira,Mulher,Valeria Nunes Belmonte,Mulher,WIT
Milena Estanislau,Mulher,Tabatta Martins,Mulher,WIT
Milena Estanislau,Mulher,Valeria Nunes Belmonte,Mulher,WIT
Tabatta Martins,Mulher,Valeria Nunes Belmonte,Mulher,WIT
Bruno Zatt,Homem,Daniel M. Palomino,Homem,CTD
Bruno Zatt,Homem,Marcelo S. Porto,Homem,CTD
Bruno Zatt,Homem,Wagner I. Penny,Homem,CTD
Daniel M. Palomino,Homem,Marcelo S. Porto,Homem,CTD
Daniel M. Palomino,Homem,Wagner I. Penny,Homem,CTD
Marcelo S. Porto,Homem,Wagner I. Penny,Homem,CTD
Bruno Monteiro,Homem,Vinicius F. dos Santos,Homem,ETC
Emanuel Felipe Duarte,Homem,Josiane Rosa de Oliveira Gaia Pimenta,Mulher,SEMISH
Emanuel Felipe Duarte,Homem,Maria Cecilia Calani Baranauskas,Mulher,SEMISH
Josiane Rosa de Oliveira Gaia Pimenta,Mulher,Maria Cecilia Calani Baranauskas,Mulher,SEMISH
Carla M. D. S. Freitas,Mulher,Jorge A. Wagner Filho,Homem,CTD
Carla M. D. S. Freitas,Mulher,Luciana Nedel,Mulher,CTD
Jorge A. Wagner Filho,Homem,Luciana Nedel,Mulher,CTD
Aluizio Rocha,Homem,Arthur Souza,Homem,SBCUP
Aluizio Rocha,Homem,Dannylo Johnathan,Homem,SBCUP
Aluizio Rocha,Homem,Mário Melo,Homem,SBCUP
Aluizio Rocha,Homem,Rafael Queiroz,Homem,SBCUP
Arthur Souza,Homem,Dannylo Johnathan,Homem,SBCUP
Arthur Souza,Homem,Mário Melo,Homem,SBCUP
Arthur Souza,Homem,Rafael Queiroz,Homem,SBCUP
Dannylo Johnathan,Homem,Mário Melo,Homem,SBCUP
Dannylo Johnathan,Homem,Rafael Queiroz,Homem,SBCUP
Mário Melo,Homem,Rafael Queiroz,Homem,SBCUP
Alex Barradas Filho,Homem,Allan K. Barros,Homem,WEI
Alex Barradas Filho,Homem,Davi Viana,Homem,WEI
Alex Barradas Filho,Homem,João B. Bottentuit Junior,Homem,WEI
Alex Barradas Filho,Homem,Luis Rivero,Homem,WEI
Allan K. Barros,Homem,Davi Viana,Homem,WEI
Allan K. Barros,Homem,João B. Bottentuit Junior,Homem,WEI
Allan K. Barros,Homem,Luis Rivero,Homem,WEI
Davi Viana,Homem,João B. Bottentuit Junior,Homem,WEI
Davi Viana,Homem,Luis Rivero,Homem,WEI
João B. Bottentuit Junior,Homem,Luis Rivero,Homem,WEI
Andre Aquino,Homem,Maurício Silva,Homem,SBCUP
Andre Aquino,Homem,Ricardo Oliveira,Homem,SBCUP
Maurício Silva,Homem,Ricardo Oliveira,Homem,SBCUP
Bosco Borges A. F.,Homem,Maria de Fátima P. Ferreira,Mulher,WEI
Bosco Borges A. F.,Homem,Rossana M. C. Andrade,Mulher,WEI
Bosco Borges A. F.,Homem,Rubens Anderson de S. Silva,Homem,WEI
Maria de Fátima P. Ferreira,Mulher,Rossana M. C. Andrade,Mulher,WEI
Maria de Fátima P. Ferreira,Mulher,Rubens Anderson de S. Silva,Homem,WEI
Rossana M. C. Andrade,Mulher,Rubens Anderson de S. Silva,Homem,WEI
Cristiano Galafassi,Homem,Eliseo Reategui,Homem,SEMISH
Cristiano Galafassi,Homem,Fabiane Galafassi,Mulher,SEMISH
Cristiano Galafassi,Homem,Rosa Vicari,Mulher,SEMISH
Eliseo Reategui,Homem,Fabiane Galafassi,Mulher,SEMISH
Eliseo Reategui,Homem,Rosa Vicari,Mulher,SEMISH
Fabiane Galafassi,Mulher,Rosa Vicari,Mulher,SEMISH
Daniel Xavier de Sousa,Homem,Marcos André Gonçalves,Homem,CTD
Alex B. Vieira,Homem,Artur Ziviani,Homem,WPerformance
Alex B. Vieira,Homem,Breno Machado,Homem,WPerformance
Alex B. Vieira,Homem,Italo Cunha,Homem,WPerformance
Artur Ziviani,Homem,Breno Machado,Homem,WPerformance
Artur Ziviani,Homem,Italo Cunha,Homem,WPerformance
Breno Machado,Homem,Italo Cunha,Homem,WPerformance
Fernanda S. H. de Souza,Mulher,Geraldo R. Mateus,Homem,CTD
Fernanda S. H. de Souza,Mulher,Samuel M. A. Araújo,Homem,CTD
Geraldo R. Mateus,Homem,Samuel M. A. Araújo,Homem,CTD
Andressa da Silva Siqueira,Mulher,Beatriz Pereira,Mulher,WIT
Andressa da Silva Siqueira,Mulher,Laura Damaceno de Almeida,Mulher,WIT
Andressa da Silva Siqueira,Mulher,Poliana Nascimento Ferreira,Mulher,WIT
Beatriz Pereira,Mulher,Laura Damaceno de Almeida,Mulher,WIT
Beatriz Pereira,Mulher,Poliana Nascimento Ferreira,Mulher,WIT
Laura Damaceno de Almeida,Mulher,Poliana Nascimento Ferreira,Mulher,WIT
Ermeson Andrade,Homem,Gabriel Alves,Homem,WPerformance
Ermeson Andrade,Homem,Júlio Mendonça,Homem,WPerformance
Ermeson Andrade,Homem,Wilson Medeiros,Homem,WPerformance
Gabriel Alves,Homem,Júlio Mendonça,Homem,WPerformance
Gabriel Alves,Homem,Wilson Medeiros,Homem,WPerformance
Júlio Mendonça,Homem,Wilson Medeiros,Homem,WPerformance
Felipe Rocha,Homem,Pedro Paulo Balbi,Homem,SEMISH
Andrea S. Charão,Mulher,Fernando P. Barbosa,Homem,WEI
Andrea S. Charão,Mulher,Karina Wiechork,Mulher,WEI
Andrea S. Charão,Mulher,Marlon L. S. Rodrigues,Homem,WEI
Fernando P. Barbosa,Homem,Karina Wiechork,Mulher,WEI
Fernando P. Barbosa,Homem,Marlon L. S. Rodrigues,Homem,WEI
Karina Wiechork,Mulher,Marlon L. S. Rodrigues,Homem,WEI
César Alberto da Silva,Homem,Robson Brito Santos,Homem,ENCompIF
Flávio R. C. Souza,Homem,Nídia G. S. Campos,Mulher,SBCUP
Flávio R. C. Souza,Homem,Sayonara S. Araújo,Mulher,SBCUP
Nídia G. S. Campos,Mulher,Sayonara S. Araújo,Mulher,SBCUP
Amanda Martins,Mulher,Ayla Rebouças,Mulher,WIT
Amanda Martins,Mulher,Joana Silva,Mulher,WIT
Amanda Martins,Mulher,Joyce Santos,Mulher,WIT
Ayla Rebouças,Mulher,Joana Silva,Mulher,WIT
Ayla Rebouças,Mulher,Joyce Santos,Mulher,WIT
Joana Silva,Mulher,Joyce Santos,Mulher,WIT
Daniela de Souza Gomes,Mulher,Gabriel Philippe Pereira,Homem,WEI
Daniela de Souza Gomes,Mulher,Giovanni Ventorim Comarela,Homem,WEI
Daniela de Souza Gomes,Mulher,Marcos Henrique Fonseca Ribeiro,Homem,WEI
Gabriel Philippe Pereira,Homem,Giovanni Ventorim Comarela,Homem,WEI
Gabriel Philippe Pereira,Homem,Marcos Henrique Fonseca Ribeiro,Homem,WEI
Giovanni Ventorim Comarela,Homem,Marcos Henrique Fonseca Ribeiro,Homem,WEI
Ana Karolina Maia,Mulher,Leonardo C. de Abreu,Homem,ETC
Ana Karolina Maia,Mulher,Manoel Campêlo,Homem,ETC
Leonardo C. de Abreu,Homem,Manoel Campêlo,Homem,ETC
Alice Fonseca Finger,Mulher,Aline Vieira de Mello,Mulher,WIT
Alice Fonseca Finger,Mulher,Andréa Sabedra Bordin,Mulher,WIT
Aline Vieira de Mello,Mulher,Andréa Sabedra Bordin,Mulher,WIT
Aleteia P. F. Araujo,Mulher,Alice Borges,Mulher,WIT
Aleteia P. F. Araujo,Mulher,Carla Cavalcante Koike,Mulher,WIT
Aleteia P. F. Araujo,Mulher,Fernanda de Sousa,Mulher,WIT
Aleteia P. F. Araujo,Mulher,Maristela Holanda,Mulher,WIT
Aleteia P. F. Araujo,Mulher,Roberta B. Oliveira,Mulher,WIT
Alice Borges,Mulher,Carla Cavalcante Koike,Mulher,WIT
Alice Borges,Mulher,Fernanda de Sousa,Mulher,WIT
Alice Borges,Mulher,Maristela Holanda,Mulher,WIT
Alice Borges,Mulher,Roberta B. Oliveira,Mulher,WIT
Carla Cavalcante Koike,Mulher,Fernanda de Sousa,Mulher,WIT
Carla Cavalcante Koike,Mulher,Maristela Holanda,Mulher,WIT
Carla Cavalcante Koike,Mulher,Roberta B. Oliveira,Mulher,WIT
Fernanda de Sousa,Mulher,Maristela Holanda,Mulher,WIT
Fernanda de Sousa,Mulher,Roberta B. Oliveira,Mulher,WIT
Maristela Holanda,Mulher,Roberta B. Oliveira,Mulher,WIT
Andreza Sartori,Mulher,Jennyfer Araújo,Mulher,WIT
Andreza Sartori,Mulher,Leonardo Fronza,Homem,WIT
Andreza Sartori,Mulher,Luciana P. de Araújo Kohler,Mulher,WIT
Jennyfer Araújo,Mulher,Leonardo Fronza,Homem,WIT
Jennyfer Araújo,Mulher,Luciana P. de Araújo Kohler,Mulher,WIT
Leonardo Fronza,Homem,Luciana P. de Araújo Kohler,Mulher,WIT
João Neto,Homem,Robson Bonidia,Homem,WEI
Clara Scheffer Emerich,Mulher,Matheus Lorenzato Braga,Homem,ENCompIF
Clara Scheffer Emerich,Mulher,Rafael Américo Fuhrich,Homem,ENCompIF
Clara Scheffer Emerich,Mulher,Victor Martins de Sousa,Homem,ENCompIF
Matheus Lorenzato Braga,Homem,Rafael Américo Fuhrich,Homem,ENCompIF
Matheus Lorenzato Braga,Homem,Victor Martins de Sousa,Homem,ENCompIF
Rafael Américo Fuhrich,Homem,Victor Martins de Sousa,Homem,ENCompIF
Ialy C. Sousa,Mulher,Iana Daya C. F. Passos,Mulher,WIT
Ialy C. Sousa,Mulher,Jerry A. Souza,Homem,WIT
Ialy C. Sousa,Mulher,Lílian H. Teixeira,Mulher,WIT
Ialy C. Sousa,Mulher,Mary Karlla A. Guimarães,Mulher,WIT
Ialy C. Sousa,Mulher,Moacy P. Silva,Homem,WIT
Iana Daya C. F. Passos,Mulher,Jerry A. Souza,Homem,WIT
Iana Daya C. F. Passos,Mulher,Lílian H. Teixeira,Mulher,WIT
Iana Daya C. F. Passos,Mulher,Mary Karlla A. Guimarães,Mulher,WIT
Iana Daya C. F. Passos,Mulher,Moacy P. Silva,Homem,WIT
Jerry A. Souza,Homem,Lílian H. Teixeira,Mulher,WIT
Jerry A. Souza,Homem,Mary Karlla A. Guimarães,Mulher,WIT
Jerry A. Souza,Homem,Moacy P. Silva,Homem,WIT
Lílian H. Teixeira,Mulher,Mary Karlla A. Guimarães,Mulher,WIT
Lílian H. Teixeira,Mulher,Moacy P. Silva,Homem,WIT
Mary Karlla A. Guimarães,Mulher,Moacy P. Silva,Homem,WIT
Alexandre Ribeiro,Homem,Guilherme Londe,Homem,ETC
Alexandre Ribeiro,Homem,Jorge dos Santos,Homem,ETC
Alexandre Ribeiro,Homem,Welverton da Silva,Homem,ETC
Guilherme Londe,Homem,Jorge dos Santos,Homem,ETC
Guilherme Londe,Homem,Welverton da Silva,Homem,ETC
Jorge dos Santos,Homem,Welverton da Silva,Homem,ETC
Anselmo Paiva,Homem,Daniel Pinto,Homem,WEI
Anselmo Paiva,Homem,Eduarda Chagas,Mulher,WEI
Anselmo Paiva,Homem,Gabriel Costa,Homem,WEI
Anselmo Paiva,Homem,Kennedy Nunes,Homem,WEI
Anselmo Paiva,Homem,Luis Rivero,Homem,WEI
Anselmo Paiva,Homem,Ricardo Anchieta,Homem,WEI
Anselmo Paiva,Homem,Simara Rocha,Mulher,WEI
Daniel Pinto,Homem,Eduarda Chagas,Mulher,WEI
Daniel Pinto,Homem,Gabriel Costa,Homem,WEI
Daniel Pinto,Homem,Kennedy Nunes,Homem,WEI
Daniel Pinto,Homem,Luis Rivero,Homem,WEI
Daniel Pinto,Homem,Ricardo Anchieta,Homem,WEI
Daniel Pinto,Homem,Simara Rocha,Mulher,WEI
Eduarda Chagas,Mulher,Gabriel Costa,Homem,WEI
Eduarda Chagas,Mulher,Kennedy Nunes,Homem,WEI
Eduarda Chagas,Mulher,Luis Rivero,Homem,WEI
Eduarda Chagas,Mulher,Ricardo Anchieta,Homem,WEI
Eduarda Chagas,Mulher,Simara Rocha,Mulher,WEI
Gabriel Costa,Homem,Kennedy Nunes,Homem,WEI
Gabriel Costa,Homem,Luis Rivero,Homem,WEI
Gabriel Costa,Homem,Ricardo Anchieta,Homem,WEI
Gabriel Costa,Homem,Simara Rocha,Mulher,WEI
Kennedy Nunes,Homem,Luis Rivero,Homem,WEI
Kennedy Nunes,Homem,Ricardo Anchieta,Homem,WEI
Kennedy Nunes,Homem,Simara Rocha,Mulher,WEI
Luis Rivero,Homem,Ricardo Anchieta,Homem,WEI
Luis Rivero,Homem,Simara Rocha,Mulher,WEI
Ricardo Anchieta,Homem,Simara Rocha,Mulher,WEI
Allysson Allex Araújo,Homem,Emanuel Coutinho,Homem,WEI
Allysson Allex Araújo,Homem,Francisco Gomes,Homem,WEI
Allysson Allex Araújo,Homem,Jerffeson Souza,Homem,WEI
Allysson Allex Araújo,Homem,Saori Costa,Mulher,WEI
Emanuel Coutinho,Homem,Francisco Gomes,Homem,WEI
Emanuel Coutinho,Homem,Jerffeson Souza,Homem,WEI
Emanuel Coutinho,Homem,Saori Costa,Mulher,WEI
Francisco Gomes,Homem,Jerffeson Souza,Homem,WEI
Francisco Gomes,Homem,Saori Costa,Mulher,WEI
Jerffeson Souza,Homem,Saori Costa,Mulher,WEI
Laura Shibukawa,Mulher,Mayara Yamanoe,Mulher,WIT
Jéssica Gabrieli Schmitz Hahn,Mulher,Leandro von Borstel Assmann,Homem,WIT
Jéssica Gabrieli Schmitz Hahn,Mulher,Renata Luiza Muller,Mulher,WIT
Jéssica Gabrieli Schmitz Hahn,Mulher,Vanessa Petró,Mulher,WIT
Jéssica Gabrieli Schmitz Hahn,Mulher,Vinicius Hartmann Ferreira,Homem,WIT
Leandro von Borstel Assmann,Homem,Renata Luiza Muller,Mulher,WIT
Leandro von Borstel Assmann,Homem,Vanessa Petró,Mulher,WIT
Leandro von Borstel Assmann,Homem,Vinicius Hartmann Ferreira,Homem,WIT
Renata Luiza Muller,Mulher,Vanessa Petró,Mulher,WIT
Renata Luiza Muller,Mulher,Vinicius Hartmann Ferreira,Homem,WIT
Vanessa Petró,Mulher,Vinicius Hartmann Ferreira,Homem,WIT
Cristina Ciferri,Mulher,Kalinka Branco,Mulher,WIT
Cristina Ciferri,Mulher,Viviana Noguera,Mulher,WIT
Kalinka Branco,Mulher,Viviana Noguera,Mulher,WIT
Bianca M. Lopes,Mulher,Júlio C. S. Mendes,Homem,SEMISH
Bianca M. Lopes,Mulher,Karina M. Johansson,Mulher,SEMISH
Bianca M. Lopes,Mulher,Livy Real,Mulher,SEMISH
Bianca M. Lopes,Mulher,Márcio T. I. Oshiro,Homem,SEMISH
Júlio C. S. Mendes,Homem,Karina M. Johansson,Mulher,SEMISH
Júlio C. S. Mendes,Homem,Livy Real,Mulher,SEMISH
Júlio C. S. Mendes,Homem,Márcio T. I. Oshiro,Homem,SEMISH
Karina M. Johansson,Mulher,Livy Real,Mulher,SEMISH
Karina M. Johansson,Mulher,Márcio T. I. Oshiro,Homem,SEMISH
Livy Real,Mulher,Márcio T. I. Oshiro,Homem,SEMISH
Antônio Pereira,Homem,Luiz C. Ferreira,Homem,SEMISH
Antônio Pereira,Homem,Marcelino S. da Silva,Homem,SEMISH
Antônio Pereira,Homem,Rodrigo Dutra,Homem,SEMISH
Antônio Pereira,Homem,Vitor Hugo M. Gomes,Homem,SEMISH
Antônio Pereira,Homem,Weverson Nascimento,Homem,SEMISH
Luiz C. Ferreira,Homem,Marcelino S. da Silva,Homem,SEMISH
Luiz C. Ferreira,Homem,Rodrigo Dutra,Homem,SEMISH
Luiz C. Ferreira,Homem,Vitor Hugo M. Gomes,Homem,SEMISH
Luiz C. Ferreira,Homem,Weverson Nascimento,Homem,SEMISH
Marcelino S. da Silva,Homem,Rodrigo Dutra,Homem,SEMISH
Marcelino S. da Silva,Homem,Vitor Hugo M. Gomes,Homem,SEMISH
Marcelino S. da Silva,Homem,Weverson Nascimento,Homem,SEMISH
Rodrigo Dutra,Homem,Vitor Hugo M. Gomes,Homem,SEMISH
Rodrigo Dutra,Homem,Weverson Nascimento,Homem,SEMISH
Vitor Hugo M. Gomes,Homem,Weverson Nascimento,Homem,SEMISH
Eliane Pozzebon,Mulher,Francielli Freitas Moro,Mulher,WIT
Eliane Pozzebon,Mulher,Luciana Bolan Frigo,Mulher,WIT
Eliane Pozzebon,Mulher,Rafaela Oliveira Padilha,Mulher,WIT
Francielli Freitas Moro,Mulher,Luciana Bolan Frigo,Mulher,WIT
Francielli Freitas Moro,Mulher,Rafaela Oliveira Padilha,Mulher,WIT
Luciana Bolan Frigo,Mulher,Rafaela Oliveira Padilha,Mulher,WIT
André Silva,Homem,José Silva,Homem,WEI
André Silva,Homem,Letícia Oliveira,Mulher,WEI
José Silva,Homem,Letícia Oliveira,Mulher,WEI
Gabriel Nascimento,Homem,Márcia Oliveira,Mulher,WIT
Gabriel Nascimento,Homem,Vania Marquiori,Mulher,WIT
Márcia Oliveira,Mulher,Vania Marquiori,Mulher,WIT
Bruno Pereira,Homem,Francisco Henrique Ferreira,Homem,WASHES
Bruno Pereira,Homem,Luiz Alexandre Costa,Homem,WASHES
Bruno Pereira,Homem,Marcio Imamura,Homem,WASHES
Bruno Pereira,Homem,Rodrigo Pereira dos Santos,Homem,WASHES
Francisco Henrique Ferreira,Homem,Luiz Alexandre Costa,Homem,WASHES
Francisco Henrique Ferreira,Homem,Marcio Imamura,Homem,WASHES
Francisco Henrique Ferreira,Homem,Rodrigo Pereira dos Santos,Homem,WASHES
Luiz Alexandre Costa,Homem,Marcio Imamura,Homem,WASHES
Luiz Alexandre Costa,Homem,Rodrigo Pereira dos Santos,Homem,WASHES
Marcio Imamura,Homem,Rodrigo Pereira dos Santos,Homem,WASHES
Elmo de Faria,Homem,Eunice Nunes,Mulher,WASHES
Elmo de Faria,Homem,Fernando Magalhães,Homem,WASHES
Elmo de Faria,Homem,Jonas Boechat,Homem,WASHES
Elmo de Faria,Homem,Luciana Borges,Mulher,WASHES
Elmo de Faria,Homem,Otávio Dantas,Homem,WASHES
Eunice Nunes,Mulher,Fernando Magalhães,Homem,WASHES
Eunice Nunes,Mulher,Jonas Boechat,Homem,WASHES
Eunice Nunes,Mulher,Luciana Borges,Mulher,WASHES
Eunice Nunes,Mulher,Otávio Dantas,Homem,WASHES
Fernando Magalhães,Homem,Jonas Boechat,Homem,WASHES
Fernando Magalhães,Homem,Luciana Borges,Mulher,WASHES
Fernando Magalhães,Homem,Otávio Dantas,Homem,WASHES
Jonas Boechat,Homem,Luciana Borges,Mulher,WASHES
Jonas Boechat,Homem,Otávio Dantas,Homem,WASHES
Luciana Borges,Mulher,Otávio Dantas,Homem,WASHES
Amanda Saccol,Mulher,Carla Castanho,Mulher,WIT
Amanda Saccol,Mulher,Eduardo Silva,Homem,WIT
Amanda Saccol,Mulher,Eduardo Spies,Homem,WIT
Amanda Saccol,Mulher,Victor Alves,Homem,WIT
Carla Castanho,Mulher,Eduardo Silva,Homem,WIT
Carla Castanho,Mulher,Eduardo Spies,Homem,WIT
Carla Castanho,Mulher,Victor Alves,Homem,WIT
Eduardo Silva,Homem,Eduardo Spies,Homem,WIT
Eduardo Silva,Homem,Victor Alves,Homem,WIT
Eduardo Spies,Homem,Victor Alves,Homem,WIT
Erlandson F. Saraiva,Homem,Guilherme G. Souza,Homem,SEMISH
Erlandson F. Saraiva,Homem,Ricardo R. Santos,Homem,SEMISH
Guilherme G. Souza,Homem,Ricardo R. Santos,Homem,SEMISH
Adenauer Yamin,Homem,Ana Pernas,Mulher,SEMISH
Adenauer Yamin,Homem,Felipe Haertel,Homem,SEMISH
Adenauer Yamin,Homem,Jorge Barbosa,Homem,SEMISH
Adenauer Yamin,Homem,João Lopes,Homem,SEMISH
Adenauer Yamin,Homem,Leandro Camargo,Homem,SEMISH
Ana Pernas,Mulher,Felipe Haertel,Homem,SEMISH
Ana Pernas,Mulher,Jorge Barbosa,Homem,SEMISH
Ana Pernas,Mulher,João Lopes,Homem,SEMISH
Ana Pernas,Mulher,Leandro Camargo,Homem,SEMISH
Felipe Haertel,Homem,Jorge Barbosa,Homem,SEMISH
Felipe Haertel,Homem,João Lopes,Homem,SEMISH
Felipe Haertel,Homem,Leandro Camargo,Homem,SEMISH
Jorge Barbosa,Homem,João Lopes,Homem,SEMISH
Jorge Barbosa,Homem,Leandro Camargo,Homem,SEMISH
João Lopes,Homem,Leandro Camargo,Homem,SEMISH
Rafael C. S. Schouery,Homem,Renan F. F. da Silva,Homem,ETC
Rafael C. S. Schouery,Homem,Yulle G. F. Borges,Mulher,ETC
Renan F. F. da Silva,Homem,Yulle G. F. Borges,Mulher,ETC
Larissa Pessoa,Mulher,Lia Martins,Mulher,WIT
Larissa Pessoa,Mulher,Raquel Folz,Mulher,WIT
Larissa Pessoa,Mulher,Rosiane Freitas,Mulher,WIT
Larissa Pessoa,Mulher,Victória Guimarães,Mulher,WIT
Lia Martins,Mulher,Raquel Folz,Mulher,WIT
Lia Martins,Mulher,Rosiane Freitas,Mulher,WIT
Lia Martins,Mulher,Victória Guimarães,Mulher,WIT
Raquel Folz,Mulher,Rosiane Freitas,Mulher,WIT
Raquel Folz,Mulher,Victória Guimarães,Mulher,WIT
Rosiane Freitas,Mulher,Victória Guimarães,Mulher,WIT
Alice Barbosa do Couto,Mulher,Amanda Raynara Quintana Theodoro,Mulher,WIT
Alice Barbosa do Couto,Mulher,Ariadne Nicoly Mori de Paula,Mulher,WIT
Alice Barbosa do Couto,Mulher,Bianca Fernandes Ribas,Mulher,WIT
Alice Barbosa do Couto,Mulher,Clara Scatena da Silva,Mulher,WIT
Alice Barbosa do Couto,Mulher,Claudia Santos Fernandes,Mulher,WIT
Alice Barbosa do Couto,Mulher,Diane Rosa da Silva,Mulher,WIT
Alice Barbosa do Couto,Mulher,Giovanna Mara Paes Franco,Mulher,WIT
Alice Barbosa do Couto,Mulher,Luana Arfux de Castro Nogueira,Mulher,WIT
Alice Barbosa do Couto,Mulher,Marcia Ferreira Cristaldo,Mulher,WIT
Alice Barbosa do Couto,Mulher,Maria Eduarda Alves Barbosa,Mulher,WIT
Alice Barbosa do Couto,Mulher,Marta Luzzi,Mulher,WIT
Alice Barbosa do Couto,Mulher,Nayara Arruda Cunha,Mulher,WIT
Amanda Raynara Quintana Theodoro,Mulher,Ariadne Nicoly Mori de Paula,Mulher,WIT
Amanda Raynara Quintana Theodoro,Mulher,Bianca Fernandes Ribas,Mulher,WIT
Amanda Raynara Quintana Theodoro,Mulher,Clara Scatena da Silva,Mulher,WIT
Amanda Raynara Quintana Theodoro,Mulher,Claudia Santos Fernandes,Mulher,WIT
Amanda Raynara Quintana Theodoro,Mulher,Diane Rosa da Silva,Mulher,WIT
Amanda Raynara Quintana Theodoro,Mulher,Giovanna Mara Paes Franco,Mulher,WIT
Amanda Raynara Quintana Theodoro,Mulher,Luana Arfux de Castro Nogueira,Mulher,WIT
Amanda Raynara Quintana Theodoro,Mulher,Marcia Ferreira Cristaldo,Mulher,WIT
Amanda Raynara Quintana Theodoro,Mulher,Maria Eduarda Alves Barbosa,Mulher,WIT
Amanda Raynara Quintana Theodoro,Mulher,Marta Luzzi,Mulher,WIT
Amanda Raynara Quintana Theodoro,Mulher,Nayara Arruda Cunha,Mulher,WIT
Ariadne Nicoly Mori de Paula,Mulher,Bianca Fernandes Ribas,Mulher,WIT
Ariadne Nicoly Mori de Paula,Mulher,Clara Scatena da Silva,Mulher,WIT
Ariadne Nicoly Mori de Paula,Mulher,Claudia Santos Fernandes,Mulher,WIT
Ariadne Nicoly Mori de Paula,Mulher,Diane Rosa da Silva,Mulher,WIT
Ariadne Nicoly Mori de Paula,Mulher,Giovanna Mara Paes Franco,Mulher,WIT
Ariadne Nicoly Mori de Paula,Mulher,Luana Arfux de Castro Nogueira,Mulher,WIT
Ariadne Nicoly Mori de Paula,Mulher,Marcia Ferreira Cristaldo,Mulher,WIT
Ariadne Nicoly Mori de Paula,Mulher,Maria Eduarda Alves Barbosa,Mulher,WIT
Ariadne Nicoly Mori de Paula,Mulher,Marta Luzzi,Mulher,WIT
Ariadne Nicoly Mori de Paula,Mulher,Nayara Arruda Cunha,Mulher,WIT
Bianca Fernandes Ribas,Mulher,Clara Scatena da Silva,Mulher,WIT
Bianca Fernandes Ribas,Mulher,Claudia Santos Fernandes,Mulher,WIT
Bianca Fernandes Ribas,Mulher,Diane Rosa da Silva,Mulher,WIT
Bianca Fernandes Ribas,Mulher,Giovanna Mara Paes Franco,Mulher,WIT
Bianca Fernandes Ribas,Mulher,Luana Arfux de Castro Nogueira,Mulher,WIT
Bianca Fernandes Ribas,Mulher,Marcia Ferreira Cristaldo,Mulher,WIT
Bianca Fernandes Ribas,Mulher,Maria Eduarda Alves Barbosa,Mulher,WIT
Bianca Fernandes Ribas,Mulher,Marta Luzzi,Mulher,WIT
Bianca Fernandes Ribas,Mulher,Nayara Arruda Cunha,Mulher,WIT
Clara Scatena da Silva,Mulher,Claudia Santos Fernandes,Mulher,WIT
Clara Scatena da Silva,Mulher,Diane Rosa da Silva,Mulher,WIT
Clara Scatena da Silva,Mulher,Giovanna Mara Paes Franco,Mulher,WIT
Clara Scatena da Silva,Mulher,Luana Arfux de Castro Nogueira,Mulher,WIT
Clara Scatena da Silva,Mulher,Marcia Ferreira Cristaldo,Mulher,WIT
Clara Scatena da Silva,Mulher,Maria Eduarda Alves Barbosa,Mulher,WIT
Clara Scatena da Silva,Mulher,Marta Luzzi,Mulher,WIT
Clara Scatena da Silva,Mulher,Nayara Arruda Cunha,Mulher,WIT
Claudia Santos Fernandes,Mulher,Diane Rosa da Silva,Mulher,WIT
Claudia Santos Fernandes,Mulher,Giovanna Mara Paes Franco,Mulher,WIT
Claudia Santos Fernandes,Mulher,Luana Arfux de Castro Nogueira,Mulher,WIT
Claudia Santos Fernandes,Mulher,Marcia Ferreira Cristaldo,Mulher,WIT
Claudia Santos Fernandes,Mulher,Maria Eduarda Alves Barbosa,Mulher,WIT
Claudia Santos Fernandes,Mulher,Marta Luzzi,Mulher,WIT
Claudia Santos Fernandes,Mulher,Nayara Arruda Cunha,Mulher,WIT
Diane Rosa da Silva,Mulher,Giovanna Mara Paes Franco,Mulher,WIT
Diane Rosa da Silva,Mulher,Luana Arfux de Castro Nogueira,Mulher,WIT
Diane Rosa da Silva,Mulher,Marcia Ferreira Cristaldo,Mulher,WIT
Diane Rosa da Silva,Mulher,Maria Eduarda Alves Barbosa,Mulher,WIT
Diane Rosa da Silva,Mulher,Marta Luzzi,Mulher,WIT
Diane Rosa da Silva,Mulher,Nayara Arruda Cunha,Mulher,WIT
Giovanna Mara Paes Franco,Mulher,Luana Arfux de Castro Nogueira,Mulher,WIT
Giovanna Mara Paes Franco,Mulher,Marcia Ferreira Cristaldo,Mulher,WIT
Giovanna Mara Paes Franco,Mulher,Maria Eduarda Alves Barbosa,Mulher,WIT
Giovanna Mara Paes Franco,Mulher,Marta Luzzi,Mulher,WIT
Giovanna Mara Paes Franco,Mulher,Nayara Arruda Cunha,Mulher,WIT
Luana Arfux de Castro Nogueira,Mulher,Marcia Ferreira Cristaldo,Mulher,WIT
Luana Arfux de Castro Nogueira,Mulher,Maria Eduarda Alves Barbosa,Mulher,WIT
Luana Arfux de Castro Nogueira,Mulher,Marta Luzzi,Mulher,WIT
Luana Arfux de Castro Nogueira,Mulher,Nayara Arruda Cunha,Mulher,WIT
Marcia Ferreira Cristaldo,Mulher,Maria Eduarda Alves Barbosa,Mulher,WIT
Marcia Ferreira Cristaldo,Mulher,Marta Luzzi,Mulher,WIT
Marcia Ferreira Cristaldo,Mulher,Nayara Arruda Cunha,Mulher,WIT
Maria Eduarda Alves Barbosa,Mulher,Marta Luzzi,Mulher,WIT
Maria Eduarda Alves Barbosa,Mulher,Nayara Arruda Cunha,Mulher,WIT
Marta Luzzi,Mulher,Nayara Arruda Cunha,Mulher,WIT
Matheus da Silva Serpa,Homem,Philippe Olivier Alexandre Navaux,Homem,SEMISH
Alexandre Prusch Züge,Homem,Carlos Roberto Beleti Junior,Homem,WEI
Alexandre Prusch Züge,Homem,Maytê Gouvêa Coleto Bezerra,Mulher,WEI
Alexandre Prusch Züge,Homem,Robertino Mendes Santiago Junior,Homem,WEI
Carlos Roberto Beleti Junior,Homem,Maytê Gouvêa Coleto Bezerra,Mulher,WEI
Carlos Roberto Beleti Junior,Homem,Robertino Mendes Santiago Junior,Homem,WEI
Maytê Gouvêa Coleto Bezerra,Mulher,Robertino Mendes Santiago Junior,Homem,WEI
Andrea Charão,Mulher,Cassiano Schneider,Homem,WEI
Andrea Charão,Mulher,Leandro Schneider,Homem,WEI
Andrea Charão,Mulher,Lucas Silva,Homem,WEI
Cassiano Schneider,Homem,Leandro Schneider,Homem,WEI
Cassiano Schneider,Homem,Lucas Silva,Homem,WEI
Leandro Schneider,Homem,Lucas Silva,Homem,WEI
André Pinheiro,Homem,Caio Rabello,Homem,WASHES
André Pinheiro,Homem,Cleidson Souza,Homem,WASHES
André Pinheiro,Homem,Gustavo Pinto,Homem,WASHES
André Pinheiro,Homem,Leonardo Furtado,Homem,WASHES
Caio Rabello,Homem,Cleidson Souza,Homem,WASHES
Caio Rabello,Homem,Gustavo Pinto,Homem,WASHES
Caio Rabello,Homem,Leonardo Furtado,Homem,WASHES
Cleidson Souza,Homem,Gustavo Pinto,Homem,WASHES
Cleidson Souza,Homem,Leonardo Furtado,Homem,WASHES
Gustavo Pinto,Homem,Leonardo Furtado,Homem,WASHES
Aline de S. M. dos Santos,Mulher,Rozelma Soares de França,Mulher,WEI
Aline de S. M. dos Santos,Mulher,Wellington G. Pereira,Homem,WEI
Rozelma Soares de França,Mulher,Wellington G. Pereira,Homem,WEI
Rita C. G. Berardi,Mulher,Sílvia Amélia Bim,Mulher,WEI
Josinaldo Pontes,Homem,José Adson Cunha,Homem,WASHES
Josinaldo Pontes,Homem,Mirelly da Silva,Mulher,WASHES
José Adson Cunha,Homem,Mirelly da Silva,Mulher,WASHES
Adenauer Yamin,Homem,Ana Marilza Pernas,Mulher,SEMISH
Adenauer Yamin,Homem,João Lopes,Homem,SEMISH
Adenauer Yamin,Homem,Roger Machado,Homem,SEMISH
Adenauer Yamin,Homem,Rogério Albandes,Homem,SEMISH
Ana Marilza Pernas,Mulher,João Lopes,Homem,SEMISH
Ana Marilza Pernas,Mulher,Roger Machado,Homem,SEMISH
Ana Marilza Pernas,Mulher,Rogério Albandes,Homem,SEMISH
João Lopes,Homem,Roger Machado,Homem,SEMISH
João Lopes,Homem,Rogério Albandes,Homem,SEMISH
Roger Machado,Homem,Rogério Albandes,Homem,SEMISH
Davi Santos,Homem,Jéssica Mendes,Mulher,WEI
Davi Santos,Homem,Luis Rivero,Homem,WEI
Davi Santos,Homem,Rodrigo Santos,Homem,WEI
Jéssica Mendes,Mulher,Luis Rivero,Homem,WEI
Jéssica Mendes,Mulher,Rodrigo Santos,Homem,WEI
Luis Rivero,Homem,Rodrigo Santos,Homem,WEI
Juliana Freitag Borin,Mulher,Leonardo Alves de Melo,Homem,SBCUP
Juliana Freitag Borin,Mulher,Luis Fernando Gomez Gonzalez,Homem,SBCUP
Leonardo Alves de Melo,Homem,Luis Fernando Gomez Gonzalez,Homem,SBCUP
Heremita Lima,Mulher,Laís Lima,Mulher,ENCompIF
Heremita Lima,Mulher,Márcio Júnior,Homem,ENCompIF
Heremita Lima,Mulher,Nicoly Almeida,Mulher,ENCompIF
Heremita Lima,Mulher,Petrus Bento,Homem,ENCompIF
Laís Lima,Mulher,Márcio Júnior,Homem,ENCompIF
Laís Lima,Mulher,Nicoly Almeida,Mulher,ENCompIF
Laís Lima,Mulher,Petrus Bento,Homem,ENCompIF
Márcio Júnior,Homem,Nicoly Almeida,Mulher,ENCompIF
Márcio Júnior,Homem,Petrus Bento,Homem,ENCompIF
Nicoly Almeida,Mulher,Petrus Bento,Homem,ENCompIF
Anderson Rocha,Homem,Jacques Wainer,Homem,CTD
Anderson Rocha,Homem,Ramon Pires,Homem,CTD
Jacques Wainer,Homem,Ramon Pires,Homem,CTD
Cleiton M. Marques,Homem,Cristina Meinhardt,Mulher,CTIC
Cleiton M. Marques,Homem,Paulo F. Butzen,Homem,CTIC
Cristina Meinhardt,Mulher,Paulo F. Butzen,Homem,CTIC
Francielli Freitas Moro,Mulher,Luciana Bolan Frigo,Mulher,WIT
Francielli Freitas Moro,Mulher,Rafaela Oliveira Padilha,Mulher,WIT
Luciana Bolan Frigo,Mulher,Rafaela Oliveira Padilha,Mulher,WIT
Andréia Antloga,Mulher,Denis Rosário,Homem,SEMISH
Andréia Antloga,Mulher,Eduardo Cerqueira,Homem,SEMISH
Andréia Antloga,Mulher,Elen Lobato,Mulher,SEMISH
Andréia Antloga,Mulher,Jean Moraes,Homem,SEMISH
Andréia Antloga,Mulher,Maria Tostes,Mulher,SEMISH
Andréia Antloga,Mulher,Ubiratan Bezerra,Homem,SEMISH
Denis Rosário,Homem,Eduardo Cerqueira,Homem,SEMISH
Denis Rosário,Homem,Elen Lobato,Mulher,SEMISH
Denis Rosário,Homem,Jean Moraes,Homem,SEMISH
Denis Rosário,Homem,Maria Tostes,Mulher,SEMISH
Denis Rosário,Homem,Ubiratan Bezerra,Homem,SEMISH
Eduardo Cerqueira,Homem,Elen Lobato,Mulher,SEMISH
Eduardo Cerqueira,Homem,Jean Moraes,Homem,SEMISH
Eduardo Cerqueira,Homem,Maria Tostes,Mulher,SEMISH
Eduardo Cerqueira,Homem,Ubiratan Bezerra,Homem,SEMISH
Elen Lobato,Mulher,Jean Moraes,Homem,SEMISH
Elen Lobato,Mulher,Maria Tostes,Mulher,SEMISH
Elen Lobato,Mulher,Ubiratan Bezerra,Homem,SEMISH
Jean Moraes,Homem,Maria Tostes,Mulher,SEMISH
Jean Moraes,Homem,Ubiratan Bezerra,Homem,SEMISH
Maria Tostes,Mulher,Ubiratan Bezerra,Homem,SEMISH
Daniel Ratton Figueiredo,Homem,Henrique José dos S. Ferreira Júnior ,Homem,CTIC
Hugo Sadok,Homem,Luis Henrique M. K. Costa,Homem,CTD
Hugo Sadok,Homem,Miguel Elias M. Campista,Homem,CTD
Luis Henrique M. K. Costa,Homem,Miguel Elias M. Campista,Homem,CTD
Igor Santos,Homem,Luís Orleans,Homem,WEI
Igor Santos,Homem,Natália Silva,Mulher,WEI
Luís Orleans,Homem,Natália Silva,Mulher,WEI
Ageu Pacheco,Homem,Claudia Motta,Mulher,WEI
Ageu Pacheco,Homem,Daniel Menasch,Homem,WEI
Ageu Pacheco,Homem,Felipe Assis,Homem,WEI
Ageu Pacheco,Homem,Jefferson Simões,Homem,WEI
Ageu Pacheco,Homem,João Pinheiro,Homem,WEI
Ageu Pacheco,Homem,Marcus Amorim,Homem,WEI
Claudia Motta,Mulher,Daniel Menasch,Homem,WEI
Claudia Motta,Mulher,Felipe Assis,Homem,WEI
Claudia Motta,Mulher,Jefferson Simões,Homem,WEI
Claudia Motta,Mulher,João Pinheiro,Homem,WEI
Claudia Motta,Mulher,Marcus Amorim,Homem,WEI
Daniel Menasch,Homem,Felipe Assis,Homem,WEI
Daniel Menasch,Homem,Jefferson Simões,Homem,WEI
Daniel Menasch,Homem,João Pinheiro,Homem,WEI
Daniel Menasch,Homem,Marcus Amorim,Homem,WEI
Felipe Assis,Homem,Jefferson Simões,Homem,WEI
Felipe Assis,Homem,João Pinheiro,Homem,WEI
Felipe Assis,Homem,Marcus Amorim,Homem,WEI
Jefferson Simões,Homem,João Pinheiro,Homem,WEI
Jefferson Simões,Homem,Marcus Amorim,Homem,WEI
João Pinheiro,Homem,Marcus Amorim,Homem,WEI
Celciane Alves Vasconcelos,Mulher,Edio Roberto Manfio,Homem,SEMISH
Celciane Alves Vasconcelos,Mulher,Fabiane Cristina Altino,Mulher,SEMISH
Celciane Alves Vasconcelos,Mulher,Fábio Carlos Moreno,Homem,SEMISH
Celciane Alves Vasconcelos,Mulher,Marcelo Ozawa de Sousa,Homem,SEMISH
Celciane Alves Vasconcelos,Mulher,Maria Renata de Mira Gobbo,Mulher,SEMISH
Edio Roberto Manfio,Homem,Fabiane Cristina Altino,Mulher,SEMISH
Edio Roberto Manfio,Homem,Fábio Carlos Moreno,Homem,SEMISH
Edio Roberto Manfio,Homem,Marcelo Ozawa de Sousa,Homem,SEMISH
Edio Roberto Manfio,Homem,Maria Renata de Mira Gobbo,Mulher,SEMISH
Fabiane Cristina Altino,Mulher,Fábio Carlos Moreno,Homem,SEMISH
Fabiane Cristina Altino,Mulher,Marcelo Ozawa de Sousa,Homem,SEMISH
Fabiane Cristina Altino,Mulher,Maria Renata de Mira Gobbo,Mulher,SEMISH
Fábio Carlos Moreno,Homem,Marcelo Ozawa de Sousa,Homem,SEMISH
Fábio Carlos Moreno,Homem,Maria Renata de Mira Gobbo,Mulher,SEMISH
Marcelo Ozawa de Sousa,Homem,Maria Renata de Mira Gobbo,Mulher,SEMISH
Fabrício A. Silva,Homem,Leonardo Júnio A. dos Santos Figueiredo,Homem,SBCUP
Fabrício A. Silva,Homem,Thais R. M. Braga Silva,Mulher,SBCUP
Leonardo Júnio A. dos Santos Figueiredo,Homem,Thais R. M. Braga Silva,Mulher,SBCUP
Cristiano Maciel,Homem,Karen da Silva Figueiredo Medeiros Ribeiro,Mulher,WIT
Agatha Alves Martins Rodrigues,Mulher,Ariadna Carreiro de Miranda,Mulher,WIT
Agatha Alves Martins Rodrigues,Mulher,Claudia Sousa Barbosa,Mulher,WIT
Agatha Alves Martins Rodrigues,Mulher,Lucas Lima Sousa Torres,Homem,WIT
Agatha Alves Martins Rodrigues,Mulher,Maria Rodrigues Gomes,Mulher,WIT
Agatha Alves Martins Rodrigues,Mulher,Simone de Oliveira Santos,Mulher,WIT
Ariadna Carreiro de Miranda,Mulher,Claudia Sousa Barbosa,Mulher,WIT
Ariadna Carreiro de Miranda,Mulher,Lucas Lima Sousa Torres,Homem,WIT
Ariadna Carreiro de Miranda,Mulher,Maria Rodrigues Gomes,Mulher,WIT
Ariadna Carreiro de Miranda,Mulher,Simone de Oliveira Santos,Mulher,WIT
Claudia Sousa Barbosa,Mulher,Lucas Lima Sousa Torres,Homem,WIT
Claudia Sousa Barbosa,Mulher,Maria Rodrigues Gomes,Mulher,WIT
Claudia Sousa Barbosa,Mulher,Simone de Oliveira Santos,Mulher,WIT
Lucas Lima Sousa Torres,Homem,Maria Rodrigues Gomes,Mulher,WIT
Lucas Lima Sousa Torres,Homem,Simone de Oliveira Santos,Mulher,WIT
Maria Rodrigues Gomes,Mulher,Simone de Oliveira Santos,Mulher,WIT
Alexandre P. Züge,Homem,Carlos R. Beleti Junior,Homem,WEI
Alexandre P. Züge,Homem,Marcelo Valério,Homem,WEI
Alexandre P. Züge,Homem,Maytê G. C. Bezerra,Mulher,WEI
Alexandre P. Züge,Homem,Robertino M. Santiago Junior,Homem,WEI
Carlos R. Beleti Junior,Homem,Marcelo Valério,Homem,WEI
Carlos R. Beleti Junior,Homem,Maytê G. C. Bezerra,Mulher,WEI
Carlos R. Beleti Junior,Homem,Robertino M. Santiago Junior,Homem,WEI
Marcelo Valério,Homem,Maytê G. C. Bezerra,Mulher,WEI
Marcelo Valério,Homem,Robertino M. Santiago Junior,Homem,WEI
Maytê G. C. Bezerra,Mulher,Robertino M. Santiago Junior,Homem,WEI
Carlos A. G. Ferraz,Homem,David C. P. da Cunha,Homem,SBCUP
Carlos A. G. Ferraz,Homem,José C. F. M. Júnior,Homem,SBCUP
David C. P. da Cunha,Homem,José C. F. M. Júnior,Homem,SBCUP
Adriano H. Braga,Homem,Maria Isabela S. Nunes,Mulher,WIT
Adriano H. Braga,Homem,Natália C. Louzada,Mulher,WIT
Adriano H. Braga,Homem,Ramayane B. Braga,Mulher,WIT
Adriano H. Braga,Homem,Sara L. de Farias,Mulher,WIT
Adriano H. Braga,Homem,Thalia S. Santana,Mulher,WIT
Maria Isabela S. Nunes,Mulher,Natália C. Louzada,Mulher,WIT
Maria Isabela S. Nunes,Mulher,Ramayane B. Braga,Mulher,WIT
Maria Isabela S. Nunes,Mulher,Sara L. de Farias,Mulher,WIT
Maria Isabela S. Nunes,Mulher,Thalia S. Santana,Mulher,WIT
Natália C. Louzada,Mulher,Ramayane B. Braga,Mulher,WIT
Natália C. Louzada,Mulher,Sara L. de Farias,Mulher,WIT
Natália C. Louzada,Mulher,Thalia S. Santana,Mulher,WIT
Ramayane B. Braga,Mulher,Sara L. de Farias,Mulher,WIT
Ramayane B. Braga,Mulher,Thalia S. Santana,Mulher,WIT
Sara L. de Farias,Mulher,Thalia S. Santana,Mulher,WIT
Ana Paula Vieira Guimarães,Mulher,André Pinto Moreira,Homem,WIT
Ana Paula Vieira Guimarães,Mulher,Ayslan Trevizan Possebom,Homem,WIT
Ana Paula Vieira Guimarães,Mulher,Carla Santos de Oliveira,Mulher,WIT
Ana Paula Vieira Guimarães,Mulher,Carlos Roberto Beleti Junior,Homem,WIT
Ana Paula Vieira Guimarães,Mulher,Daniela Eloise Flôr,Mulher,WIT
Ana Paula Vieira Guimarães,Mulher,Eduardo Henrique Molina da Cruz,Homem,WIT
André Pinto Moreira,Homem,Ayslan Trevizan Possebom,Homem,WIT
André Pinto Moreira,Homem,Carla Santos de Oliveira,Mulher,WIT
André Pinto Moreira,Homem,Carlos Roberto Beleti Junior,Homem,WIT
André Pinto Moreira,Homem,Daniela Eloise Flôr,Mulher,WIT
André Pinto Moreira,Homem,Eduardo Henrique Molina da Cruz,Homem,WIT
Ayslan Trevizan Possebom,Homem,Carla Santos de Oliveira,Mulher,WIT
Ayslan Trevizan Possebom,Homem,Carlos Roberto Beleti Junior,Homem,WIT
Ayslan Trevizan Possebom,Homem,Daniela Eloise Flôr,Mulher,WIT
Ayslan Trevizan Possebom,Homem,Eduardo Henrique Molina da Cruz,Homem,WIT
Carla Santos de Oliveira,Mulher,Carlos Roberto Beleti Junior,Homem,WIT
Carla Santos de Oliveira,Mulher,Daniela Eloise Flôr,Mulher,WIT
Carla Santos de Oliveira,Mulher,Eduardo Henrique Molina da Cruz,Homem,WIT
Carlos Roberto Beleti Junior,Homem,Daniela Eloise Flôr,Mulher,WIT
Carlos Roberto Beleti Junior,Homem,Eduardo Henrique Molina da Cruz,Homem,WIT
Daniela Eloise Flôr,Mulher,Eduardo Henrique Molina da Cruz,Homem,WIT
Christiane Pereira,Mulher,Everton Oliveira,Homem,WASHES
Christiane Pereira,Mulher,Henrique Ferreira,Homem,WASHES
Christiane Pereira,Mulher,Joelson Araújo,Homem,WASHES
Christiane Pereira,Mulher,Patricia Moser,Mulher,WASHES
Everton Oliveira,Homem,Henrique Ferreira,Homem,WASHES
Everton Oliveira,Homem,Joelson Araújo,Homem,WASHES
Everton Oliveira,Homem,Patricia Moser,Mulher,WASHES
Henrique Ferreira,Homem,Joelson Araújo,Homem,WASHES
Henrique Ferreira,Homem,Patricia Moser,Mulher,WASHES
Joelson Araújo,Homem,Patricia Moser,Mulher,WASHES
Brena Santos,Mulher,Francisco Airton Silva,Homem,SBCUP
Brena Santos,Mulher,Lucas Santos,Homem,SBCUP
Francisco Airton Silva,Homem,Lucas Santos,Homem,SBCUP
Ana Julia Alves,Mulher,Wesley Folly Volotão de Souza,Homem,ENCompIF
Roberta L. Gomes,Mulher,Sérgio A. A. de Freitas,Homem,WEI
Roberta L. Gomes,Mulher,Vinícius F. S. Mota,Homem,WEI
Sérgio A. A. de Freitas,Homem,Vinícius F. S. Mota,Homem,WEI
Anna Beatriz Rosangela Marques,Mulher,Karina Castelo Branco,Mulher,WIT
Anna Beatriz Rosangela Marques,Mulher,Maria Victoria Soares Fiori,Mulher,WIT
Anna Beatriz Rosangela Marques,Mulher,Marina da Silva Rocha,Mulher,WIT
Karina Castelo Branco,Mulher,Maria Victoria Soares Fiori,Mulher,WIT
Karina Castelo Branco,Mulher,Marina da Silva Rocha,Mulher,WIT
Maria Victoria Soares Fiori,Mulher,Marina da Silva Rocha,Mulher,WIT
Luciana Chueri,Mulher,Mariana Pinheiro,Mulher,WASHES
Luciana Chueri,Mulher,Rodrigo Pereira dos Santos,Homem,WASHES
Mariana Pinheiro,Mulher,Rodrigo Pereira dos Santos,Homem,WASHES
Larissa M. R. Alves,Mulher,Samara Martins Nascimento,Mulher,WIT
Larissa M. R. Alves,Mulher,Veronica M. L. Silva,Mulher,WIT
Samara Martins Nascimento,Mulher,Veronica M. L. Silva,Mulher,WIT
João Paulo de S. Rodrigues,Homem,Kleverton Robson da Silva Cordovil,Homem,SEMISH
João Paulo de S. Rodrigues,Homem,Orlando Shigueo Ohashi Junior,Homem,SEMISH
João Paulo de S. Rodrigues,Homem,Renato Hidaka Torres,Homem,SEMISH
Kleverton Robson da Silva Cordovil,Homem,Orlando Shigueo Ohashi Junior,Homem,SEMISH
Kleverton Robson da Silva Cordovil,Homem,Renato Hidaka Torres,Homem,SEMISH
Orlando Shigueo Ohashi Junior,Homem,Renato Hidaka Torres,Homem,SEMISH
André Barreto,Homem,Felipe Oliveira,Homem,WPerformance
André Barreto,Homem,Jean Araújo,Homem,WPerformance
André Barreto,Homem,Luan Lins,Homem,WPerformance
Felipe Oliveira,Homem,Jean Araújo,Homem,WPerformance
Felipe Oliveira,Homem,Luan Lins,Homem,WPerformance
Jean Araújo,Homem,Luan Lins,Homem,WPerformance
André Soares,Homem,Brena Santos,Mulher,WPerformance
André Soares,Homem,Francisco Airton Silva,Homem,WPerformance
Brena Santos,Mulher,Francisco Airton Silva,Homem,WPerformance
Alexandre da Rosa,Homem,Andreia de Jesus,Mulher,WEI
Alexandre da Rosa,Homem,Gabriel Vaz Igarashi,Homem,WEI
Alexandre da Rosa,Homem,Vinicius Struginski Pereira,Homem,WEI
Andreia de Jesus,Mulher,Gabriel Vaz Igarashi,Homem,WEI
Andreia de Jesus,Mulher,Vinicius Struginski Pereira,Homem,WEI
Gabriel Vaz Igarashi,Homem,Vinicius Struginski Pereira,Homem,WEI
Fabrício Pinto,Homem,Paulo Silva,Homem,WEI
Fabrício Pinto,Homem,Rafael Queiroz,Homem,WEI
Paulo Silva,Homem,Rafael Queiroz,Homem,WEI
Ivyna Rayany Santino Alves,Mulher,Luciana Gomes,Mulher,WIT
Ivyna Rayany Santino Alves,Mulher,Marcella Medeiros Siqueira C. de Almeida,Mulher,WIT
Ivyna Rayany Santino Alves,Mulher,Vanessa Dantas,Mulher,WIT
Luciana Gomes,Mulher,Marcella Medeiros Siqueira C. de Almeida,Mulher,WIT
Luciana Gomes,Mulher,Vanessa Dantas,Mulher,WIT
Marcella Medeiros Siqueira C. de Almeida,Mulher,Vanessa Dantas,Mulher,WIT
Edleno Silva de Moura,Homem,Gabriel Jordão,Homem,SEMISH
Edleno Silva de Moura,Homem,Gustavo Barreto Maia,Homem,SEMISH
Edleno Silva de Moura,Homem,Rafael Costa,Homem,SEMISH
Gabriel Jordão,Homem,Gustavo Barreto Maia,Homem,SEMISH
Gabriel Jordão,Homem,Rafael Costa,Homem,SEMISH
Gustavo Barreto Maia,Homem,Rafael Costa,Homem,SEMISH
Danielle Martins,Mulher,Fábio Oliveira,Homem,WEI
Danielle Martins,Mulher,Jamille Silva,Mulher,WEI
Fábio Oliveira,Homem,Jamille Silva,Mulher,WEI
Ana Carolina Nesso Guedes,Mulher,Eliana Almeida,Mulher,WIT
Ana Carolina Nesso Guedes,Mulher,Ester de Lima Pontes Andrade,Mulher,WIT
Ana Carolina Nesso Guedes,Mulher,Kamila Almeida Benevides,Mulher,WIT
Ana Carolina Nesso Guedes,Mulher,Kelly Bianca Araujo Silva,Mulher,WIT
Ana Carolina Nesso Guedes,Mulher,Lilian Giselly Pereira Santos,Mulher,WIT
Ana Carolina Nesso Guedes,Mulher,Luana Júlia Nunes Ferreira,Mulher,WIT
Ana Carolina Nesso Guedes,Mulher,Natália de Assis Sousa,Mulher,WIT
Ana Carolina Nesso Guedes,Mulher,Rebeca de Jesus Brandão,Mulher,WIT
Eliana Almeida,Mulher,Ester de Lima Pontes Andrade,Mulher,WIT
Eliana Almeida,Mulher,Kamila Almeida Benevides,Mulher,WIT
Eliana Almeida,Mulher,Kelly Bianca Araujo Silva,Mulher,WIT
Eliana Almeida,Mulher,Lilian Giselly Pereira Santos,Mulher,WIT
Eliana Almeida,Mulher,Luana Júlia Nunes Ferreira,Mulher,WIT
Eliana Almeida,Mulher,Natália de Assis Sousa,Mulher,WIT
Eliana Almeida,Mulher,Rebeca de Jesus Brandão,Mulher,WIT
Ester de Lima Pontes Andrade,Mulher,Kamila Almeida Benevides,Mulher,WIT
Ester de Lima Pontes Andrade,Mulher,Kelly Bianca Araujo Silva,Mulher,WIT
Ester de Lima Pontes Andrade,Mulher,Lilian Giselly Pereira Santos,Mulher,WIT
Ester de Lima Pontes Andrade,Mulher,Luana Júlia Nunes Ferreira,Mulher,WIT
Ester de Lima Pontes Andrade,Mulher,Natália de Assis Sousa,Mulher,WIT
Ester de Lima Pontes Andrade,Mulher,Rebeca de Jesus Brandão,Mulher,WIT
Kamila Almeida Benevides,Mulher,Kelly Bianca Araujo Silva,Mulher,WIT
Kamila Almeida Benevides,Mulher,Lilian Giselly Pereira Santos,Mulher,WIT
Kamila Almeida Benevides,Mulher,Luana Júlia Nunes Ferreira,Mulher,WIT
Kamila Almeida Benevides,Mulher,Natália de Assis Sousa,Mulher,WIT
Kamila Almeida Benevides,Mulher,Rebeca de Jesus Brandão,Mulher,WIT
Kelly Bianca Araujo Silva,Mulher,Lilian Giselly Pereira Santos,Mulher,WIT
Kelly Bianca Araujo Silva,Mulher,Luana Júlia Nunes Ferreira,Mulher,WIT
Kelly Bianca Araujo Silva,Mulher,Natália de Assis Sousa,Mulher,WIT
Kelly Bianca Araujo Silva,Mulher,Rebeca de Jesus Brandão,Mulher,WIT
Lilian Giselly Pereira Santos,Mulher,Luana Júlia Nunes Ferreira,Mulher,WIT
Lilian Giselly Pereira Santos,Mulher,Natália de Assis Sousa,Mulher,WIT
Lilian Giselly Pereira Santos,Mulher,Rebeca de Jesus Brandão,Mulher,WIT
Luana Júlia Nunes Ferreira,Mulher,Natália de Assis Sousa,Mulher,WIT
Luana Júlia Nunes Ferreira,Mulher,Rebeca de Jesus Brandão,Mulher,WIT
Natália de Assis Sousa,Mulher,Rebeca de Jesus Brandão,Mulher,WIT
Eliana Almeida,Mulher,Ester de Lima Pontes Andrade,Mulher,WIT
Eliana Almeida,Mulher,Kamila Almeida Benevides,Mulher,WIT
Eliana Almeida,Mulher,Kelly Bianca Araujo Silva,Mulher,WIT
Eliana Almeida,Mulher,Letícia Medeiros,Mulher,WIT
Eliana Almeida,Mulher,Luana Júlia Nunes Ferreira,Mulher,WIT
Eliana Almeida,Mulher,Natália de Assis Sousa,Mulher,WIT
Eliana Almeida,Mulher,Sunny Kelma Oliveira Miranda,Mulher,WIT
Ester de Lima Pontes Andrade,Mulher,Kamila Almeida Benevides,Mulher,WIT
Ester de Lima Pontes Andrade,Mulher,Kelly Bianca Araujo Silva,Mulher,WIT
Ester de Lima Pontes Andrade,Mulher,Letícia Medeiros,Mulher,WIT
Ester de Lima Pontes Andrade,Mulher,Luana Júlia Nunes Ferreira,Mulher,WIT
Ester de Lima Pontes Andrade,Mulher,Natália de Assis Sousa,Mulher,WIT
Ester de Lima Pontes Andrade,Mulher,Sunny Kelma Oliveira Miranda,Mulher,WIT
Kamila Almeida Benevides,Mulher,Kelly Bianca Araujo Silva,Mulher,WIT
Kamila Almeida Benevides,Mulher,Letícia Medeiros,Mulher,WIT
Kamila Almeida Benevides,Mulher,Luana Júlia Nunes Ferreira,Mulher,WIT
Kamila Almeida Benevides,Mulher,Natália de Assis Sousa,Mulher,WIT
Kamila Almeida Benevides,Mulher,Sunny Kelma Oliveira Miranda,Mulher,WIT
Kelly Bianca Araujo Silva,Mulher,Letícia Medeiros,Mulher,WIT
Kelly Bianca Araujo Silva,Mulher,Luana Júlia Nunes Ferreira,Mulher,WIT
Kelly Bianca Araujo Silva,Mulher,Natália de Assis Sousa,Mulher,WIT
Kelly Bianca Araujo Silva,Mulher,Sunny Kelma Oliveira Miranda,Mulher,WIT
Letícia Medeiros,Mulher,Luana Júlia Nunes Ferreira,Mulher,WIT
Letícia Medeiros,Mulher,Natália de Assis Sousa,Mulher,WIT
Letícia Medeiros,Mulher,Sunny Kelma Oliveira Miranda,Mulher,WIT
Luana Júlia Nunes Ferreira,Mulher,Natália de Assis Sousa,Mulher,WIT
Luana Júlia Nunes Ferreira,Mulher,Sunny Kelma Oliveira Miranda,Mulher,WIT
Natália de Assis Sousa,Mulher,Sunny Kelma Oliveira Miranda,Mulher,WIT
Claiton Correa,Homem,Fernando Oliveira,Homem,ENCompIF
Claiton Correa,Homem,Joaquim Assunção,Homem,ENCompIF
Fernando Oliveira,Homem,Joaquim Assunção,Homem,ENCompIF
Jônatas Wehrmann,Homem,Rodrigo C. Barros,Homem,CTD
Carla N. Lintzmayer,Mulher,Cristina Fernandes,Mulher,ETC
Carla N. Lintzmayer,Mulher,Mário César San Felice,Homem,ETC
Cristina Fernandes,Mulher,Mário César San Felice,Homem,ETC
Kadidja Valéria R. Oliveira,Mulher,Sylvana Karla S. L. Santos,Mulher,ENCompIF
Adriano F. Borgatto,Homem,Christiane Gresse von Wangenheim,Mulher,WEI
Adriano F. Borgatto,Homem,Gustavo de Castro Salvador,Homem,WEI
Adriano F. Borgatto,Homem,Marcelo Fernando Rauber,Homem,WEI
Christiane Gresse von Wangenheim,Mulher,Gustavo de Castro Salvador,Homem,WEI
Christiane Gresse von Wangenheim,Mulher,Marcelo Fernando Rauber,Homem,WEI
Gustavo de Castro Salvador,Homem,Marcelo Fernando Rauber,Homem,WEI
Adiel de Almeida Filho,Homem,Diogo Lima Silva,Homem,SEMISH
Adiel de Almeida Filho,Homem,Julio Cezar Silva,Homem,SEMISH
Diogo Lima Silva,Homem,Julio Cezar Silva,Homem,SEMISH
João Ricardo dos S. Rosa,Homem,Natasha Malveira C. Valentim,Mulher,WEI
Heloneida Coelho,Mulher,Olavo Brito Neto,Homem,ENCompIF
Cândida Nunes da Silva,Mulher,Orlando Lee,Homem,ETC
Cândida Nunes da Silva,Mulher,Vinícius de Souza Carvalho,Homem,ETC
Orlando Lee,Homem,Vinícius de Souza Carvalho,Homem,ETC
Cândida Nunes da Silva,Mulher,Lucas Rigo Yoshimura,Homem,CTIC
Cândida Nunes da Silva,Mulher,Maycon Sambinelli,Homem,CTIC
Cândida Nunes da Silva,Mulher,Orlando Lee,Homem,CTIC
Lucas Rigo Yoshimura,Homem,Maycon Sambinelli,Homem,CTIC
Lucas Rigo Yoshimura,Homem,Orlando Lee,Homem,CTIC
Maycon Sambinelli,Homem,Orlando Lee,Homem,CTIC
Ana Alencar,Mulher,Anna Marques,Mulher,WIT
Ana Alencar,Mulher,Karina Branco,Mulher,WIT
Ana Alencar,Mulher,Maria Mendes,Mulher,WIT
Ana Alencar,Mulher,Valéria Pinheiro,Mulher,WIT
Anna Marques,Mulher,Karina Branco,Mulher,WIT
Anna Marques,Mulher,Maria Mendes,Mulher,WIT
Anna Marques,Mulher,Valéria Pinheiro,Mulher,WIT
Karina Branco,Mulher,Maria Mendes,Mulher,WIT
Karina Branco,Mulher,Valéria Pinheiro,Mulher,WIT
Maria Mendes,Mulher,Valéria Pinheiro,Mulher,WIT
Alexandre Costa,Homem,Flávia Delicato,Mulher,SBCUP
Alexandre Costa,Homem,Jose Souza,Homem,SBCUP
Flávia Delicato,Mulher,Jose Souza,Homem,SBCUP
Evilasio Costa Junior,Homem,Leonardo Rocha,Homem,SBCUP
Evilasio Costa Junior,Homem,Rafael Gomes,Homem,SBCUP
Evilasio Costa Junior,Homem,Rossana Andrade,Mulher,SBCUP
Leonardo Rocha,Homem,Rafael Gomes,Homem,SBCUP
Leonardo Rocha,Homem,Rossana Andrade,Mulher,SBCUP
Rafael Gomes,Homem,Rossana Andrade,Mulher,SBCUP
Ana Carla Kruger Leite,Mulher,Cibelle Amorim Martins,Mulher,WIT
Ana Carla Kruger Leite,Mulher,Clara Marques Bodart,Mulher,WIT
Ana Carla Kruger Leite,Mulher,Márcia Gonçalves Oliveira,Mulher,WIT
Ana Carla Kruger Leite,Mulher,Soraya Roberta dos Santos Medeiros,Mulher,WIT
Cibelle Amorim Martins,Mulher,Clara Marques Bodart,Mulher,WIT
Cibelle Amorim Martins,Mulher,Márcia Gonçalves Oliveira,Mulher,WIT
Cibelle Amorim Martins,Mulher,Soraya Roberta dos Santos Medeiros,Mulher,WIT
Clara Marques Bodart,Mulher,Márcia Gonçalves Oliveira,Mulher,WIT
Clara Marques Bodart,Mulher,Soraya Roberta dos Santos Medeiros,Mulher,WIT
Márcia Gonçalves Oliveira,Mulher,Soraya Roberta dos Santos Medeiros,Mulher,WIT
Ana Silva,Mulher,Kenny Domingues,Homem,ETC
Ana Silva,Mulher,Yuri Silva de Oliveira,Homem,ETC
Kenny Domingues,Homem,Yuri Silva de Oliveira,Homem,ETC
Ronney Moreira Castro,Homem,Tadeu Moreira de Classe,Homem,WEI
Maria Luíza López Cruz,Mulher,Raquel Souza Francisco Bravo,Mulher,ETC
Fernando A. Teixeira,Homem,Marconi de Arruda Pereira,Homem,WEI
Fernando A. Teixeira,Homem,Sérgio de Oliveira,Homem,WEI
Marconi de Arruda Pereira,Homem,Sérgio de Oliveira,Homem,WEI
Ernane Martins,Homem,Luís Gouveia,Homem,WEI
Antonio L. Amadeu,Homem,Eduardo M. Pereira,Homem,SEMISH
Antonio L. Amadeu,Homem,Fernando Vinturin,Homem,SEMISH
Antonio L. Amadeu,Homem,Guilherme A. Zimeo Morais,Homem,SEMISH
Antonio L. Amadeu,Homem,Maickel Hubner,Homem,SEMISH
Antonio L. Amadeu,Homem,Marcelo Santos,Homem,SEMISH
Eduardo M. Pereira,Homem,Fernando Vinturin,Homem,SEMISH
Eduardo M. Pereira,Homem,Guilherme A. Zimeo Morais,Homem,SEMISH
Eduardo M. Pereira,Homem,Maickel Hubner,Homem,SEMISH
Eduardo M. Pereira,Homem,Marcelo Santos,Homem,SEMISH
Fernando Vinturin,Homem,Guilherme A. Zimeo Morais,Homem,SEMISH
Fernando Vinturin,Homem,Maickel Hubner,Homem,SEMISH
Fernando Vinturin,Homem,Marcelo Santos,Homem,SEMISH
Guilherme A. Zimeo Morais,Homem,Maickel Hubner,Homem,SEMISH
Guilherme A. Zimeo Morais,Homem,Marcelo Santos,Homem,SEMISH
Maickel Hubner,Homem,Marcelo Santos,Homem,SEMISH
Renato F. Bulcão-Neto,Homem,Thalia S. Santana,Mulher,SBCUP
Bruno Gadelha,Homem,Fabian de Oliveira Lopes,Homem,WASHES
Ayslan Trevizan Possebom,Homem,Carlos Roberto Beleti Junior,Homem,WEI
Ayslan Trevizan Possebom,Homem,César Alberto da Silva,Homem,WEI
Ayslan Trevizan Possebom,Homem,Daniela Eloise Flôr,Mulher,WEI
Ayslan Trevizan Possebom,Homem,Eduardo Henrique Molina da Cruz,Homem,WEI
Ayslan Trevizan Possebom,Homem,Paulo César Gonçalves,Homem,WEI
Ayslan Trevizan Possebom,Homem,Rodrigo Hübner,Homem,WEI
Carlos Roberto Beleti Junior,Homem,César Alberto da Silva,Homem,WEI
Carlos Roberto Beleti Junior,Homem,Daniela Eloise Flôr,Mulher,WEI
Carlos Roberto Beleti Junior,Homem,Eduardo Henrique Molina da Cruz,Homem,WEI
Carlos Roberto Beleti Junior,Homem,Paulo César Gonçalves,Homem,WEI
Carlos Roberto Beleti Junior,Homem,Rodrigo Hübner,Homem,WEI
César Alberto da Silva,Homem,Daniela Eloise Flôr,Mulher,WEI
César Alberto da Silva,Homem,Eduardo Henrique Molina da Cruz,Homem,WEI
César Alberto da Silva,Homem,Paulo César Gonçalves,Homem,WEI
César Alberto da Silva,Homem,Rodrigo Hübner,Homem,WEI
Daniela Eloise Flôr,Mulher,Eduardo Henrique Molina da Cruz,Homem,WEI
Daniela Eloise Flôr,Mulher,Paulo César Gonçalves,Homem,WEI
Daniela Eloise Flôr,Mulher,Rodrigo Hübner,Homem,WEI
Eduardo Henrique Molina da Cruz,Homem,Paulo César Gonçalves,Homem,WEI
Eduardo Henrique Molina da Cruz,Homem,Rodrigo Hübner,Homem,WEI
Paulo César Gonçalves,Homem,Rodrigo Hübner,Homem,WEI
Ana Cecília M. de Melo,Mulher,Glaucia M. M. Campos,Mulher,WIT
Ana Luisa D. Almeida,Mulher,Gabriel C. Carrara,Homem,ENCompIF
Ana Luisa D. Almeida,Mulher,Isabele B. Prates,Mulher,ENCompIF
Ana Luisa D. Almeida,Mulher,João Gabriel R. Silva,Homem,ENCompIF
Ana Luisa D. Almeida,Mulher,Letícia C. T. Nascimento,Mulher,ENCompIF
Ana Luisa D. Almeida,Mulher,Pedro H. O. Souza,Homem,ENCompIF
Ana Luisa D. Almeida,Mulher,Renato C. Cani,Homem,ENCompIF
Ana Luisa D. Almeida,Mulher,Thiago R. Almeida,Homem,ENCompIF
Gabriel C. Carrara,Homem,Isabele B. Prates,Mulher,ENCompIF
Gabriel C. Carrara,Homem,João Gabriel R. Silva,Homem,ENCompIF
Gabriel C. Carrara,Homem,Letícia C. T. Nascimento,Mulher,ENCompIF
Gabriel C. Carrara,Homem,Pedro H. O. Souza,Homem,ENCompIF
Gabriel C. Carrara,Homem,Renato C. Cani,Homem,ENCompIF
Gabriel C. Carrara,Homem,Thiago R. Almeida,Homem,ENCompIF
Isabele B. Prates,Mulher,João Gabriel R. Silva,Homem,ENCompIF
Isabele B. Prates,Mulher,Letícia C. T. Nascimento,Mulher,ENCompIF
Isabele B. Prates,Mulher,Pedro H. O. Souza,Homem,ENCompIF
Isabele B. Prates,Mulher,Renato C. Cani,Homem,ENCompIF
Isabele B. Prates,Mulher,Thiago R. Almeida,Homem,ENCompIF
João Gabriel R. Silva,Homem,Letícia C. T. Nascimento,Mulher,ENCompIF
João Gabriel R. Silva,Homem,Pedro H. O. Souza,Homem,ENCompIF
João Gabriel R. Silva,Homem,Renato C. Cani,Homem,ENCompIF
João Gabriel R. Silva,Homem,Thiago R. Almeida,Homem,ENCompIF
Letícia C. T. Nascimento,Mulher,Pedro H. O. Souza,Homem,ENCompIF
Letícia C. T. Nascimento,Mulher,Renato C. Cani,Homem,ENCompIF
Letícia C. T. Nascimento,Mulher,Thiago R. Almeida,Homem,ENCompIF
Pedro H. O. Souza,Homem,Renato C. Cani,Homem,ENCompIF
Pedro H. O. Souza,Homem,Thiago R. Almeida,Homem,ENCompIF
Renato C. Cani,Homem,Thiago R. Almeida,Homem,ENCompIF
Aíla Maciel,Mulher,Gabriela Felipa Souza,Mulher,WIT
Aíla Maciel,Mulher,Patrícia Araújo de Oliveira,Mulher,WIT
Gabriela Felipa Souza,Mulher,Patrícia Araújo de Oliveira,Mulher,WIT
Dante A. C. Barone,Homem,Guilherme W. P. dos Santos,Homem,WEI
Dante A. C. Barone,Homem,Ives C. Passos,Homem,WEI
Dante A. C. Barone,Homem,Leonardo F. B. S. Carvalho,Homem,WEI
Guilherme W. P. dos Santos,Homem,Ives C. Passos,Homem,WEI
Guilherme W. P. dos Santos,Homem,Leonardo F. B. S. Carvalho,Homem,WEI
Ives C. Passos,Homem,Leonardo F. B. S. Carvalho,Homem,WEI
Gláucia Braga e Silva,Mulher,Maria Theresa Arruda Henriques,Mulher,WIT
Gláucia Braga e Silva,Mulher,Thais Regina de M. B. Silva,Mulher,WIT
Maria Theresa Arruda Henriques,Mulher,Thais Regina de M. B. Silva,Mulher,WIT
Fabrizio Franzoia,Homem,Fernanda Pires,Mulher,WIT
Fabrizio Franzoia,Homem,Marcela Pessoa,Mulher,WIT
Fernanda Pires,Mulher,Marcela Pessoa,Mulher,WIT
Daniel da A. Souza,Homem,Diego L. Cardoso,Homem,SEMISH
Daniel da A. Souza,Homem,Igor W. A. Falcão,Homem,SEMISH
Daniel da A. Souza,Homem,Paulo H. A. Pereira,Homem,SEMISH
Daniel da A. Souza,Homem,Rafael F. Vieira,Homem,SEMISH
Daniel da A. Souza,Homem,Rita de C. P. Cunha,Mulher,SEMISH
Diego L. Cardoso,Homem,Igor W. A. Falcão,Homem,SEMISH
Diego L. Cardoso,Homem,Paulo H. A. Pereira,Homem,SEMISH
Diego L. Cardoso,Homem,Rafael F. Vieira,Homem,SEMISH
Diego L. Cardoso,Homem,Rita de C. P. Cunha,Mulher,SEMISH
Igor W. A. Falcão,Homem,Paulo H. A. Pereira,Homem,SEMISH
Igor W. A. Falcão,Homem,Rafael F. Vieira,Homem,SEMISH
Igor W. A. Falcão,Homem,Rita de C. P. Cunha,Mulher,SEMISH
Paulo H. A. Pereira,Homem,Rafael F. Vieira,Homem,SEMISH
Paulo H. A. Pereira,Homem,Rita de C. P. Cunha,Mulher,SEMISH
Rafael F. Vieira,Homem,Rita de C. P. Cunha,Mulher,SEMISH
Carla N. Lintzmayer,Mulher,Denis G. Fantinato,Homem,ETC
Carla N. Lintzmayer,Mulher,Lucas F. Muniz,Homem,ETC
Denis G. Fantinato,Homem,Lucas F. Muniz,Homem,ETC
Benilda Silva,Mulher,Carlos Portela,Homem,WEI
Benilda Silva,Mulher,Fabricio Farias,Homem,WEI
Benilda Silva,Mulher,Leonardo Gonçalves,Homem,WEI
Benilda Silva,Mulher,Rafael Santos,Homem,WEI
Carlos Portela,Homem,Fabricio Farias,Homem,WEI
Carlos Portela,Homem,Leonardo Gonçalves,Homem,WEI
Carlos Portela,Homem,Rafael Santos,Homem,WEI
Fabricio Farias,Homem,Leonardo Gonçalves,Homem,WEI
Fabricio Farias,Homem,Rafael Santos,Homem,WEI
Leonardo Gonçalves,Homem,Rafael Santos,Homem,WEI
Anna Helena Reali Costa,Mulher,Felipe Leno da Silva,Homem,CTD
Anderson J. C. Sena,Homem,Fabricio J. B. Brito,Homem,WPerformance
Anderson J. C. Sena,Homem,Filipe C. Fernandes,Homem,WPerformance
Anderson J. C. Sena,Homem,Ramon C. F. Araújo,Homem,WPerformance
Anderson J. C. Sena,Homem,Rodrigo M. S. Oliveira,Homem,WPerformance
Fabricio J. B. Brito,Homem,Filipe C. Fernandes,Homem,WPerformance
Fabricio J. B. Brito,Homem,Ramon C. F. Araújo,Homem,WPerformance
Fabricio J. B. Brito,Homem,Rodrigo M. S. Oliveira,Homem,WPerformance
Filipe C. Fernandes,Homem,Ramon C. F. Araújo,Homem,WPerformance
Filipe C. Fernandes,Homem,Rodrigo M. S. Oliveira,Homem,WPerformance
Ramon C. F. Araújo,Homem,Rodrigo M. S. Oliveira,Homem,WPerformance
Aron Miranda Henrique-Alves,Homem,Helton Maia,Homem,SEMISH
Aron Miranda Henrique-Alves,Homem,John Victor Alves Luiz,Homem,SEMISH
Aron Miranda Henrique-Alves,Homem,Richardson Santiago Teles de Menezes,Homem,SEMISH
Aron Miranda Henrique-Alves,Homem,Rossana Moreno Santa Cruz,Mulher,SEMISH
Helton Maia,Homem,John Victor Alves Luiz,Homem,SEMISH
Helton Maia,Homem,Richardson Santiago Teles de Menezes,Homem,SEMISH
Helton Maia,Homem,Rossana Moreno Santa Cruz,Mulher,SEMISH
John Victor Alves Luiz,Homem,Richardson Santiago Teles de Menezes,Homem,SEMISH
John Victor Alves Luiz,Homem,Rossana Moreno Santa Cruz,Mulher,SEMISH
Richardson Santiago Teles de Menezes,Homem,Rossana Moreno Santa Cruz,Mulher,SEMISH
Cleverson Nahum,Homem,Lucas Nóvoa,Homem,SEMISH
Cleverson Nahum,Homem,Silvia Lins,Mulher,SEMISH
Cleverson Nahum,Homem,Virgínia Tavares,Mulher,SEMISH
Lucas Nóvoa,Homem,Silvia Lins,Mulher,SEMISH
Lucas Nóvoa,Homem,Virgínia Tavares,Mulher,SEMISH
Silvia Lins,Mulher,Virgínia Tavares,Mulher,SEMISH
Claudia Motta,Mulher,Paulo Roberto Filho,Homem,SEMISH
Claudia Motta,Mulher,Walkir Brito,Homem,SEMISH
Claudia Motta,Mulher,Zeca Borges,Homem,SEMISH
Paulo Roberto Filho,Homem,Walkir Brito,Homem,SEMISH
Paulo Roberto Filho,Homem,Zeca Borges,Homem,SEMISH
Walkir Brito,Homem,Zeca Borges,Homem,SEMISH
Larissa M. da F. Galeno,Mulher,Maria Eduarda H. Lucena,Mulher,WIT
Larissa M. da F. Galeno,Mulher,Maria Luiza M. Campos,Mulher,WIT
Larissa M. da F. Galeno,Mulher,Tainá da S. Lima,Mulher,WIT
Maria Eduarda H. Lucena,Mulher,Maria Luiza M. Campos,Mulher,WIT
Maria Eduarda H. Lucena,Mulher,Tainá da S. Lima,Mulher,WIT
Maria Luiza M. Campos,Mulher,Tainá da S. Lima,Mulher,WIT
Antônio K. B. Fernandes,Homem,Guilherme O. Mota,Homem,ETC
Antônio K. B. Fernandes,Homem,Hugo M. Vicente,Homem,ETC
Antônio K. B. Fernandes,Homem,Maurício Collares,Homem,ETC
Guilherme O. Mota,Homem,Hugo M. Vicente,Homem,ETC
Guilherme O. Mota,Homem,Maurício Collares,Homem,ETC
Hugo M. Vicente,Homem,Maurício Collares,Homem,ETC
Manoel Horta Ribeiro,Homem,Virgílio A. F. Almeida,Homem,CTD
Manoel Horta Ribeiro,Homem,Wagner Meira Jr,Homem,CTD
Virgílio A. F. Almeida,Homem,Wagner Meira Jr,Homem,CTD
Eduardo E. Mosca,Homem,Francisco A. Rocha,Homem,SBCUP
Eduardo E. Mosca,Homem,Gabriel G. Silva,Homem,SBCUP
Eduardo E. Mosca,Homem,Rafael L. Gomes,Homem,SBCUP
Francisco A. Rocha,Homem,Gabriel G. Silva,Homem,SBCUP
Francisco A. Rocha,Homem,Rafael L. Gomes,Homem,SBCUP
Gabriel G. Silva,Homem,Rafael L. Gomes,Homem,SBCUP
Carla Sanches Nere dos Santos,Mulher,Igor Muzetti Pereira,Homem,SEMISH
Carla Sanches Nere dos Santos,Mulher,Vicente José Peixoto de Amorim,Homem,SEMISH
Igor Muzetti Pereira,Homem,Vicente José Peixoto de Amorim,Homem,SEMISH
Alan Fernandes,Homem,Bruna Soares,Mulher,SEMISH
Alan Fernandes,Homem,Bruno Matias,Homem,SEMISH
Alan Fernandes,Homem,Everton Cavalcante,Homem,SEMISH
Alan Fernandes,Homem,Felipe Rocha,Homem,SEMISH
Alan Fernandes,Homem,Oswaldo de Oliveira,Homem,SEMISH
Alan Fernandes,Homem,Sâmela Ferreira,Mulher,SEMISH
Alan Fernandes,Homem,Thais Batista,Mulher,SEMISH
Bruna Soares,Mulher,Bruno Matias,Homem,SEMISH
Bruna Soares,Mulher,Everton Cavalcante,Homem,SEMISH
Bruna Soares,Mulher,Felipe Rocha,Homem,SEMISH
Bruna Soares,Mulher,Oswaldo de Oliveira,Homem,SEMISH
Bruna Soares,Mulher,Sâmela Ferreira,Mulher,SEMISH
Bruna Soares,Mulher,Thais Batista,Mulher,SEMISH
Bruno Matias,Homem,Everton Cavalcante,Homem,SEMISH
Bruno Matias,Homem,Felipe Rocha,Homem,SEMISH
Bruno Matias,Homem,Oswaldo de Oliveira,Homem,SEMISH
Bruno Matias,Homem,Sâmela Ferreira,Mulher,SEMISH
Bruno Matias,Homem,Thais Batista,Mulher,SEMISH
Everton Cavalcante,Homem,Felipe Rocha,Homem,SEMISH
Everton Cavalcante,Homem,Oswaldo de Oliveira,Homem,SEMISH
Everton Cavalcante,Homem,Sâmela Ferreira,Mulher,SEMISH
Everton Cavalcante,Homem,Thais Batista,Mulher,SEMISH
Felipe Rocha,Homem,Oswaldo de Oliveira,Homem,SEMISH
Felipe Rocha,Homem,Sâmela Ferreira,Mulher,SEMISH
Felipe Rocha,Homem,Thais Batista,Mulher,SEMISH
Oswaldo de Oliveira,Homem,Sâmela Ferreira,Mulher,SEMISH
Oswaldo de Oliveira,Homem,Thais Batista,Mulher,SEMISH
Sâmela Ferreira,Mulher,Thais Batista,Mulher,SEMISH
Hugo Kuribayashi,Homem,Isaac Barros,Homem,SBCUP
Hugo Kuribayashi,Homem,João Carmona,Homem,SBCUP
Hugo Kuribayashi,Homem,Warley Junior,Homem,SBCUP
Hugo Kuribayashi,Homem,Wendel Serra,Homem,SBCUP
Isaac Barros,Homem,João Carmona,Homem,SBCUP
Isaac Barros,Homem,Warley Junior,Homem,SBCUP
Isaac Barros,Homem,Wendel Serra,Homem,SBCUP
João Carmona,Homem,Warley Junior,Homem,SBCUP
João Carmona,Homem,Wendel Serra,Homem,SBCUP
Warley Junior,Homem,Wendel Serra,Homem,SBCUP
Andre Aquino,Homem,Arthur Melo,Homem,SBCUP
Andre Aquino,Homem,Hugo Souza,Homem,SBCUP
Arthur Melo,Homem,Hugo Souza,Homem,SBCUP
Mauro F. Santos Junior,Homem,Sergiana Alves da Silva,Mulher,WEI
Antonio Carlos Schneider Beck,Homem,Luigi Carro,Homem,CTD
Antonio Carlos Schneider Beck,Homem,Marcelo Brandalero,Homem,CTD
Luigi Carro,Homem,Marcelo Brandalero,Homem,CTD
André L. L. Aquino,Homem,Israel L. C. Vasconcelos,Homem,SBCUP
Alecsander Dornelles,Homem,Rafael Parizi,Homem,ENCompIF
Barbara Freitas,Mulher,Luciana Cosme,Mulher,WIT
Barbara Freitas,Mulher,Mayara Nascimento,Mulher,WIT
Luciana Cosme,Mulher,Mayara Nascimento,Mulher,WIT
Lucas Ribeiro,Homem,Windson Viana,Homem,SBCUP
Ronney Moreira Castro,Homem,Tadeu Moreira de Classe,Homem,WEI
Bruno L. Netto,Homem,Fábio Botler,Homem,ETC
Carlos E. Ferreira,Homem,Gabriel M. de Azevedo,Homem,ETC
André L. P. Guedes,Homem,Leandro M. Zatesko,Homem,CTD
André L. P. Guedes,Homem,Renato Carmo,Homem,CTD
Leandro M. Zatesko,Homem,Renato Carmo,Homem,CTD
Fabricio Mendoza-Granada,Homem,Marcos Villagra,Homem,ETC
Alessandra Herranz Gazquez,Mulher,Regiane da Silva Macuch,Mulher,WIT
Adenauer Yamin,Homem,Jorge Aranda,Homem,SBCUP
Adenauer Yamin,Homem,Jorge Barbosa,Homem,SBCUP
Adenauer Yamin,Homem,Juliano Carvalho,Homem,SBCUP
Adenauer Yamin,Homem,Lucas Dias,Homem,SBCUP
Adenauer Yamin,Homem,Mauricio Tavares,Homem,SBCUP
Jorge Aranda,Homem,Jorge Barbosa,Homem,SBCUP
Jorge Aranda,Homem,Juliano Carvalho,Homem,SBCUP
Jorge Aranda,Homem,Lucas Dias,Homem,SBCUP
Jorge Aranda,Homem,Mauricio Tavares,Homem,SBCUP
Jorge Barbosa,Homem,Juliano Carvalho,Homem,SBCUP
Jorge Barbosa,Homem,Lucas Dias,Homem,SBCUP
Jorge Barbosa,Homem,Mauricio Tavares,Homem,SBCUP
Juliano Carvalho,Homem,Lucas Dias,Homem,SBCUP
Juliano Carvalho,Homem,Mauricio Tavares,Homem,SBCUP
Lucas Dias,Homem,Mauricio Tavares,Homem,SBCUP
Fabiano de Souza Oliveira,Homem,Jayme Luiz Szwarcfiter,Homem,ETC
Fabiano de Souza Oliveira,Homem,Vitor Tocci Ferreira de Luca,Homem,ETC
Jayme Luiz Szwarcfiter,Homem,Vitor Tocci Ferreira de Luca,Homem,ETC
Ana Silva,Mulher,Davi de Andrade,Homem,ETC
Adriano Kamimura Suzuki,Homem,Matheus Henrique Junqueira Saldanha,Homem,CTIC
Atílio G. Luiz,Homem,Luisa Frickes,Mulher,CTIC
Atílio G. Luiz,Homem,Simone Dantas,Mulher,CTIC
Luisa Frickes,Mulher,Simone Dantas,Mulher,CTIC
Claudson F. Bornstein,Homem,Jayme L. Szwarcfiter,Homem,CTD
Claudson F. Bornstein,Homem,Tanilson D. Santos,Homem,CTD
Claudson F. Bornstein,Homem,Uéverton S. Souza,Homem,CTD
Jayme L. Szwarcfiter,Homem,Tanilson D. Santos,Homem,CTD
Jayme L. Szwarcfiter,Homem,Uéverton S. Souza,Homem,CTD
Tanilson D. Santos,Homem,Uéverton S. Souza,Homem,CTD
Alexandre Cezar,Homem,Ana Silva,Mulher,ETC
Alexandre Cezar,Homem,Carlos V. G. C. Lima,Homem,ETC
Alexandre Cezar,Homem,Júlio Araújo,Homem,ETC
Alexandre Cezar,Homem,Vinicius F. dos Santos,Homem,ETC
Ana Silva,Mulher,Carlos V. G. C. Lima,Homem,ETC
Ana Silva,Mulher,Júlio Araújo,Homem,ETC
Ana Silva,Mulher,Vinicius F. dos Santos,Homem,ETC
Carlos V. G. C. Lima,Homem,Júlio Araújo,Homem,ETC
Carlos V. G. C. Lima,Homem,Vinicius F. dos Santos,Homem,ETC
Júlio Araújo,Homem,Vinicius F. dos Santos,Homem,ETC
Juliano F. Kazienko,Homem,Silvio E. Quincozes,Homem,WPerformance
Juliano F. Kazienko,Homem,Vagner E. Quincozes,Homem,WPerformance
Silvio E. Quincozes,Homem,Vagner E. Quincozes,Homem,WPerformance
Fabrício Silva,Homem,Leonardo Santos,Homem,SBCUP
Fabrício Silva,Homem,Mateus Silva,Homem,SBCUP
Fabrício Silva,Homem,Raissa Souza,Mulher,SBCUP
Fabrício Silva,Homem,Thais Silva,Mulher,SBCUP
Leonardo Santos,Homem,Mateus Silva,Homem,SBCUP
Leonardo Santos,Homem,Raissa Souza,Mulher,SBCUP
Leonardo Santos,Homem,Thais Silva,Mulher,SBCUP
Mateus Silva,Homem,Raissa Souza,Mulher,SBCUP
Mateus Silva,Homem,Thais Silva,Mulher,SBCUP
Raissa Souza,Mulher,Thais Silva,Mulher,SBCUP
Bruno A. Bonifácio,Homem,César França,Homem,WASHES
Bruno A. Bonifácio,Homem,Franciney O. Lima,Homem,WASHES
César França,Homem,Franciney O. Lima,Homem,WASHES
Josely Cubero,Mulher,Julia Passos,Mulher,WIT
Josely Cubero,Mulher,Karina Huh,Mulher,WIT
Josely Cubero,Mulher,Lais Cavalheiro,Mulher,WIT
Josely Cubero,Mulher,Marcelo M. Eler,Homem,WIT
Josely Cubero,Mulher,Sarajane M. Peres,Mulher,WIT
Josely Cubero,Mulher,Yasmin Gonçalves,Mulher,WIT
Julia Passos,Mulher,Karina Huh,Mulher,WIT
Julia Passos,Mulher,Lais Cavalheiro,Mulher,WIT
Julia Passos,Mulher,Marcelo M. Eler,Homem,WIT
Julia Passos,Mulher,Sarajane M. Peres,Mulher,WIT
Julia Passos,Mulher,Yasmin Gonçalves,Mulher,WIT
Karina Huh,Mulher,Lais Cavalheiro,Mulher,WIT
Karina Huh,Mulher,Marcelo M. Eler,Homem,WIT
Karina Huh,Mulher,Sarajane M. Peres,Mulher,WIT
Karina Huh,Mulher,Yasmin Gonçalves,Mulher,WIT
Lais Cavalheiro,Mulher,Marcelo M. Eler,Homem,WIT
Lais Cavalheiro,Mulher,Sarajane M. Peres,Mulher,WIT
Lais Cavalheiro,Mulher,Yasmin Gonçalves,Mulher,WIT
Marcelo M. Eler,Homem,Sarajane M. Peres,Mulher,WIT
Marcelo M. Eler,Homem,Yasmin Gonçalves,Mulher,WIT
Sarajane M. Peres,Mulher,Yasmin Gonçalves,Mulher,WIT
Daniel Victor Teixeira Lima,Homem,Francisco de Albuquerque Júnior,Homem,SEMISH
Daniel Victor Teixeira Lima,Homem,Marcelino Silva da Silva,Homem,SEMISH
Daniel Victor Teixeira Lima,Homem,Vanilze Vaz,Mulher,SEMISH
Francisco de Albuquerque Júnior,Homem,Marcelino Silva da Silva,Homem,SEMISH
Francisco de Albuquerque Júnior,Homem,Vanilze Vaz,Mulher,SEMISH
Marcelino Silva da Silva,Homem,Vanilze Vaz,Mulher,SEMISH
Bruna A. da Silva,Mulher,Cleber Zanchettin,Homem,WPerformance
Bruna A. da Silva,Mulher,David Macedo,Homem,WPerformance
Bruna A. da Silva,Mulher,Paulo F. C. Barbosa,Homem,WPerformance
Bruna A. da Silva,Mulher,Renato M. de Moraes,Homem,WPerformance
Cleber Zanchettin,Homem,David Macedo,Homem,WPerformance
Cleber Zanchettin,Homem,Paulo F. C. Barbosa,Homem,WPerformance
Cleber Zanchettin,Homem,Renato M. de Moraes,Homem,WPerformance
David Macedo,Homem,Paulo F. C. Barbosa,Homem,WPerformance
David Macedo,Homem,Renato M. de Moraes,Homem,WPerformance
Paulo F. C. Barbosa,Homem,Renato M. de Moraes,Homem,WPerformance
Derivaldo Machado da Silva,Homem,Viviane Almeida dos Santos,Mulher,WIT
Arthur Felipe Herdt Schuelter,Homem,Ediana da Silva de Souza,Mulher,WIT
Arthur Felipe Herdt Schuelter,Homem,Isabela Gasparini,Mulher,WIT
Arthur Felipe Herdt Schuelter,Homem,Milene Selbach Silveira,Mulher,WIT
Arthur Felipe Herdt Schuelter,Homem,Rebeca Schroeder,Mulher,WIT
Arthur Felipe Herdt Schuelter,Homem,Simone Diniz Junqueira Barbosa,Mulher,WIT
Arthur Felipe Herdt Schuelter,Homem,Êrica Peters do Carmo,Mulher,WIT
Ediana da Silva de Souza,Mulher,Isabela Gasparini,Mulher,WIT
Ediana da Silva de Souza,Mulher,Milene Selbach Silveira,Mulher,WIT
Ediana da Silva de Souza,Mulher,Rebeca Schroeder,Mulher,WIT
Ediana da Silva de Souza,Mulher,Simone Diniz Junqueira Barbosa,Mulher,WIT
Ediana da Silva de Souza,Mulher,Êrica Peters do Carmo,Mulher,WIT
Isabela Gasparini,Mulher,Milene Selbach Silveira,Mulher,WIT
Isabela Gasparini,Mulher,Rebeca Schroeder,Mulher,WIT
Isabela Gasparini,Mulher,Simone Diniz Junqueira Barbosa,Mulher,WIT
Isabela Gasparini,Mulher,Êrica Peters do Carmo,Mulher,WIT
Milene Selbach Silveira,Mulher,Rebeca Schroeder,Mulher,WIT
Milene Selbach Silveira,Mulher,Simone Diniz Junqueira Barbosa,Mulher,WIT
Milene Selbach Silveira,Mulher,Êrica Peters do Carmo,Mulher,WIT
Rebeca Schroeder,Mulher,Simone Diniz Junqueira Barbosa,Mulher,WIT
Rebeca Schroeder,Mulher,Êrica Peters do Carmo,Mulher,WIT
Simone Diniz Junqueira Barbosa,Mulher,Êrica Peters do Carmo,Mulher,WIT
Cláudio Geyer,Homem,Luis Silva,Homem,SBCUP
Cláudio Geyer,Homem,Valderi Leithardt,Homem,SBCUP
Cláudio Geyer,Homem,Wemerson Parreira,Homem,SBCUP
Luis Silva,Homem,Valderi Leithardt,Homem,SBCUP
Luis Silva,Homem,Wemerson Parreira,Homem,SBCUP
Valderi Leithardt,Homem,Wemerson Parreira,Homem,SBCUP
Alan Salvany Felinto,Homem,Rafael Lucien Bahr Arias,Homem,SEMISH
Adriano Yasuda,Homem,Diego Hoss,Homem,WEI
Adriano Yasuda,Homem,Gil Andrade,Homem,WEI
Adriano Yasuda,Homem,Jonatas Nascimento,Homem,WEI
Adriano Yasuda,Homem,Josepher Silva,Homem,WEI
Adriano Yasuda,Homem,Levy Silva,Homem,WEI
Adriano Yasuda,Homem,Roberta Suero,Mulher,WEI
Diego Hoss,Homem,Gil Andrade,Homem,WEI
Diego Hoss,Homem,Jonatas Nascimento,Homem,WEI
Diego Hoss,Homem,Josepher Silva,Homem,WEI
Diego Hoss,Homem,Levy Silva,Homem,WEI
Diego Hoss,Homem,Roberta Suero,Mulher,WEI
Gil Andrade,Homem,Jonatas Nascimento,Homem,WEI
Gil Andrade,Homem,Josepher Silva,Homem,WEI
Gil Andrade,Homem,Levy Silva,Homem,WEI
Gil Andrade,Homem,Roberta Suero,Mulher,WEI
Jonatas Nascimento,Homem,Josepher Silva,Homem,WEI
Jonatas Nascimento,Homem,Levy Silva,Homem,WEI
Jonatas Nascimento,Homem,Roberta Suero,Mulher,WEI
Josepher Silva,Homem,Levy Silva,Homem,WEI
Josepher Silva,Homem,Roberta Suero,Mulher,WEI
Levy Silva,Homem,Roberta Suero,Mulher,WEI
Gulherme Andrade,Homem,Leonardo Rocha,Homem,CTIC
Eduardo Ferreira Baroni,Homem,Gabriel Medina Braga,Homem,WPerformance
Flávio Rocha,Homem,Maykon Renan Pereira da Silva,Homem,WPerformance
Esther Luna Colombini,Mulher,Rafael Anicet Zanini,Homem,CTD
Artur Jordão Lima Correia,Homem,William Robson Schwartz,Homem,CTD
Dyego Carlos Sales de Morais,Homem,Flávia Mendes de Andrade e Peres,Mulher,WEI
Dyego Carlos Sales de Morais,Homem,Patrícia Cabral de Azevedo Restelli Tedesco,Mulher,WEI
Dyego Carlos Sales de Morais,Homem,Taciana Pontual Falcão,Mulher,WEI
Flávia Mendes de Andrade e Peres,Mulher,Patrícia Cabral de Azevedo Restelli Tedesco,Mulher,WEI
Flávia Mendes de Andrade e Peres,Mulher,Taciana Pontual Falcão,Mulher,WEI
Patrícia Cabral de Azevedo Restelli Tedesco,Mulher,Taciana Pontual Falcão,Mulher,WEI
Caroline Sacramento Alves,Mulher,Débora Abdalla,Mulher,WIT
Caroline Sacramento Alves,Mulher,Juliana Maria Oliveira dos Santos,Mulher,WIT
Débora Abdalla,Mulher,Juliana Maria Oliveira dos Santos,Mulher,WIT
Daniel de Oliveira,Homem,Esther Pacitti,Mulher,WPerformance
Daniel de Oliveira,Homem,Rodrigo A. P. Silva,Homem,WPerformance
Daniel de Oliveira,Homem,Yuri Frota,Homem,WPerformance
Esther Pacitti,Mulher,Rodrigo A. P. Silva,Homem,WPerformance
Esther Pacitti,Mulher,Yuri Frota,Homem,WPerformance
Rodrigo A. P. Silva,Homem,Yuri Frota,Homem,WPerformance
Bruno Duarte,Homem,Dierli M. da R. Maschio,Homem,WPerformance
Bruno Duarte,Homem,Jean Patric da Costa,Homem,WPerformance
Bruno Duarte,Homem,Marcelo Teixeira,Homem,WPerformance
Dierli M. da R. Maschio,Homem,Jean Patric da Costa,Homem,WPerformance
Dierli M. da R. Maschio,Homem,Marcelo Teixeira,Homem,WPerformance
Jean Patric da Costa,Homem,Marcelo Teixeira,Homem,WPerformance
Ermeson Andrade,Homem,Ewerton Queiroz,Homem,WPerformance
Ermeson Andrade,Homem,Gustavo Callou,Homem,WPerformance
Ermeson Andrade,Homem,Júlio Mendonça,Homem,WPerformance
Ermeson Andrade,Homem,Valdir Carvalho,Homem,WPerformance
Ewerton Queiroz,Homem,Gustavo Callou,Homem,WPerformance
Ewerton Queiroz,Homem,Júlio Mendonça,Homem,WPerformance
Ewerton Queiroz,Homem,Valdir Carvalho,Homem,WPerformance
Gustavo Callou,Homem,Júlio Mendonça,Homem,WPerformance
Gustavo Callou,Homem,Valdir Carvalho,Homem,WPerformance
Júlio Mendonça,Homem,Valdir Carvalho,Homem,WPerformance
Denilson Souza Bélo,Homem,Edson Midorikawa,Homem,WPerformance
Denilson Souza Bélo,Homem,Liria Sato,Mulher,WPerformance
Edson Midorikawa,Homem,Liria Sato,Mulher,WPerformance
Darlan Eziquiel Felisberto da Silva,Homem,Karina Wiechork,Mulher,WPerformance
Darlan Eziquiel Felisberto da Silva,Homem,Marco Antoni,Homem,WPerformance
Karina Wiechork,Mulher,Marco Antoni,Homem,WPerformance
Ana Caroline Fernandes Spengler,Mulher,Paulo Sérgio Lopes de Souza,Homem,WPerformance
Luciana S. Buriol,Mulher,Toni I. Wickert,Homem,CTD
Cristiano Maciel,Homem,Karen da Silva Figueiredo Medeiros Ribeiro,Mulher,WIT
Cristiano Maciel,Homem,Leticia Santos Machado,Mulher,WIT
Cristiano Maciel,Homem,Luciana Bolan Frigo,Mulher,WIT
Cristiano Maciel,Homem,Silvia Amelia Bim,Mulher,WIT
Karen da Silva Figueiredo Medeiros Ribeiro,Mulher,Leticia Santos Machado,Mulher,WIT
Karen da Silva Figueiredo Medeiros Ribeiro,Mulher,Luciana Bolan Frigo,Mulher,WIT
Karen da Silva Figueiredo Medeiros Ribeiro,Mulher,Silvia Amelia Bim,Mulher,WIT
Leticia Santos Machado,Mulher,Luciana Bolan Frigo,Mulher,WIT
Leticia Santos Machado,Mulher,Silvia Amelia Bim,Mulher,WIT
Luciana Bolan Frigo,Mulher,Silvia Amelia Bim,Mulher,WIT
Eduardo Figueiredo,Homem,Maurício Souza,Homem,WEI
Eduardo Figueiredo,Homem,Renata Moreira,Mulher,WEI
Maurício Souza,Homem,Renata Moreira,Mulher,WEI
Ayla Dantas,Mulher,Ivonildo Neto,Homem,WEI
Ayla Dantas,Mulher,Matheus Oliveira,Homem,WEI
Ivonildo Neto,Homem,Matheus Oliveira,Homem,WEI
Adson Esteves,Homem,Aluizio Filho,Homem,WEI
Adson Esteves,Homem,André Raabe,Homem,WEI
Adson Esteves,Homem,Luiz Noschang,Homem,WEI
Aluizio Filho,Homem,André Raabe,Homem,WEI
Aluizio Filho,Homem,Luiz Noschang,Homem,WEI
André Raabe,Homem,Luiz Noschang,Homem,WEI
Celina M. H. de Figueiredo,Mulher,Franklin de L. Marquezino,Homem,ETC
Celina M. H. de Figueiredo,Mulher,Luis A. B. Kowada,Homem,ETC
Franklin de L. Marquezino,Homem,Luis A. B. Kowada,Homem,ETC
Aleteia Araujo,Mulher,Maristela Holanda,Mulher,WIT
Aloísio Alkmim de Oliveira Filho,Homem,Gustavo Bittencourt Machado,Homem,WASHES
Aloísio Alkmim de Oliveira Filho,Homem,Izabela Lorena Azevedo,Mulher,WASHES
Aloísio Alkmim de Oliveira Filho,Homem,Larissa Kiana Santos Azevedo Martins,Mulher,WASHES
Aloísio Alkmim de Oliveira Filho,Homem,Nayana Borges das Mercês,Mulher,WASHES
Aloísio Alkmim de Oliveira Filho,Homem,Tayana Nery Franca,Mulher,WASHES
Aloísio Alkmim de Oliveira Filho,Homem,Taís Pinheiro Borges Silva,Mulher,WASHES
Aloísio Alkmim de Oliveira Filho,Homem,Vanessa Michalsky Barbosa,Mulher,WASHES
Gustavo Bittencourt Machado,Homem,Izabela Lorena Azevedo,Mulher,WASHES
Gustavo Bittencourt Machado,Homem,Larissa Kiana Santos Azevedo Martins,Mulher,WASHES
Gustavo Bittencourt Machado,Homem,Nayana Borges das Mercês,Mulher,WASHES
Gustavo Bittencourt Machado,Homem,Tayana Nery Franca,Mulher,WASHES
Gustavo Bittencourt Machado,Homem,Taís Pinheiro Borges Silva,Mulher,WASHES
Gustavo Bittencourt Machado,Homem,Vanessa Michalsky Barbosa,Mulher,WASHES
Izabela Lorena Azevedo,Mulher,Larissa Kiana Santos Azevedo Martins,Mulher,WASHES
Izabela Lorena Azevedo,Mulher,Nayana Borges das Mercês,Mulher,WASHES
Izabela Lorena Azevedo,Mulher,Tayana Nery Franca,Mulher,WASHES
Izabela Lorena Azevedo,Mulher,Taís Pinheiro Borges Silva,Mulher,WASHES
Izabela Lorena Azevedo,Mulher,Vanessa Michalsky Barbosa,Mulher,WASHES
Larissa Kiana Santos Azevedo Martins,Mulher,Nayana Borges das Mercês,Mulher,WASHES
Larissa Kiana Santos Azevedo Martins,Mulher,Tayana Nery Franca,Mulher,WASHES
Larissa Kiana Santos Azevedo Martins,Mulher,Taís Pinheiro Borges Silva,Mulher,WASHES
Larissa Kiana Santos Azevedo Martins,Mulher,Vanessa Michalsky Barbosa,Mulher,WASHES
Nayana Borges das Mercês,Mulher,Tayana Nery Franca,Mulher,WASHES
Nayana Borges das Mercês,Mulher,Taís Pinheiro Borges Silva,Mulher,WASHES
Nayana Borges das Mercês,Mulher,Vanessa Michalsky Barbosa,Mulher,WASHES
Tayana Nery Franca,Mulher,Taís Pinheiro Borges Silva,Mulher,WASHES
Tayana Nery Franca,Mulher,Vanessa Michalsky Barbosa,Mulher,WASHES
Taís Pinheiro Borges Silva,Mulher,Vanessa Michalsky Barbosa,Mulher,WASHES
Ana Solórzano,Mulher,Andrea Charão,Mulher,WEI
Ana Solórzano,Mulher,Cassiano Schneider,Homem,WEI
Andrea Charão,Mulher,Cassiano Schneider,Homem,WEI
Ismael Araújo Ramos,Homem,Márcio André Baima Amora,Homem,SEMISH
Bruna M. Dalmoro,Mulher,Soraia R. Musse,Mulher,SEMISH
Daiane M. Pereira,Mulher,Rodrigo S. Couto,Homem,WPerformance
Juan Colonna,Homem,Marco Cristo,Homem,SBCUP
Juan Colonna,Homem,Nabson Silva,Homem,SBCUP
Marco Cristo,Homem,Nabson Silva,Homem,SBCUP
Claudia Brandelero Rizzi,Mulher,Daniel Antonio Karling,Homem,WEI
Claudia Brandelero Rizzi,Mulher,Rogério Luis Rizzi,Homem,WEI
Daniel Antonio Karling,Homem,Rogério Luis Rizzi,Homem,WEI
Carla Ilane Moreira Bezerra,Mulher,Gustavo Ivens Oliveira Silva,Homem,WEI
Carla Ilane Moreira Bezerra,Mulher,José Robertty de Freitas Costa,Homem,WEI
Carla Ilane Moreira Bezerra,Mulher,Paulo Miranda e Silva Sousa,Homem,WEI
Carla Ilane Moreira Bezerra,Mulher,Victor de Souza Lima,Homem,WEI
Carla Ilane Moreira Bezerra,Mulher,Wladimir Araújo Tavares,Homem,WEI
Gustavo Ivens Oliveira Silva,Homem,José Robertty de Freitas Costa,Homem,WEI
Gustavo Ivens Oliveira Silva,Homem,Paulo Miranda e Silva Sousa,Homem,WEI
Gustavo Ivens Oliveira Silva,Homem,Victor de Souza Lima,Homem,WEI
Gustavo Ivens Oliveira Silva,Homem,Wladimir Araújo Tavares,Homem,WEI
José Robertty de Freitas Costa,Homem,Paulo Miranda e Silva Sousa,Homem,WEI
José Robertty de Freitas Costa,Homem,Victor de Souza Lima,Homem,WEI
José Robertty de Freitas Costa,Homem,Wladimir Araújo Tavares,Homem,WEI
Paulo Miranda e Silva Sousa,Homem,Victor de Souza Lima,Homem,WEI
Paulo Miranda e Silva Sousa,Homem,Wladimir Araújo Tavares,Homem,WEI
Victor de Souza Lima,Homem,Wladimir Araújo Tavares,Homem,WEI
Jailma da silva,Mulher,Renata Figueiredo,Mulher,WIT
Jailma da silva,Mulher,Sheyla Medeiros,Mulher,WIT
Jailma da silva,Mulher,Thaíse Costa,Mulher,WIT
Jailma da silva,Mulher,Vanessa Dantas,Mulher,WIT
Renata Figueiredo,Mulher,Sheyla Medeiros,Mulher,WIT
Renata Figueiredo,Mulher,Thaíse Costa,Mulher,WIT
Renata Figueiredo,Mulher,Vanessa Dantas,Mulher,WIT
Sheyla Medeiros,Mulher,Thaíse Costa,Mulher,WIT
Sheyla Medeiros,Mulher,Vanessa Dantas,Mulher,WIT
Thaíse Costa,Mulher,Vanessa Dantas,Mulher,WIT
Carla M. Paxiúba,Mulher,Josivan R. Reis,Homem,WIT
Carla M. Paxiúba,Mulher,Luiz Henrique C. Nunes,Homem,WIT
Carla M. Paxiúba,Mulher,Mariana W. B. Nascimento,Mulher,WIT
Carla M. Paxiúba,Mulher,Márcio J. M. Ponte,Homem,WIT
Carla M. Paxiúba,Mulher,Roberto P. Nascimento,Homem,WIT
Josivan R. Reis,Homem,Luiz Henrique C. Nunes,Homem,WIT
Josivan R. Reis,Homem,Mariana W. B. Nascimento,Mulher,WIT
Josivan R. Reis,Homem,Márcio J. M. Ponte,Homem,WIT
Josivan R. Reis,Homem,Roberto P. Nascimento,Homem,WIT
Luiz Henrique C. Nunes,Homem,Mariana W. B. Nascimento,Mulher,WIT
Luiz Henrique C. Nunes,Homem,Márcio J. M. Ponte,Homem,WIT
Luiz Henrique C. Nunes,Homem,Roberto P. Nascimento,Homem,WIT
Mariana W. B. Nascimento,Mulher,Márcio J. M. Ponte,Homem,WIT
Mariana W. B. Nascimento,Mulher,Roberto P. Nascimento,Homem,WIT
Márcio J. M. Ponte,Homem,Roberto P. Nascimento,Homem,WIT
Elisandra Silva,Mulher,Sandra Oliveira,Homem,WIT
Elisandra Silva,Mulher,Thais Sousa,Mulher,WIT
Sandra Oliveira,Homem,Thais Sousa,Mulher,WIT
Juliana Freire,Mulher,Laís M. A. Rocha,Mulher,CTD
Juliana Freire,Mulher,Mirella M. Moro,Mulher,CTD
Laís M. A. Rocha,Mulher,Mirella M. Moro,Mulher,CTD
Débora Zumpichiatti,Mulher,Janaina Gomide,Mulher,WEI
Débora Zumpichiatti,Mulher,João Pinheiro,Homem,WEI
Débora Zumpichiatti,Mulher,Julia Godinho,Mulher,WEI
Débora Zumpichiatti,Mulher,Yuri Guedes ,Homem,WEI
Janaina Gomide,Mulher,João Pinheiro,Homem,WEI
Janaina Gomide,Mulher,Julia Godinho,Mulher,WEI
Janaina Gomide,Mulher,Yuri Guedes ,Homem,WEI
João Pinheiro,Homem,Julia Godinho,Mulher,WEI
João Pinheiro,Homem,Yuri Guedes ,Homem,WEI
Julia Godinho,Mulher,Yuri Guedes ,Homem,WEI
Bianca Santana,Mulher,Camille Jesus,Mulher,WEI
Bianca Santana,Mulher,Roberto Bittencourt,Homem,WEI
Camille Jesus,Mulher,Roberto Bittencourt,Homem,WEI
Gláucia Braga e Silva,Mulher,Maria Dalila Vieira,Mulher,WIT
Gláucia Braga e Silva,Mulher,Thais Regina de M. B. Silva,Mulher,WIT
Maria Dalila Vieira,Mulher,Thais Regina de M. B. Silva,Mulher,WIT
Ana Luísa S. Milson,Mulher,Luísa M. Laboissiere,Mulher,WIT
Ana Luísa S. Milson,Mulher,Marcella D. Ferreira,Mulher,WIT
Ana Luísa S. Milson,Mulher,Michele A. Brandão,Mulher,WIT
Ana Luísa S. Milson,Mulher,Rodrigo Cardoso,Homem,WIT
Luísa M. Laboissiere,Mulher,Marcella D. Ferreira,Mulher,WIT
Luísa M. Laboissiere,Mulher,Michele A. Brandão,Mulher,WIT
Luísa M. Laboissiere,Mulher,Rodrigo Cardoso,Homem,WIT
Marcella D. Ferreira,Mulher,Michele A. Brandão,Mulher,WIT
Marcella D. Ferreira,Mulher,Rodrigo Cardoso,Homem,WIT
Michele A. Brandão,Mulher,Rodrigo Cardoso,Homem,WIT
Ana Alencar,Mulher,Anna Marques,Mulher,WIT
Ana Alencar,Mulher,Valéria Pinheiro,Mulher,WIT
Anna Marques,Mulher,Valéria Pinheiro,Mulher,WIT
Alexandre Cezar,Homem,Ana Shirley Ferreira Silva,Mulher,ETC
Alexandre Cezar,Homem,Carlos Vinícius Gomes Costa Lima,Homem,ETC
Alexandre Cezar,Homem,Julio Araujo,Homem,ETC
Alexandre Cezar,Homem,Vinicius Fernandes dos Santos,Homem,ETC
Ana Shirley Ferreira Silva,Mulher,Carlos Vinícius Gomes Costa Lima,Homem,ETC
Ana Shirley Ferreira Silva,Mulher,Julio Araujo,Homem,ETC
Ana Shirley Ferreira Silva,Mulher,Vinicius Fernandes dos Santos,Homem,ETC
Carlos Vinícius Gomes Costa Lima,Homem,Julio Araujo,Homem,ETC
Carlos Vinícius Gomes Costa Lima,Homem,Vinicius Fernandes dos Santos,Homem,ETC
Julio Araujo,Homem,Vinicius Fernandes dos Santos,Homem,ETC
Celso A. Weffort-Santos,Homem,Christiane N. Campos,Mulher,CTD
Celso A. Weffort-Santos,Homem,Rafael C. S. Schouery,Homem,CTD
Christiane N. Campos,Mulher,Rafael C. S. Schouery,Homem,CTD
Manoel Campêlo,Homem,Pedro Jorge de Abreu Figueredo,Homem,ETC
Antonia Raiane Santos Araujo Cruz,Mulher,Antônio Deivid Santos Costa,Homem,ENCompIF
Alexandre Pereira do Carmo,Homem,Douglas Almonfrey,Homem,SBCUP
Alexandre Pereira do Carmo,Homem,Felippe Mendonça de Queiroz,Homem,SBCUP
Alexandre Pereira do Carmo,Homem,Pedro Vinicius dos Santos Custodio,Homem,SBCUP
Alexandre Pereira do Carmo,Homem,Raquel Frizera Vassallo,Mulher,SBCUP
Alexandre Pereira do Carmo,Homem,Wagner Augusto Aranda Cotta,Homem,SBCUP
Douglas Almonfrey,Homem,Felippe Mendonça de Queiroz,Homem,SBCUP
Douglas Almonfrey,Homem,Pedro Vinicius dos Santos Custodio,Homem,SBCUP
Douglas Almonfrey,Homem,Raquel Frizera Vassallo,Mulher,SBCUP
Douglas Almonfrey,Homem,Wagner Augusto Aranda Cotta,Homem,SBCUP
Felippe Mendonça de Queiroz,Homem,Pedro Vinicius dos Santos Custodio,Homem,SBCUP
Felippe Mendonça de Queiroz,Homem,Raquel Frizera Vassallo,Mulher,SBCUP
Felippe Mendonça de Queiroz,Homem,Wagner Augusto Aranda Cotta,Homem,SBCUP
Pedro Vinicius dos Santos Custodio,Homem,Raquel Frizera Vassallo,Mulher,SBCUP
Pedro Vinicius dos Santos Custodio,Homem,Wagner Augusto Aranda Cotta,Homem,SBCUP
Raquel Frizera Vassallo,Mulher,Wagner Augusto Aranda Cotta,Homem,SBCUP
Bruno Clemente,Homem,Bruno Coutinho,Homem,ENCompIF
Bruno Clemente,Homem,Paulo Sabaini,Homem,ENCompIF
Bruno Coutinho,Homem,Paulo Sabaini,Homem,ENCompIF
Denis Rosário,Homem,Eduardo Cerqueira,Homem,WPerformance
Denis Rosário,Homem,Helder Oliveira,Homem,WPerformance
Denis Rosário,Homem,Rafael Lopes,Homem,WPerformance
Eduardo Cerqueira,Homem,Helder Oliveira,Homem,WPerformance
Eduardo Cerqueira,Homem,Rafael Lopes,Homem,WPerformance
Helder Oliveira,Homem,Rafael Lopes,Homem,WPerformance
Matheus Henrique Junqueira Saldanha,Homem,Paulo Sérgio Lopes de Souza,Homem,CTIC
Carlos Storck,Homem,Efrem Lousada,Homem,SBCUP
Carlos Storck,Homem,Fátima Duarte-Figueiredo,Mulher,SBCUP
Carlos Storck,Homem,Raquel Mini,Mulher,SBCUP
Efrem Lousada,Homem,Fátima Duarte-Figueiredo,Mulher,SBCUP
Efrem Lousada,Homem,Raquel Mini,Mulher,SBCUP
Fátima Duarte-Figueiredo,Mulher,Raquel Mini,Mulher,SBCUP
Diego L. Cardoso,Homem,Igor W. A. Falcão,Homem,WPerformance
Diego L. Cardoso,Homem,Marcos C. R. Seruffo,Homem,WPerformance
Diego L. Cardoso,Homem,Rafael F. Vieira,Homem,WPerformance
Igor W. A. Falcão,Homem,Marcos C. R. Seruffo,Homem,WPerformance
Igor W. A. Falcão,Homem,Rafael F. Vieira,Homem,WPerformance
Marcos C. R. Seruffo,Homem,Rafael F. Vieira,Homem,WPerformance
Rafael C. S. Schouery,Homem,Yulle G. F. Borges,Mulher,ETC
Isabela Gasparini,Mulher,Suzany Angeli,Mulher,WIT
Isabela Gasparini,Mulher,Sílvia Amélia Bim,Mulher,WIT
Suzany Angeli,Mulher,Sílvia Amélia Bim,Mulher,WIT
Elloá Guedes,Mulher,Giovana Lucca,Mulher,WIT
Elloá Guedes,Mulher,Juliany Raiol,Mulher,WIT
Elloá Guedes,Mulher,Nicoli Araújo,Mulher,WIT
Elloá Guedes,Mulher,Rafaela Sousa,Mulher,WIT
Giovana Lucca,Mulher,Juliany Raiol,Mulher,WIT
Giovana Lucca,Mulher,Nicoli Araújo,Mulher,WIT
Giovana Lucca,Mulher,Rafaela Sousa,Mulher,WIT
Juliany Raiol,Mulher,Nicoli Araújo,Mulher,WIT
Juliany Raiol,Mulher,Rafaela Sousa,Mulher,WIT
Nicoli Araújo,Mulher,Rafaela Sousa,Mulher,WIT
Caroline Collange,Mulher,Fernando Magno Quintão Pereira,Homem,CTD
Caroline Collange,Mulher,Marcos Yukio Siraichi,Homem,CTD
Caroline Collange,Mulher,Vinicius F. dos Santos,Homem,CTD
Fernando Magno Quintão Pereira,Homem,Marcos Yukio Siraichi,Homem,CTD
Fernando Magno Quintão Pereira,Homem,Vinicius F. dos Santos,Homem,CTD
Marcos Yukio Siraichi,Homem,Vinicius F. dos Santos,Homem,CTD
Edson M. da Costa,Homem,Jailton W. Tavares,Homem,ENCompIF
Edson M. da Costa,Homem,Patrícia P. Diniz,Mulher,ENCompIF
Edson M. da Costa,Homem,Renato H. Torres,Homem,ENCompIF
Edson M. da Costa,Homem,Wallyson O. das Mecês,Homem,ENCompIF
Jailton W. Tavares,Homem,Patrícia P. Diniz,Mulher,ENCompIF
Jailton W. Tavares,Homem,Renato H. Torres,Homem,ENCompIF
Jailton W. Tavares,Homem,Wallyson O. das Mecês,Homem,ENCompIF
Patrícia P. Diniz,Mulher,Renato H. Torres,Homem,ENCompIF
Patrícia P. Diniz,Mulher,Wallyson O. das Mecês,Homem,ENCompIF
Renato H. Torres,Homem,Wallyson O. das Mecês,Homem,ENCompIF
Fabiano Oliveira,Homem,Flavia Bonomo,Mulher,ETC
Fabiano Oliveira,Homem,Jayme L. Szwarcfiter,Homem,ETC
Fabiano Oliveira,Homem,Moysés Sampaio Jr,Homem,ETC
Flavia Bonomo,Mulher,Jayme L. Szwarcfiter,Homem,ETC
Flavia Bonomo,Mulher,Moysés Sampaio Jr,Homem,ETC
Jayme L. Szwarcfiter,Homem,Moysés Sampaio Jr,Homem,ETC
Brendo Cavalcante,Homem,Bruno Gadelha,Homem,SEMISH
Brendo Cavalcante,Homem,João Gustavo Kienen,Homem,SEMISH
Brendo Cavalcante,Homem,Julia Luiza da Conceição,Mulher,SEMISH
Brendo Cavalcante,Homem,Rosiane Freitas,Mulher,SEMISH
Brendo Cavalcante,Homem,Sérgio Anders,Homem,SEMISH
Bruno Gadelha,Homem,João Gustavo Kienen,Homem,SEMISH
Bruno Gadelha,Homem,Julia Luiza da Conceição,Mulher,SEMISH
Bruno Gadelha,Homem,Rosiane Freitas,Mulher,SEMISH
Bruno Gadelha,Homem,Sérgio Anders,Homem,SEMISH
João Gustavo Kienen,Homem,Julia Luiza da Conceição,Mulher,SEMISH
João Gustavo Kienen,Homem,Rosiane Freitas,Mulher,SEMISH
João Gustavo Kienen,Homem,Sérgio Anders,Homem,SEMISH
Julia Luiza da Conceição,Mulher,Rosiane Freitas,Mulher,SEMISH
Julia Luiza da Conceição,Mulher,Sérgio Anders,Homem,SEMISH
Rosiane Freitas,Mulher,Sérgio Anders,Homem,SEMISH
Carla Delgado,Mulher,Daniel S. Menasché,Homem,WPerformance
Carla Delgado,Mulher,Felipe Assis,Homem,WPerformance
Carla Delgado,Mulher,João Ismael Pinheiro,Homem,WPerformance
Carla Delgado,Mulher,Mateus S. Nogueira,Homem,WPerformance
Daniel S. Menasché,Homem,Felipe Assis,Homem,WPerformance
Daniel S. Menasché,Homem,João Ismael Pinheiro,Homem,WPerformance
Daniel S. Menasché,Homem,Mateus S. Nogueira,Homem,WPerformance
Felipe Assis,Homem,João Ismael Pinheiro,Homem,WPerformance
Felipe Assis,Homem,Mateus S. Nogueira,Homem,WPerformance
João Ismael Pinheiro,Homem,Mateus S. Nogueira,Homem,WPerformance
Esdras Bispo Jr.,Homem,Liliane S. S. Fonseca,Mulher,WEI
Esdras Bispo Jr.,Homem,Simone C. Santos,Mulher,WEI
Liliane S. S. Fonseca,Mulher,Simone C. Santos,Mulher,WEI
Ana L. C. Bazzan,Mulher,Bruno C. da Silva,Homem,CTD
Ana L. C. Bazzan,Mulher,Gabriel O. Ramos,Homem,CTD
Bruno C. da Silva,Homem,Gabriel O. Ramos,Homem,CTD
Bruno Kalel da Silva,Homem,Fábio José Alves,Homem,ENCompIF
Bruno Kalel da Silva,Homem,Gabryella Rocha Rodrigues,Mulher,ENCompIF
Bruno Kalel da Silva,Homem,Leonardo da Silva Moraes,Homem,ENCompIF
Bruno Kalel da Silva,Homem,Rita Rocha Kasahara,Mulher,ENCompIF
Fábio José Alves,Homem,Gabryella Rocha Rodrigues,Mulher,ENCompIF
Fábio José Alves,Homem,Leonardo da Silva Moraes,Homem,ENCompIF
Fábio José Alves,Homem,Rita Rocha Kasahara,Mulher,ENCompIF
Gabryella Rocha Rodrigues,Mulher,Leonardo da Silva Moraes,Homem,ENCompIF
Gabryella Rocha Rodrigues,Mulher,Rita Rocha Kasahara,Mulher,ENCompIF
Leonardo da Silva Moraes,Homem,Rita Rocha Kasahara,Mulher,ENCompIF
Beatriz Chicaroni,Mulher,Camila Sass,Mulher,WIT
Beatriz Chicaroni,Mulher,Carla Rodriguez,Mulher,WIT
Beatriz Chicaroni,Mulher,Denise Goya,Mulher,WIT
Beatriz Chicaroni,Mulher,Lara Tenore,Mulher,WIT
Beatriz Chicaroni,Mulher,Lidia Ferreira,Mulher,WIT
Beatriz Chicaroni,Mulher,Maria Eduarda Brandão,Mulher,WIT
Beatriz Chicaroni,Mulher,Melissa Lins,Mulher,WIT
Beatriz Chicaroni,Mulher,Poliana Ferreira,Mulher,WIT
Beatriz Chicaroni,Mulher,Rafaela V. Rocha,Mulher,WIT
Beatriz Chicaroni,Mulher,Rosimeire Santana,Mulher,WIT
Camila Sass,Mulher,Carla Rodriguez,Mulher,WIT
Camila Sass,Mulher,Denise Goya,Mulher,WIT
Camila Sass,Mulher,Lara Tenore,Mulher,WIT
Camila Sass,Mulher,Lidia Ferreira,Mulher,WIT
Camila Sass,Mulher,Maria Eduarda Brandão,Mulher,WIT
Camila Sass,Mulher,Melissa Lins,Mulher,WIT
Camila Sass,Mulher,Poliana Ferreira,Mulher,WIT
Camila Sass,Mulher,Rafaela V. Rocha,Mulher,WIT
Camila Sass,Mulher,Rosimeire Santana,Mulher,WIT
Carla Rodriguez,Mulher,Denise Goya,Mulher,WIT
Carla Rodriguez,Mulher,Lara Tenore,Mulher,WIT
Carla Rodriguez,Mulher,Lidia Ferreira,Mulher,WIT
Carla Rodriguez,Mulher,Maria Eduarda Brandão,Mulher,WIT
Carla Rodriguez,Mulher,Melissa Lins,Mulher,WIT
Carla Rodriguez,Mulher,Poliana Ferreira,Mulher,WIT
Carla Rodriguez,Mulher,Rafaela V. Rocha,Mulher,WIT
Carla Rodriguez,Mulher,Rosimeire Santana,Mulher,WIT
Denise Goya,Mulher,Lara Tenore,Mulher,WIT
Denise Goya,Mulher,Lidia Ferreira,Mulher,WIT
Denise Goya,Mulher,Maria Eduarda Brandão,Mulher,WIT
Denise Goya,Mulher,Melissa Lins,Mulher,WIT
Denise Goya,Mulher,Poliana Ferreira,Mulher,WIT
Denise Goya,Mulher,Rafaela V. Rocha,Mulher,WIT
Denise Goya,Mulher,Rosimeire Santana,Mulher,WIT
Lara Tenore,Mulher,Lidia Ferreira,Mulher,WIT
Lara Tenore,Mulher,Maria Eduarda Brandão,Mulher,WIT
Lara Tenore,Mulher,Melissa Lins,Mulher,WIT
Lara Tenore,Mulher,Poliana Ferreira,Mulher,WIT
Lara Tenore,Mulher,Rafaela V. Rocha,Mulher,WIT
Lara Tenore,Mulher,Rosimeire Santana,Mulher,WIT
Lidia Ferreira,Mulher,Maria Eduarda Brandão,Mulher,WIT
Lidia Ferreira,Mulher,Melissa Lins,Mulher,WIT
Lidia Ferreira,Mulher,Poliana Ferreira,Mulher,WIT
Lidia Ferreira,Mulher,Rafaela V. Rocha,Mulher,WIT
Lidia Ferreira,Mulher,Rosimeire Santana,Mulher,WIT
Maria Eduarda Brandão,Mulher,Melissa Lins,Mulher,WIT
Maria Eduarda Brandão,Mulher,Poliana Ferreira,Mulher,WIT
Maria Eduarda Brandão,Mulher,Rafaela V. Rocha,Mulher,WIT
Maria Eduarda Brandão,Mulher,Rosimeire Santana,Mulher,WIT
Melissa Lins,Mulher,Poliana Ferreira,Mulher,WIT
Melissa Lins,Mulher,Rafaela V. Rocha,Mulher,WIT
Melissa Lins,Mulher,Rosimeire Santana,Mulher,WIT
Poliana Ferreira,Mulher,Rafaela V. Rocha,Mulher,WIT
Poliana Ferreira,Mulher,Rosimeire Santana,Mulher,WIT
Rafaela V. Rocha,Mulher,Rosimeire Santana,Mulher,WIT
Adrya Araújo,Mulher,Bruna Mariana F. de Souza,Mulher,WIT
Adrya Araújo,Mulher,Fabiola Guerra Nakamura,Mulher,WIT
Adrya Araújo,Mulher,Jeovana Leão,Mulher,WIT
Adrya Araújo,Mulher,Julis Figueira de Araújo,Homem,WIT
Adrya Araújo,Mulher,Kalil Ferreira,Homem,WIT
Adrya Araújo,Mulher,Mariana Barros,Mulher,WIT
Adrya Araújo,Mulher,Tanara Lauschner,Mulher,WIT
Bruna Mariana F. de Souza,Mulher,Fabiola Guerra Nakamura,Mulher,WIT
Bruna Mariana F. de Souza,Mulher,Jeovana Leão,Mulher,WIT
Bruna Mariana F. de Souza,Mulher,Julis Figueira de Araújo,Homem,WIT
Bruna Mariana F. de Souza,Mulher,Kalil Ferreira,Homem,WIT
Bruna Mariana F. de Souza,Mulher,Mariana Barros,Mulher,WIT
Bruna Mariana F. de Souza,Mulher,Tanara Lauschner,Mulher,WIT
Fabiola Guerra Nakamura,Mulher,Jeovana Leão,Mulher,WIT
Fabiola Guerra Nakamura,Mulher,Julis Figueira de Araújo,Homem,WIT
Fabiola Guerra Nakamura,Mulher,Kalil Ferreira,Homem,WIT
Fabiola Guerra Nakamura,Mulher,Mariana Barros,Mulher,WIT
Fabiola Guerra Nakamura,Mulher,Tanara Lauschner,Mulher,WIT
Jeovana Leão,Mulher,Julis Figueira de Araújo,Homem,WIT
Jeovana Leão,Mulher,Kalil Ferreira,Homem,WIT
Jeovana Leão,Mulher,Mariana Barros,Mulher,WIT
Jeovana Leão,Mulher,Tanara Lauschner,Mulher,WIT
Julis Figueira de Araújo,Homem,Kalil Ferreira,Homem,WIT
Julis Figueira de Araújo,Homem,Mariana Barros,Mulher,WIT
Julis Figueira de Araújo,Homem,Tanara Lauschner,Mulher,WIT
Kalil Ferreira,Homem,Mariana Barros,Mulher,WIT
Kalil Ferreira,Homem,Tanara Lauschner,Mulher,WIT
Mariana Barros,Mulher,Tanara Lauschner,Mulher,WIT
Anderson Viçoso de Araújo,Homem,Felício Gobbi Hoffmann Santos Pereira,Homem,WEI
Anderson Viçoso de Araújo,Homem,Graziela Santos de Araújo,Mulher,WEI
Anderson Viçoso de Araújo,Homem,Heitor Batistela Zunta,Homem,WEI
Anderson Viçoso de Araújo,Homem,Luciana Montera Cheung,Mulher,WEI
Felício Gobbi Hoffmann Santos Pereira,Homem,Graziela Santos de Araújo,Mulher,WEI
Felício Gobbi Hoffmann Santos Pereira,Homem,Heitor Batistela Zunta,Homem,WEI
Felício Gobbi Hoffmann Santos Pereira,Homem,Luciana Montera Cheung,Mulher,WEI
Graziela Santos de Araújo,Mulher,Heitor Batistela Zunta,Homem,WEI
Graziela Santos de Araújo,Mulher,Luciana Montera Cheung,Mulher,WEI
Heitor Batistela Zunta,Homem,Luciana Montera Cheung,Mulher,WEI
Anelise Souza Rocha,Mulher,Douglas Farias Cordeiro,Homem,WIT
Anelise Souza Rocha,Mulher,Kátia Kelvis Cassiano,Mulher,WIT
Anelise Souza Rocha,Mulher,Nubia Rosa da Silva,Mulher,WIT
Douglas Farias Cordeiro,Homem,Kátia Kelvis Cassiano,Mulher,WIT
Douglas Farias Cordeiro,Homem,Nubia Rosa da Silva,Mulher,WIT
Kátia Kelvis Cassiano,Mulher,Nubia Rosa da Silva,Mulher,WIT
Adenauer Yamin,Homem,Ana Marilza Pernas,Mulher,SBCUP
Adenauer Yamin,Homem,Felipe Haertel,Homem,SBCUP
Adenauer Yamin,Homem,Leandro Camargo,Homem,SBCUP
Ana Marilza Pernas,Mulher,Felipe Haertel,Homem,SBCUP
Ana Marilza Pernas,Mulher,Leandro Camargo,Homem,SBCUP
Felipe Haertel,Homem,Leandro Camargo,Homem,SBCUP
Denis Rosário,Homem,Eduardo Cerqueira,Homem,SBCUP
Denis Rosário,Homem,Eduardo Lima,Homem,SBCUP
Denis Rosário,Homem,Helder Oliveira,Homem,SBCUP
Denis Rosário,Homem,Jean Moraes,Homem,SBCUP
Denis Rosário,Homem,Nagib Matni,Homem,SBCUP
Eduardo Cerqueira,Homem,Eduardo Lima,Homem,SBCUP
Eduardo Cerqueira,Homem,Helder Oliveira,Homem,SBCUP
Eduardo Cerqueira,Homem,Jean Moraes,Homem,SBCUP
Eduardo Cerqueira,Homem,Nagib Matni,Homem,SBCUP
Eduardo Lima,Homem,Helder Oliveira,Homem,SBCUP
Eduardo Lima,Homem,Jean Moraes,Homem,SBCUP
Eduardo Lima,Homem,Nagib Matni,Homem,SBCUP
Helder Oliveira,Homem,Jean Moraes,Homem,SBCUP
Helder Oliveira,Homem,Nagib Matni,Homem,SBCUP
Jean Moraes,Homem,Nagib Matni,Homem,SBCUP
Antônio Mauro B. Oliveira,Homem,Francisco S. Júnior,Homem,WASHES
Antônio Mauro B. Oliveira,Homem,Henrique V. Oliveira,Homem,WASHES
Antônio Mauro B. Oliveira,Homem,Matheus F. de Oliveira,Homem,WASHES
Antônio Mauro B. Oliveira,Homem,Renato A. C. Freitas,Homem,WASHES
Antônio Mauro B. Oliveira,Homem,Silvio R. Evangelista,Homem,WASHES
Francisco S. Júnior,Homem,Henrique V. Oliveira,Homem,WASHES
Francisco S. Júnior,Homem,Matheus F. de Oliveira,Homem,WASHES
Francisco S. Júnior,Homem,Renato A. C. Freitas,Homem,WASHES
Francisco S. Júnior,Homem,Silvio R. Evangelista,Homem,WASHES
Henrique V. Oliveira,Homem,Matheus F. de Oliveira,Homem,WASHES
Henrique V. Oliveira,Homem,Renato A. C. Freitas,Homem,WASHES
Henrique V. Oliveira,Homem,Silvio R. Evangelista,Homem,WASHES
Matheus F. de Oliveira,Homem,Renato A. C. Freitas,Homem,WASHES
Matheus F. de Oliveira,Homem,Silvio R. Evangelista,Homem,WASHES
Renato A. C. Freitas,Homem,Silvio R. Evangelista,Homem,WASHES
Audir da Costa Oliveira Filho,Homem,Christiane Borges Santos,Mulher,WIT
Isa Neves,Mulher,Laila Pereira Mota,Mulher,WEI
Ariadne Costa,Mulher,Luciana Trento Raineri,Mulher,CTIC
Ariadne Costa,Mulher,Rafael Silva Del Lama,Homem,CTIC
Ariadne Costa,Mulher,Raquel Mariana Candido,Mulher,CTIC
Ariadne Costa,Mulher,Renato Tinos,Homem,CTIC
Luciana Trento Raineri,Mulher,Rafael Silva Del Lama,Homem,CTIC
Luciana Trento Raineri,Mulher,Raquel Mariana Candido,Mulher,CTIC
Luciana Trento Raineri,Mulher,Renato Tinos,Homem,CTIC
Rafael Silva Del Lama,Homem,Raquel Mariana Candido,Mulher,CTIC
Rafael Silva Del Lama,Homem,Renato Tinos,Homem,CTIC
Raquel Mariana Candido,Mulher,Renato Tinos,Homem,CTIC
Ana Rita Mazzini,Mulher,Andre Du Bois,Homem,WEI
Ana Rita Mazzini,Mulher,Clause Piana,Mulher,WEI
Ana Rita Mazzini,Mulher,Johnny Marques,Homem,WEI
Ana Rita Mazzini,Mulher,Luciana Foss,Mulher,WEI
Ana Rita Mazzini,Mulher,Placida Oliveira,Mulher,WEI
Ana Rita Mazzini,Mulher,Renata Reiser,Mulher,WEI
Ana Rita Mazzini,Mulher,Simone Cavalheiro,Mulher,WEI
Andre Du Bois,Homem,Clause Piana,Mulher,WEI
Andre Du Bois,Homem,Johnny Marques,Homem,WEI
Andre Du Bois,Homem,Luciana Foss,Mulher,WEI
Andre Du Bois,Homem,Placida Oliveira,Mulher,WEI
Andre Du Bois,Homem,Renata Reiser,Mulher,WEI
Andre Du Bois,Homem,Simone Cavalheiro,Mulher,WEI
Clause Piana,Mulher,Johnny Marques,Homem,WEI
Clause Piana,Mulher,Luciana Foss,Mulher,WEI
Clause Piana,Mulher,Placida Oliveira,Mulher,WEI
Clause Piana,Mulher,Renata Reiser,Mulher,WEI
Clause Piana,Mulher,Simone Cavalheiro,Mulher,WEI
Johnny Marques,Homem,Luciana Foss,Mulher,WEI
Johnny Marques,Homem,Placida Oliveira,Mulher,WEI
Johnny Marques,Homem,Renata Reiser,Mulher,WEI
Johnny Marques,Homem,Simone Cavalheiro,Mulher,WEI
Luciana Foss,Mulher,Placida Oliveira,Mulher,WEI
Luciana Foss,Mulher,Renata Reiser,Mulher,WEI
Luciana Foss,Mulher,Simone Cavalheiro,Mulher,WEI
Placida Oliveira,Mulher,Renata Reiser,Mulher,WEI
Placida Oliveira,Mulher,Simone Cavalheiro,Mulher,WEI
Renata Reiser,Mulher,Simone Cavalheiro,Mulher,WEI
Augusto Venâncio Neto,Homem,Denis do Rosário,Homem,SBCUP
Augusto Venâncio Neto,Homem,Eduardo Cerqueira,Homem,SBCUP
Augusto Venâncio Neto,Homem,Wanderson Modesto,Homem,SBCUP
Denis do Rosário,Homem,Eduardo Cerqueira,Homem,SBCUP
Denis do Rosário,Homem,Wanderson Modesto,Homem,SBCUP
Eduardo Cerqueira,Homem,Wanderson Modesto,Homem,SBCUP
Karin Komati,Mulher,Kelly Gazolli,Mulher,ENCompIF
Karin Komati,Mulher,Wander Fernandes Junior,Homem,ENCompIF
Kelly Gazolli,Mulher,Wander Fernandes Junior,Homem,ENCompIF
Bruno P. Oliveira,Homem,Felipe A. Ferreira,Homem,SEMISH
Bruno P. Oliveira,Homem,Hélio Lopes,Homem,SEMISH
Bruno P. Oliveira,Homem,Rodrigo V. Kassick,Homem,SEMISH
Bruno P. Oliveira,Homem,Vinícius Furlan,Homem,SEMISH
Felipe A. Ferreira,Homem,Hélio Lopes,Homem,SEMISH
Felipe A. Ferreira,Homem,Rodrigo V. Kassick,Homem,SEMISH
Felipe A. Ferreira,Homem,Vinícius Furlan,Homem,SEMISH
Hélio Lopes,Homem,Rodrigo V. Kassick,Homem,SEMISH
Hélio Lopes,Homem,Vinícius Furlan,Homem,SEMISH
Rodrigo V. Kassick,Homem,Vinícius Furlan,Homem,SEMISH
Alberto H. F. Laender,Homem,João M. M. C. Cota,Homem,SEMISH
Alberto H. F. Laender,Homem,Raquel O. Prates,Mulher,SEMISH
João M. M. C. Cota,Homem,Raquel O. Prates,Mulher,SEMISH
Herleson Paiva Pontes,Homem,Juliana Pereira Cabral,Mulher,SEMISH
Anderson Lemos,Homem,Olga Goussevskaia,Mulher,CTD
Anderson Lemos,Homem,Vinicius F. dos Santos,Homem,CTD
Olga Goussevskaia,Mulher,Vinicius F. dos Santos,Homem,CTD
Erickson R. Nascimento,Homem,Mario F. M. Campos,Homem,CTD
Erickson R. Nascimento,Homem,Michel M. Silva,Homem,CTD
Mario F. M. Campos,Homem,Michel M. Silva,Homem,CTD
Francisco de Assis Boldt,Homem,Jefferson Oliveira Andrade,Homem,SEMISH
Francisco de Assis Boldt,Homem,Karin Satie Komati,Mulher,SEMISH
Francisco de Assis Boldt,Homem,Leandro Rodrigues Ramos,Homem,SEMISH
Jefferson Oliveira Andrade,Homem,Karin Satie Komati,Mulher,SEMISH
Jefferson Oliveira Andrade,Homem,Leandro Rodrigues Ramos,Homem,SEMISH
Karin Satie Komati,Mulher,Leandro Rodrigues Ramos,Homem,SEMISH
André Luiz Alves,Homem,Danielly Rayanne M. Lima,Mulher,ENCompIF
André Luiz Alves,Homem,Raissa Ohana F. O e Silva,Mulher,ENCompIF
André Luiz Alves,Homem,Álvaro Getúlio Medeiros,Homem,ENCompIF
Danielly Rayanne M. Lima,Mulher,Raissa Ohana F. O e Silva,Mulher,ENCompIF
Danielly Rayanne M. Lima,Mulher,Álvaro Getúlio Medeiros,Homem,ENCompIF
Raissa Ohana F. O e Silva,Mulher,Álvaro Getúlio Medeiros,Homem,ENCompIF
Max Filipe da Costa Braga,Homem,Orlando Shigueo Ohashi Junior,Homem,SEMISH
Max Filipe da Costa Braga,Homem,Renato Hidaka Torres,Homem,SEMISH
Max Filipe da Costa Braga,Homem,Wilson Rogério Soares e Silva,Homem,SEMISH
Orlando Shigueo Ohashi Junior,Homem,Renato Hidaka Torres,Homem,SEMISH
Orlando Shigueo Ohashi Junior,Homem,Wilson Rogério Soares e Silva,Homem,SEMISH
Renato Hidaka Torres,Homem,Wilson Rogério Soares e Silva,Homem,SEMISH
Denis Rosário,Homem,Derian Sobral,Homem,SEMISH
Denis Rosário,Homem,Fábio Araújo,Homem,SEMISH
Denis Rosário,Homem,Helder Oliveira,Homem,SEMISH
Denis Rosário,Homem,Stefany Pinheiro,Mulher,SEMISH
Derian Sobral,Homem,Fábio Araújo,Homem,SEMISH
Derian Sobral,Homem,Helder Oliveira,Homem,SEMISH
Derian Sobral,Homem,Stefany Pinheiro,Mulher,SEMISH
Fábio Araújo,Homem,Helder Oliveira,Homem,SEMISH
Fábio Araújo,Homem,Stefany Pinheiro,Mulher,SEMISH
Helder Oliveira,Homem,Stefany Pinheiro,Mulher,SEMISH
Bruno Silvestre,Homem,Eliseu Germano,Homem,SBCUP
Bruno Silvestre,Homem,Sergio Carvalho,Homem,SBCUP
Eliseu Germano,Homem,Sergio Carvalho,Homem,SBCUP
Luiz C. V. dos Santos,Homem,Marleson Graf,Homem,CTD
Ana Luísa S. Milson,Mulher,Daniel H. Dalip,Homem,WIT
Ana Luísa S. Milson,Mulher,Indra Matsiendra C. D. Ribeiro,Mulher,WIT
Ana Luísa S. Milson,Mulher,Izabela A. Andrade,Mulher,WIT
Ana Luísa S. Milson,Mulher,Julia M. M. Gonçalves,Mulher,WIT
Ana Luísa S. Milson,Mulher,Luísa M. Laboissiere,Mulher,WIT
Ana Luísa S. Milson,Mulher,Marcella D. Ferreira,Mulher,WIT
Ana Luísa S. Milson,Mulher,Michele A. Brandão,Mulher,WIT
Ana Luísa S. Milson,Mulher,Mirella M. Moro,Mulher,WIT
Daniel H. Dalip,Homem,Indra Matsiendra C. D. Ribeiro,Mulher,WIT
Daniel H. Dalip,Homem,Izabela A. Andrade,Mulher,WIT
Daniel H. Dalip,Homem,Julia M. M. Gonçalves,Mulher,WIT
Daniel H. Dalip,Homem,Luísa M. Laboissiere,Mulher,WIT
Daniel H. Dalip,Homem,Marcella D. Ferreira,Mulher,WIT
Daniel H. Dalip,Homem,Michele A. Brandão,Mulher,WIT
Daniel H. Dalip,Homem,Mirella M. Moro,Mulher,WIT
Indra Matsiendra C. D. Ribeiro,Mulher,Izabela A. Andrade,Mulher,WIT
Indra Matsiendra C. D. Ribeiro,Mulher,Julia M. M. Gonçalves,Mulher,WIT
Indra Matsiendra C. D. Ribeiro,Mulher,Luísa M. Laboissiere,Mulher,WIT
Indra Matsiendra C. D. Ribeiro,Mulher,Marcella D. Ferreira,Mulher,WIT
Indra Matsiendra C. D. Ribeiro,Mulher,Michele A. Brandão,Mulher,WIT
Indra Matsiendra C. D. Ribeiro,Mulher,Mirella M. Moro,Mulher,WIT
Izabela A. Andrade,Mulher,Julia M. M. Gonçalves,Mulher,WIT
Izabela A. Andrade,Mulher,Luísa M. Laboissiere,Mulher,WIT
Izabela A. Andrade,Mulher,Marcella D. Ferreira,Mulher,WIT
Izabela A. Andrade,Mulher,Michele A. Brandão,Mulher,WIT
Izabela A. Andrade,Mulher,Mirella M. Moro,Mulher,WIT
Julia M. M. Gonçalves,Mulher,Luísa M. Laboissiere,Mulher,WIT
Julia M. M. Gonçalves,Mulher,Marcella D. Ferreira,Mulher,WIT
Julia M. M. Gonçalves,Mulher,Michele A. Brandão,Mulher,WIT
Julia M. M. Gonçalves,Mulher,Mirella M. Moro,Mulher,WIT
Luísa M. Laboissiere,Mulher,Marcella D. Ferreira,Mulher,WIT
Luísa M. Laboissiere,Mulher,Michele A. Brandão,Mulher,WIT
Luísa M. Laboissiere,Mulher,Mirella M. Moro,Mulher,WIT
Marcella D. Ferreira,Mulher,Michele A. Brandão,Mulher,WIT
Marcella D. Ferreira,Mulher,Mirella M. Moro,Mulher,WIT
Michele A. Brandão,Mulher,Mirella M. Moro,Mulher,WIT
Bruna Mariana Souza,Mulher,Juliana Magalhães,Mulher,WIT
Bruna Mariana Souza,Mulher,Júlia Luiza Conceição,Mulher,WIT
Bruna Mariana Souza,Mulher,Rosiane Freitas,Mulher,WIT
Juliana Magalhães,Mulher,Júlia Luiza Conceição,Mulher,WIT
Juliana Magalhães,Mulher,Rosiane Freitas,Mulher,WIT
Júlia Luiza Conceição,Mulher,Rosiane Freitas,Mulher,WIT
Elisa Yumi Nakagawa,Mulher,Valdemar Neto,Homem,CTIC
Elisa Yumi Nakagawa,Mulher,Wallace Manzano,Homem,CTIC
Valdemar Neto,Homem,Wallace Manzano,Homem,CTIC
Francisco Nivando Bezerra,Homem,Savio Lopes Rabelo,Homem,SEMISH
Francisco Nivando Bezerra,Homem,Tamara Arruda Pereira,Mulher,SEMISH
Savio Lopes Rabelo,Homem,Tamara Arruda Pereira,Mulher,SEMISH
Antônio Rodrigues,Homem,Artur Veloso,Homem,SBCUP
Antônio Rodrigues,Homem,Halysson Júnior,Homem,SBCUP
Antônio Rodrigues,Homem,Joel Rodrigues,Homem,SBCUP
Antônio Rodrigues,Homem,José Sobral,Homem,SBCUP
Antônio Rodrigues,Homem,Ricardo Rabêlo,Homem,SBCUP
Artur Veloso,Homem,Halysson Júnior,Homem,SBCUP
Artur Veloso,Homem,Joel Rodrigues,Homem,SBCUP
Artur Veloso,Homem,José Sobral,Homem,SBCUP
Artur Veloso,Homem,Ricardo Rabêlo,Homem,SBCUP
Halysson Júnior,Homem,Joel Rodrigues,Homem,SBCUP
Halysson Júnior,Homem,José Sobral,Homem,SBCUP
Halysson Júnior,Homem,Ricardo Rabêlo,Homem,SBCUP
Joel Rodrigues,Homem,José Sobral,Homem,SBCUP
Joel Rodrigues,Homem,Ricardo Rabêlo,Homem,SBCUP
José Sobral,Homem,Ricardo Rabêlo,Homem,SBCUP
Danilo Vasconcelos,Homem,Rossana Andrade,Mulher,SBCUP
Danilo Vasconcelos,Homem,Valdenir Severino,Homem,SBCUP
Rossana Andrade,Mulher,Valdenir Severino,Homem,SBCUP
Mateus Coelho Silva,Homem,Ricardo Augusto Rabelo Oliveira,Homem,SEMISH
Mateus Coelho Silva,Homem,Saul Delabrida,Homem,SEMISH
Mateus Coelho Silva,Homem,Sérvio Pontes Ribeiro,Homem,SEMISH
Ricardo Augusto Rabelo Oliveira,Homem,Saul Delabrida,Homem,SEMISH
Ricardo Augusto Rabelo Oliveira,Homem,Sérvio Pontes Ribeiro,Homem,SEMISH
Saul Delabrida,Homem,Sérvio Pontes Ribeiro,Homem,SEMISH
Andre Aquino,Homem,Hyuri Maciel,Homem,SBCUP
Fabíola Pantoja O. Araújo,Mulher,Geisiane S. Matos,Mulher,WIT
Fabíola Pantoja O. Araújo,Mulher,Sara das Mercês Silva,Mulher,WIT
Fabíola Pantoja O. Araújo,Mulher,Tatiane A. Nascimento,Mulher,WIT
Geisiane S. Matos,Mulher,Sara das Mercês Silva,Mulher,WIT
Geisiane S. Matos,Mulher,Tatiane A. Nascimento,Mulher,WIT
Sara das Mercês Silva,Mulher,Tatiane A. Nascimento,Mulher,WIT
Josiane Porto,Mulher,Tiago Lima,Homem,WASHES
Barbara Ramos,Mulher,Leonardo Gargano,Homem,WASHES
Barbara Ramos,Mulher,Marcelo Fornazin,Homem,WASHES
Leonardo Gargano,Homem,Marcelo Fornazin,Homem,WASHES
Ana Santos,Mulher,Ricardo Souza,Homem,WASHES
André R. Ortoncelli,Homem,Jeferson V. L. Albino,Homem,WEI
André R. Ortoncelli,Homem,Newton C. Will,Homem,WEI
André R. Ortoncelli,Homem,Rafael A. P. de Oliveira,Homem,WEI
Jeferson V. L. Albino,Homem,Newton C. Will,Homem,WEI
Jeferson V. L. Albino,Homem,Rafael A. P. de Oliveira,Homem,WEI
Newton C. Will,Homem,Rafael A. P. de Oliveira,Homem,WEI
Cândida Nunes da Silva,Mulher,Orlando Lee,Homem,ETC
André Ribeiro,Homem,Caroline Patrão,Mulher,ETC
André Ribeiro,Homem,Celina Figueiredo,Mulher,ETC
André Ribeiro,Homem,Diane Castonguay,Mulher,ETC
André Ribeiro,Homem,Luis Kowada,Homem,ETC
Caroline Patrão,Mulher,Celina Figueiredo,Mulher,ETC
Caroline Patrão,Mulher,Diane Castonguay,Mulher,ETC
Caroline Patrão,Mulher,Luis Kowada,Homem,ETC
Celina Figueiredo,Mulher,Diane Castonguay,Mulher,ETC
Celina Figueiredo,Mulher,Luis Kowada,Homem,ETC
Diane Castonguay,Mulher,Luis Kowada,Homem,ETC
Guilherme G. Arcencio,Homem,Matheus T. Mattioli,Homem,ETC
Guilherme G. Arcencio,Homem,Mário César San Felice,Homem,ETC
Guilherme G. Arcencio,Homem,Pedro H. D. B. Hokama,Homem,ETC
Matheus T. Mattioli,Homem,Mário César San Felice,Homem,ETC
Matheus T. Mattioli,Homem,Pedro H. D. B. Hokama,Homem,ETC
Mário César San Felice,Homem,Pedro H. D. B. Hokama,Homem,ETC
Aluizio Haendchen Filho,Homem,Anita Fernandes,Mulher,SEMISH
Aluizio Haendchen Filho,Homem,Jonathan Nau,Homem,SEMISH
Aluizio Haendchen Filho,Homem,Rudimar Luís Scaranto Dazzi,Homem,SEMISH
Anita Fernandes,Mulher,Jonathan Nau,Homem,SEMISH
Anita Fernandes,Mulher,Rudimar Luís Scaranto Dazzi,Homem,SEMISH
Jonathan Nau,Homem,Rudimar Luís Scaranto Dazzi,Homem,SEMISH
Anderson Y. Iwasaki,Homem,Elisa Yumi Nakagawa,Mulher,SEMISH
Anderson Y. Iwasaki,Homem,João Paulo K. S. Nunes,Homem,SEMISH
Anderson Y. Iwasaki,Homem,Thiago Bianchi,Homem,SEMISH
Elisa Yumi Nakagawa,Mulher,João Paulo K. S. Nunes,Homem,SEMISH
Elisa Yumi Nakagawa,Mulher,Thiago Bianchi,Homem,SEMISH
João Paulo K. S. Nunes,Homem,Thiago Bianchi,Homem,SEMISH
André L. Vignatti,Homem,Murilo V. G. da Silva,Homem,CTD
André L. Vignatti,Homem,Nicollas M. Sdroievski,Homem,CTD
Murilo V. G. da Silva,Homem,Nicollas M. Sdroievski,Homem,CTD
Francisco Airton Silva,Homem,Igor Gonçalves,Homem,WPerformance
Francisco Airton Silva,Homem,Iure Fé,Homem,WPerformance
Francisco Airton Silva,Homem,Laécio Rodrigues,Homem,WPerformance
Francisco Airton Silva,Homem,Patrícia Endo,Mulher,WPerformance
Igor Gonçalves,Homem,Iure Fé,Homem,WPerformance
Igor Gonçalves,Homem,Laécio Rodrigues,Homem,WPerformance
Igor Gonçalves,Homem,Patrícia Endo,Mulher,WPerformance
Iure Fé,Homem,Laécio Rodrigues,Homem,WPerformance
Iure Fé,Homem,Patrícia Endo,Mulher,WPerformance
Laécio Rodrigues,Homem,Patrícia Endo,Mulher,WPerformance
Brenner H. O. Rios,Homem,Eduardo C. Xavier,Homem,ETC
Brenner H. O. Rios,Homem,Flávio K. Miyazawa,Homem,ETC
Brenner H. O. Rios,Homem,Pedro Amorim,Homem,ETC
Eduardo C. Xavier,Homem,Flávio K. Miyazawa,Homem,ETC
Eduardo C. Xavier,Homem,Pedro Amorim,Homem,ETC
Flávio K. Miyazawa,Homem,Pedro Amorim,Homem,ETC
Angélica F. S. Dias,Mulher,Beatriz Saburido,Mulher,WIT
Angélica F. S. Dias,Mulher,Juliana B. S. França,Mulher,WIT
Beatriz Saburido,Mulher,Juliana B. S. França,Mulher,WIT
Davy M. S. Gomes,Homem,Fernanda Castelo Branco Santana,Mulher,WEI
Davy M. S. Gomes,Homem,Fernanda Silveira,Mulher,WEI
Davy M. S. Gomes,Homem,Igo Amauri S. Luz,Homem,WEI
Davy M. S. Gomes,Homem,Luciano T. Silva,Homem,WEI
Davy M. S. Gomes,Homem,Rebeca dos Santos,Mulher,WEI
Fernanda Castelo Branco Santana,Mulher,Fernanda Silveira,Mulher,WEI
Fernanda Castelo Branco Santana,Mulher,Igo Amauri S. Luz,Homem,WEI
Fernanda Castelo Branco Santana,Mulher,Luciano T. Silva,Homem,WEI
Fernanda Castelo Branco Santana,Mulher,Rebeca dos Santos,Mulher,WEI
Fernanda Silveira,Mulher,Igo Amauri S. Luz,Homem,WEI
Fernanda Silveira,Mulher,Luciano T. Silva,Homem,WEI
Fernanda Silveira,Mulher,Rebeca dos Santos,Mulher,WEI
Igo Amauri S. Luz,Homem,Luciano T. Silva,Homem,WEI
Igo Amauri S. Luz,Homem,Rebeca dos Santos,Mulher,WEI
Luciano T. Silva,Homem,Rebeca dos Santos,Mulher,WEI
Jonice Oliveira,Mulher,Luiz Paulo Carvalho,Homem,WASHES
Bruno Pasqualotto Cavalar,Homem,Yoshiharu Kohayakawa,Homem,CTD
Marcelo E. Vendramin,Homem,Álvaro J. P. Franco,Homem,ETC
Alex Calado,Homem,Ricardo de Souza,Homem,WASHES
Gilvaneide Francisca Gomes,Mulher,Ricardo André Cavalcante de Souza,Homem,WEI
Ana Barbosa,Mulher,Diego Hoss,Homem,WEI
Ana Barbosa,Mulher,Gil Andrade,Homem,WEI
Ana Barbosa,Mulher,Lana Gomes,Mulher,WEI
Diego Hoss,Homem,Gil Andrade,Homem,WEI
Diego Hoss,Homem,Lana Gomes,Mulher,WEI
Gil Andrade,Homem,Lana Gomes,Mulher,WEI
Ildenê F. S. Mota,Mulher,Kamilla Taiwhscki B. Silva,Mulher,WIT
Ildenê F. S. Mota,Mulher,Viviane A. Santos,Mulher,WIT
Kamilla Taiwhscki B. Silva,Mulher,Viviane A. Santos,Mulher,WIT
Erickson R. Nascimento,Homem,João P. M. Ferreira,Homem,CTD
Erickson R. Nascimento,Homem,Renato Martins,Homem,CTD
João P. M. Ferreira,Homem,Renato Martins,Homem,CTD
Carlos Figueiredo,Homem,Wilson Neto,Homem,SBCUP
Fabiano Oliveira,Homem,Jorge Goulart,Homem,WEI
Fabiano Oliveira,Homem,Paulo Pinto,Homem,WEI
Jorge Goulart,Homem,Paulo Pinto,Homem,WEI
José Augusto Fabri,Homem,Marco Aurélio Graciotto Silva,Homem,WEI
José Augusto Fabri,Homem,Yuri Rafael Grajefe Feitosa,Homem,WEI
Marco Aurélio Graciotto Silva,Homem,Yuri Rafael Grajefe Feitosa,Homem,WEI
André Luiz de O. Cezário,Homem,Dayvson Sales,Homem,SEMISH
André Luiz de O. Cezário,Homem,Fábio J. Coutinho,Homem,SEMISH
André Luiz de O. Cezário,Homem,John Davi D. C. Pires,Homem,SEMISH
André Luiz de O. Cezário,Homem,Rebeca de Jesus Brandão,Mulher,SEMISH
André Luiz de O. Cezário,Homem,Samuel Lucas V. L. Barbosa,Homem,SEMISH
André Luiz de O. Cezário,Homem,Victor Accete,Homem,SEMISH
André Luiz de O. Cezário,Homem,Wagner Fontes,Homem,SEMISH
Dayvson Sales,Homem,Fábio J. Coutinho,Homem,SEMISH
Dayvson Sales,Homem,John Davi D. C. Pires,Homem,SEMISH
Dayvson Sales,Homem,Rebeca de Jesus Brandão,Mulher,SEMISH
Dayvson Sales,Homem,Samuel Lucas V. L. Barbosa,Homem,SEMISH
Dayvson Sales,Homem,Victor Accete,Homem,SEMISH
Dayvson Sales,Homem,Wagner Fontes,Homem,SEMISH
Fábio J. Coutinho,Homem,John Davi D. C. Pires,Homem,SEMISH
Fábio J. Coutinho,Homem,Rebeca de Jesus Brandão,Mulher,SEMISH
Fábio J. Coutinho,Homem,Samuel Lucas V. L. Barbosa,Homem,SEMISH
Fábio J. Coutinho,Homem,Victor Accete,Homem,SEMISH
Fábio J. Coutinho,Homem,Wagner Fontes,Homem,SEMISH
John Davi D. C. Pires,Homem,Rebeca de Jesus Brandão,Mulher,SEMISH
John Davi D. C. Pires,Homem,Samuel Lucas V. L. Barbosa,Homem,SEMISH
John Davi D. C. Pires,Homem,Victor Accete,Homem,SEMISH
John Davi D. C. Pires,Homem,Wagner Fontes,Homem,SEMISH
Rebeca de Jesus Brandão,Mulher,Samuel Lucas V. L. Barbosa,Homem,SEMISH
Rebeca de Jesus Brandão,Mulher,Victor Accete,Homem,SEMISH
Rebeca de Jesus Brandão,Mulher,Wagner Fontes,Homem,SEMISH
Samuel Lucas V. L. Barbosa,Homem,Victor Accete,Homem,SEMISH
Samuel Lucas V. L. Barbosa,Homem,Wagner Fontes,Homem,SEMISH
Victor Accete,Homem,Wagner Fontes,Homem,SEMISH
Luís Barbosa,Homem,Roberta Fagundes,Mulher,WEI
Rita C. G. Berardi,Mulher,Sílvia Amélia Bim,Mulher,WIT
Adrianne Veras de Almeida,Mulher,Adrielle Veras de Almeida,Mulher,WEI
Adrianne Veras de Almeida,Mulher,Fabíola Pantoja O. Araújo,Mulher,WEI
Adrielle Veras de Almeida,Mulher,Fabíola Pantoja O. Araújo,Mulher,WEI
Amanda Maria D. de Oliveira,Mulher,Flávia Roldan Viana,Mulher,WEI
Amanda Maria D. de Oliveira,Mulher,Gabriel Vieira Barreto,Homem,WEI
Flávia Roldan Viana,Mulher,Gabriel Vieira Barreto,Homem,WEI
Fabíola Pantoja O. Araújo,Mulher,Geisiane de Souza Matos,Mulher,WEI
Fabíola Pantoja O. Araújo,Mulher,Josivaldo S. Araújo,Homem,WEI
Fabíola Pantoja O. Araújo,Mulher,Sandy Hiorrana L. Farias,Mulher,WEI
Fabíola Pantoja O. Araújo,Mulher,Sara M. Silva,Mulher,WEI
Geisiane de Souza Matos,Mulher,Josivaldo S. Araújo,Homem,WEI
Geisiane de Souza Matos,Mulher,Sandy Hiorrana L. Farias,Mulher,WEI
Geisiane de Souza Matos,Mulher,Sara M. Silva,Mulher,WEI
Josivaldo S. Araújo,Homem,Sandy Hiorrana L. Farias,Mulher,WEI
Josivaldo S. Araújo,Homem,Sara M. Silva,Mulher,WEI
Sandy Hiorrana L. Farias,Mulher,Sara M. Silva,Mulher,WEI
Eduardo Oliveira,Homem,Roberto Bittencourt,Homem,WEI
Ana Iza Alencar,Mulher,Anna Beatriz Marques,Mulher,WIT
Ana Iza Alencar,Mulher,Karina Castelo Branco,Mulher,WIT
Ana Iza Alencar,Mulher,Maria Victória Fiori,Mulher,WIT
Ana Iza Alencar,Mulher,Valéria Maria Pinheiro,Mulher,WIT
Anna Beatriz Marques,Mulher,Karina Castelo Branco,Mulher,WIT
Anna Beatriz Marques,Mulher,Maria Victória Fiori,Mulher,WIT
Anna Beatriz Marques,Mulher,Valéria Maria Pinheiro,Mulher,WIT
Karina Castelo Branco,Mulher,Maria Victória Fiori,Mulher,WIT
Karina Castelo Branco,Mulher,Valéria Maria Pinheiro,Mulher,WIT
Maria Victória Fiori,Mulher,Valéria Maria Pinheiro,Mulher,WIT
Adauto Filho,Homem,Bruno Santos,Homem,WEI
Adauto Filho,Homem,Franciely Souza,Mulher,WEI
Adauto Filho,Homem,Hígor Santos,Homem,WEI
Adauto Filho,Homem,Irandir Amorim,Homem,WEI
Adauto Filho,Homem,Maria Silva,Mulher,WEI
Bruno Santos,Homem,Franciely Souza,Mulher,WEI
Bruno Santos,Homem,Hígor Santos,Homem,WEI
Bruno Santos,Homem,Irandir Amorim,Homem,WEI
Bruno Santos,Homem,Maria Silva,Mulher,WEI
Franciely Souza,Mulher,Hígor Santos,Homem,WEI
Franciely Souza,Mulher,Irandir Amorim,Homem,WEI
Franciely Souza,Mulher,Maria Silva,Mulher,WEI
Hígor Santos,Homem,Irandir Amorim,Homem,WEI
Hígor Santos,Homem,Maria Silva,Mulher,WEI
Irandir Amorim,Homem,Maria Silva,Mulher,WEI
José Cunha,Homem,Juliana Saraiva,Mulher,WEI
José Cunha,Homem,Wellington Lemos,Homem,WEI
Juliana Saraiva,Mulher,Wellington Lemos,Homem,WEI
Geber Lisboa Ramalho,Homem,Rodrigo Pessoa Medeiros,Homem,WEI
Geber Lisboa Ramalho,Homem,Taciana Pontual Falcão,Mulher,WEI
Rodrigo Pessoa Medeiros,Homem,Taciana Pontual Falcão,Mulher,WEI
Adriano H. Braga,Homem,Alexandre F. Lopes,Homem,WEI
Adriano H. Braga,Homem,Thalia S. Santana,Mulher,WEI
Alexandre F. Lopes,Homem,Thalia S. Santana,Mulher,WEI
Adão Caron Cambraia,Homem,Márcia Adriana Rosmann,Mulher,WEI
Adão Caron Cambraia,Homem,Pietro Matheus Bompet Fontoura Alves,Homem,WEI
Márcia Adriana Rosmann,Mulher,Pietro Matheus Bompet Fontoura Alves,Homem,WEI
Douglas Lima,Homem,Igor Dantas,Homem,WEI
Douglas Lima,Homem,Jose Neto,Homem,WEI
Douglas Lima,Homem,Lourival Neto,Homem,WEI
Douglas Lima,Homem,Lucas Silva,Homem,WEI
Douglas Lima,Homem,Thaíse Costa,Mulher,WEI
Igor Dantas,Homem,Jose Neto,Homem,WEI
Igor Dantas,Homem,Lourival Neto,Homem,WEI
Igor Dantas,Homem,Lucas Silva,Homem,WEI
Igor Dantas,Homem,Thaíse Costa,Mulher,WEI
Jose Neto,Homem,Lourival Neto,Homem,WEI
Jose Neto,Homem,Lucas Silva,Homem,WEI
Jose Neto,Homem,Thaíse Costa,Mulher,WEI
Lourival Neto,Homem,Lucas Silva,Homem,WEI
Lourival Neto,Homem,Thaíse Costa,Mulher,WEI
Lucas Silva,Homem,Thaíse Costa,Mulher,WEI
José Henrique R. Cruz,Homem,Maurício Arimoto,Homem,WEI
Gabriela Aguiar,Mulher,Lailson Menezes,Homem,WEI
Aline Amaral,Mulher,André F. R. Cordeiro,Homem,WEI
Aline Amaral,Mulher,Edson OliveiraJr,Homem,WEI
Aline Amaral,Mulher,João Choma Neto,Homem,WEI
Aline Amaral,Mulher,Simone R. S. Souza,Mulher,WEI
Aline Amaral,Mulher,Thelma E. Colanzi,Mulher,WEI
André F. R. Cordeiro,Homem,Edson OliveiraJr,Homem,WEI
André F. R. Cordeiro,Homem,João Choma Neto,Homem,WEI
André F. R. Cordeiro,Homem,Simone R. S. Souza,Mulher,WEI
André F. R. Cordeiro,Homem,Thelma E. Colanzi,Mulher,WEI
Edson OliveiraJr,Homem,João Choma Neto,Homem,WEI
Edson OliveiraJr,Homem,Simone R. S. Souza,Mulher,WEI
Edson OliveiraJr,Homem,Thelma E. Colanzi,Mulher,WEI
João Choma Neto,Homem,Simone R. S. Souza,Mulher,WEI
João Choma Neto,Homem,Thelma E. Colanzi,Mulher,WEI
Simone R. S. Souza,Mulher,Thelma E. Colanzi,Mulher,WEI
Camila Gusmão,Mulher,Karla Figueiredo,Mulher,SEMISH
Camila Gusmão,Mulher,Walkir A. T. Brito,Homem,SEMISH
Karla Figueiredo,Mulher,Walkir A. T. Brito,Homem,SEMISH
André Manzano,Homem,Lohana Santos,Mulher,WIT
André Manzano,Homem,Roger Resmini,Homem,WIT
André Manzano,Homem,Soraia Prietch,Mulher,WIT
André Manzano,Homem,Tamyres Souza,Mulher,WIT
André Manzano,Homem,Waine Júnior,Homem,WIT
André Manzano,Homem,Ângela Farias,Mulher,WIT
Lohana Santos,Mulher,Roger Resmini,Homem,WIT
Lohana Santos,Mulher,Soraia Prietch,Mulher,WIT
Lohana Santos,Mulher,Tamyres Souza,Mulher,WIT
Lohana Santos,Mulher,Waine Júnior,Homem,WIT
Lohana Santos,Mulher,Ângela Farias,Mulher,WIT
Roger Resmini,Homem,Soraia Prietch,Mulher,WIT
Roger Resmini,Homem,Tamyres Souza,Mulher,WIT
Roger Resmini,Homem,Waine Júnior,Homem,WIT
Roger Resmini,Homem,Ângela Farias,Mulher,WIT
Soraia Prietch,Mulher,Tamyres Souza,Mulher,WIT
Soraia Prietch,Mulher,Waine Júnior,Homem,WIT
Soraia Prietch,Mulher,Ângela Farias,Mulher,WIT
Tamyres Souza,Mulher,Waine Júnior,Homem,WIT
Tamyres Souza,Mulher,Ângela Farias,Mulher,WIT
Waine Júnior,Homem,Ângela Farias,Mulher,WIT
Carlos Figueiredo,Homem,Lahis Almeida,Mulher,SBCUP
Carlos Figueiredo,Homem,Wilson Neto,Homem,SBCUP
Lahis Almeida,Mulher,Wilson Neto,Homem,SBCUP
Adilson Costa,Homem,Bruno Martini,Homem,SBCUP
Adilson Costa,Homem,Gilson Helfer,Homem,SBCUP
Adilson Costa,Homem,Jorge Barbosa,Homem,SBCUP
Adilson Costa,Homem,Ronaldo Santos,Homem,SBCUP
Bruno Martini,Homem,Gilson Helfer,Homem,SBCUP
Bruno Martini,Homem,Jorge Barbosa,Homem,SBCUP
Bruno Martini,Homem,Ronaldo Santos,Homem,SBCUP
Gilson Helfer,Homem,Jorge Barbosa,Homem,SBCUP
Gilson Helfer,Homem,Ronaldo Santos,Homem,SBCUP
Jorge Barbosa,Homem,Ronaldo Santos,Homem,SBCUP
Flávio K. Miyazawa,Homem,Matheus J. Ota,Homem,CTD
Flávio K. Miyazawa,Homem,Phablo F. S. Moura,Homem,CTD
Matheus J. Ota,Homem,Phablo F. S. Moura,Homem,CTD
André Lemos,Homem,Haroldo Amaral,Homem,WEI
André Lemos,Homem,Lilian Pereira Teixeira,Mulher,WEI
André Lemos,Homem,Marcia Kniphoff da Cruz,Mulher,WEI
André Lemos,Homem,Rozelma França,Mulher,WEI
André Lemos,Homem,Wilk Oliveira,Homem,WEI
Haroldo Amaral,Homem,Lilian Pereira Teixeira,Mulher,WEI
Haroldo Amaral,Homem,Marcia Kniphoff da Cruz,Mulher,WEI
Haroldo Amaral,Homem,Rozelma França,Mulher,WEI
Haroldo Amaral,Homem,Wilk Oliveira,Homem,WEI
Lilian Pereira Teixeira,Mulher,Marcia Kniphoff da Cruz,Mulher,WEI
Lilian Pereira Teixeira,Mulher,Rozelma França,Mulher,WEI
Lilian Pereira Teixeira,Mulher,Wilk Oliveira,Homem,WEI
Marcia Kniphoff da Cruz,Mulher,Rozelma França,Mulher,WEI
Marcia Kniphoff da Cruz,Mulher,Wilk Oliveira,Homem,WEI
Rozelma França,Mulher,Wilk Oliveira,Homem,WEI
Emanuel Oliveira da Silva,Homem,Taciana Pontual Falcão,Mulher,WEI
Alexandre Scaico,Homem,José Samuel Assunção Luz,Homem,WEI
Alexandre Scaico,Homem,Juliana Aragão,Mulher,WEI
José Samuel Assunção Luz,Homem,Juliana Aragão,Mulher,WEI
Glauber Ferreira Cintra,Homem,Luis Filipe de Lima Sales,Homem,ETC
Glauber Ferreira Cintra,Homem,Raimundo Azevedo Neto,Homem,ETC
Luis Filipe de Lima Sales,Homem,Raimundo Azevedo Neto,Homem,ETC
Ana Leite,Mulher,Clara Marques Bodart,Mulher,WIT
Ana Leite,Mulher,Gabriel Nascimento,Homem,WIT
Ana Leite,Mulher,Márcia Oliveira,Mulher,WIT
Ana Leite,Mulher,Mônica Silva,Mulher,WIT
Clara Marques Bodart,Mulher,Gabriel Nascimento,Homem,WIT
Clara Marques Bodart,Mulher,Márcia Oliveira,Mulher,WIT
Clara Marques Bodart,Mulher,Mônica Silva,Mulher,WIT
Gabriel Nascimento,Homem,Márcia Oliveira,Mulher,WIT
Gabriel Nascimento,Homem,Mônica Silva,Mulher,WIT
Márcia Oliveira,Mulher,Mônica Silva,Mulher,WIT
André Barreto,Homem,Arthur Passos,Homem,WEI
André Barreto,Homem,Brenno Nascimento,Homem,WEI
André Barreto,Homem,Davi Viana,Homem,WEI
André Barreto,Homem,Felipe Silva,Homem,WEI
André Barreto,Homem,Gabriel Costa,Homem,WEI
André Barreto,Homem,Luis Rivero,Homem,WEI
Arthur Passos,Homem,Brenno Nascimento,Homem,WEI
Arthur Passos,Homem,Davi Viana,Homem,WEI
Arthur Passos,Homem,Felipe Silva,Homem,WEI
Arthur Passos,Homem,Gabriel Costa,Homem,WEI
Arthur Passos,Homem,Luis Rivero,Homem,WEI
Brenno Nascimento,Homem,Davi Viana,Homem,WEI
Brenno Nascimento,Homem,Felipe Silva,Homem,WEI
Brenno Nascimento,Homem,Gabriel Costa,Homem,WEI
Brenno Nascimento,Homem,Luis Rivero,Homem,WEI
Davi Viana,Homem,Felipe Silva,Homem,WEI
Davi Viana,Homem,Gabriel Costa,Homem,WEI
Davi Viana,Homem,Luis Rivero,Homem,WEI
Felipe Silva,Homem,Gabriel Costa,Homem,WEI
Felipe Silva,Homem,Luis Rivero,Homem,WEI
Gabriel Costa,Homem,Luis Rivero,Homem,WEI
Benhur Tessele,Homem,Cristian Koliver,Homem,WPerformance
Benhur Tessele,Homem,Romulo Silva de Oliveira,Homem,WPerformance
Cristian Koliver,Homem,Romulo Silva de Oliveira,Homem,WPerformance
Arilo C. Dias-Neto,Homem,Daniel Fernandes,Homem,SEMISH
Arilo C. Dias-Neto,Homem,Kaio Wagner,Homem,SEMISH
Daniel Fernandes,Homem,Kaio Wagner,Homem,SEMISH
Ivaldir de Farias Junior,Homem,Jeferson Vieira,Homem,WASHES
Ivaldir de Farias Junior,Homem,Valéria Silva,Mulher,WASHES
Jeferson Vieira,Homem,Valéria Silva,Mulher,WASHES
Hanna Alves,Mulher,Jerffeson Souza,Homem,WEI
Hanna Alves,Mulher,Levi da Silva,Homem,WEI
Jerffeson Souza,Homem,Levi da Silva,Homem,WEI
Allysson Allex Araújo,Homem,Ariádna Miranda,Mulher,WASHES
Allysson Allex Araújo,Homem,Emanuel Coutinho,Homem,WASHES
Allysson Allex Araújo,Homem,Jerffeson Souza,Homem,WASHES
Ariádna Miranda,Mulher,Emanuel Coutinho,Homem,WASHES
Ariádna Miranda,Mulher,Jerffeson Souza,Homem,WASHES
Emanuel Coutinho,Homem,Jerffeson Souza,Homem,WASHES
Fábio Protti,Homem,Lorrana F. de Castro,Mulher,ETC
Fábio Protti,Homem,Rodolfo A. de Oliveira,Homem,ETC
Lorrana F. de Castro,Mulher,Rodolfo A. de Oliveira,Homem,ETC
Aleffer Rocha,Homem,Leandro M. Zatesko,Homem,ETC
Aleffer Rocha,Homem,Sheila M. Almeida,Mulher,ETC
Leandro M. Zatesko,Homem,Sheila M. Almeida,Mulher,ETC
Ecivaldo Matos,Homem,Jean Rosa,Homem,WEI
Ecivaldo Matos,Homem,Luana Carneiro,Mulher,WEI
Ecivaldo Matos,Homem,Marlo Souza,Homem,WEI
Ecivaldo Matos,Homem,Murilo Souza,Homem,WEI
Jean Rosa,Homem,Luana Carneiro,Mulher,WEI
Jean Rosa,Homem,Marlo Souza,Homem,WEI
Jean Rosa,Homem,Murilo Souza,Homem,WEI
Luana Carneiro,Mulher,Marlo Souza,Homem,WEI
Luana Carneiro,Mulher,Murilo Souza,Homem,WEI
Marlo Souza,Homem,Murilo Souza,Homem,WEI
Heyder Vágner Ramos,Homem,Marize Lyra Silva Passos,Mulher,ENCompIF
Heyder Vágner Ramos,Homem,Márcia Oliveira,Mulher,ENCompIF
Heyder Vágner Ramos,Homem,Rodolfo dos Reis Fontes Novais,Homem,ENCompIF
Marize Lyra Silva Passos,Mulher,Márcia Oliveira,Mulher,ENCompIF
Marize Lyra Silva Passos,Mulher,Rodolfo dos Reis Fontes Novais,Homem,ENCompIF
Márcia Oliveira,Mulher,Rodolfo dos Reis Fontes Novais,Homem,ENCompIF
Carla Verônica Marques,Mulher,Carlo Oliveira,Homem,SEMISH
Carla Verônica Marques,Mulher,Claudia Motta,Mulher,SEMISH
Carlo Oliveira,Homem,Claudia Motta,Mulher,SEMISH
Fabiano Oliveira,Homem,Flavia Bonomo-Braberman,Mulher,ETC
Fabiano Oliveira,Homem,Jayme L. Szwarcfiter,Homem,ETC
Fabiano Oliveira,Homem,Moysés Sampaio Jr,Homem,ETC
Flavia Bonomo-Braberman,Mulher,Jayme L. Szwarcfiter,Homem,ETC
Flavia Bonomo-Braberman,Mulher,Moysés Sampaio Jr,Homem,ETC
Jayme L. Szwarcfiter,Homem,Moysés Sampaio Jr,Homem,ETC
Cláudia Linhares Sales,Mulher,Efraim Rodrigues,Homem,ETC
Elisângela Dias,Mulher,Talita Ferreira,Mulher,WIT
Joslaine Cristina J. de Freitas,Mulher,Marcos Wagner de Souza Ribeiro,Homem,WIT
Joslaine Cristina J. de Freitas,Mulher,Tamara Cristina Ferreira,Mulher,WIT
Marcos Wagner de Souza Ribeiro,Homem,Tamara Cristina Ferreira,Mulher,WIT
Fábio Botler,Homem,Lucas Colucci,Homem,ETC
Fábio Botler,Homem,Yoshiharu Kohayakawa,Homem,ETC
Lucas Colucci,Homem,Yoshiharu Kohayakawa,Homem,ETC
Bruna Oenning Amador,Mulher,Lara Morgado da Silva Santos,Mulher,WIT
Bruna Oenning Amador,Mulher,Mayara Dal Vesco Hoger,Mulher,WIT
Bruna Oenning Amador,Mulher,Patrícia Abe Turato,Mulher,WIT
Bruna Oenning Amador,Mulher,Rita Cristina Galarraga Berardi,Mulher,WIT
Bruna Oenning Amador,Mulher,Silvia Amelia Bim,Mulher,WIT
Lara Morgado da Silva Santos,Mulher,Mayara Dal Vesco Hoger,Mulher,WIT
Lara Morgado da Silva Santos,Mulher,Patrícia Abe Turato,Mulher,WIT
Lara Morgado da Silva Santos,Mulher,Rita Cristina Galarraga Berardi,Mulher,WIT
Lara Morgado da Silva Santos,Mulher,Silvia Amelia Bim,Mulher,WIT
Mayara Dal Vesco Hoger,Mulher,Patrícia Abe Turato,Mulher,WIT
Mayara Dal Vesco Hoger,Mulher,Rita Cristina Galarraga Berardi,Mulher,WIT
Mayara Dal Vesco Hoger,Mulher,Silvia Amelia Bim,Mulher,WIT
Patrícia Abe Turato,Mulher,Rita Cristina Galarraga Berardi,Mulher,WIT
Patrícia Abe Turato,Mulher,Silvia Amelia Bim,Mulher,WIT
Rita Cristina Galarraga Berardi,Mulher,Silvia Amelia Bim,Mulher,WIT
Almir de Oliveira Costa Junior,Homem,Lucimara Cruz de Souza,Mulher,WEI
Antonio C. Oliveira Jr,Homem,Daniel S. Souza,Homem,SEMISH
Antonio C. Oliveira Jr,Homem,Diego L. Cardoso,Homem,SEMISH
Antonio C. Oliveira Jr,Homem,Igor W. A. Falcão,Homem,SEMISH
Antonio C. Oliveira Jr,Homem,Marcos C. R. Seruffo,Homem,SEMISH
Antonio C. Oliveira Jr,Homem,Paulo H. A. Pereira,Homem,SEMISH
Antonio C. Oliveira Jr,Homem,Rafael F. Vieira,Homem,SEMISH
Daniel S. Souza,Homem,Diego L. Cardoso,Homem,SEMISH
Daniel S. Souza,Homem,Igor W. A. Falcão,Homem,SEMISH
Daniel S. Souza,Homem,Marcos C. R. Seruffo,Homem,SEMISH
Daniel S. Souza,Homem,Paulo H. A. Pereira,Homem,SEMISH
Daniel S. Souza,Homem,Rafael F. Vieira,Homem,SEMISH
Diego L. Cardoso,Homem,Igor W. A. Falcão,Homem,SEMISH
Diego L. Cardoso,Homem,Marcos C. R. Seruffo,Homem,SEMISH
Diego L. Cardoso,Homem,Paulo H. A. Pereira,Homem,SEMISH
Diego L. Cardoso,Homem,Rafael F. Vieira,Homem,SEMISH
Igor W. A. Falcão,Homem,Marcos C. R. Seruffo,Homem,SEMISH
Igor W. A. Falcão,Homem,Paulo H. A. Pereira,Homem,SEMISH
Igor W. A. Falcão,Homem,Rafael F. Vieira,Homem,SEMISH
Marcos C. R. Seruffo,Homem,Paulo H. A. Pereira,Homem,SEMISH
Marcos C. R. Seruffo,Homem,Rafael F. Vieira,Homem,SEMISH
Paulo H. A. Pereira,Homem,Rafael F. Vieira,Homem,SEMISH
Alesom Zorzi,Homem,Celina M. H. de Figueiredo,Mulher,CTD
Alesom Zorzi,Homem,Raphael C. S. Machado,Homem,CTD
Celina M. H. de Figueiredo,Mulher,Raphael C. S. Machado,Homem,CTD
Fabrício Benevenuto,Homem,Julio C. S. Reis,Homem,CTD
Altair O. Santin,Homem,Eduardo K. Viegas,Homem,CTD
Abner M. C. Araújo,Homem,Manuel M. Oliveira Neto,Homem,CTD
Daniel O. Martínez-Rivillas,Homem,Ruy J. G. B. de Queiroz,Homem,ETC
Alice Fonseca Finger,Mulher,Aline Vieira de Mello,Mulher,WIT
Alice Fonseca Finger,Mulher,Amanda Meincke Melo,Mulher,WIT
Alice Fonseca Finger,Mulher,Letícia Gindri,Mulher,WIT
Aline Vieira de Mello,Mulher,Amanda Meincke Melo,Mulher,WIT
Aline Vieira de Mello,Mulher,Letícia Gindri,Mulher,WIT
Amanda Meincke Melo,Mulher,Letícia Gindri,Mulher,WIT
Adenauer Yamin,Homem,Roger Machado,Homem,SEMISH
Adenauer Yamin,Homem,Rogério Albandes,Homem,SEMISH
Roger Machado,Homem,Rogério Albandes,Homem,SEMISH
Aline Paes,Mulher,Gerson Zaverucha,Homem,CTD
Aline Paes,Mulher,Rodrigo Azevedo Santos,Homem,CTD
Gerson Zaverucha,Homem,Rodrigo Azevedo Santos,Homem,CTD
Anna Beatriz Marques,Mulher,Ariany Almeida Maia,Mulher,WIT
Anna Beatriz Marques,Mulher,Jacilane de H. Rabelo,Mulher,WIT
Anna Beatriz Marques,Mulher,Lauana Maria C. de Oliveira,Mulher,WIT
Anna Beatriz Marques,Mulher,Maria Elanne M. Rodrigues,Mulher,WIT
Anna Beatriz Marques,Mulher,Maria Victoria S. Fiori,Mulher,WIT
Anna Beatriz Marques,Mulher,Marina da S. Rocha,Mulher,WIT
Anna Beatriz Marques,Mulher,Victoria Gabriella R. Pereira,Mulher,WIT
Ariany Almeida Maia,Mulher,Jacilane de H. Rabelo,Mulher,WIT
Ariany Almeida Maia,Mulher,Lauana Maria C. de Oliveira,Mulher,WIT
Ariany Almeida Maia,Mulher,Maria Elanne M. Rodrigues,Mulher,WIT
Ariany Almeida Maia,Mulher,Maria Victoria S. Fiori,Mulher,WIT
Ariany Almeida Maia,Mulher,Marina da S. Rocha,Mulher,WIT
Ariany Almeida Maia,Mulher,Victoria Gabriella R. Pereira,Mulher,WIT
Jacilane de H. Rabelo,Mulher,Lauana Maria C. de Oliveira,Mulher,WIT
Jacilane de H. Rabelo,Mulher,Maria Elanne M. Rodrigues,Mulher,WIT
Jacilane de H. Rabelo,Mulher,Maria Victoria S. Fiori,Mulher,WIT
Jacilane de H. Rabelo,Mulher,Marina da S. Rocha,Mulher,WIT
Jacilane de H. Rabelo,Mulher,Victoria Gabriella R. Pereira,Mulher,WIT
Lauana Maria C. de Oliveira,Mulher,Maria Elanne M. Rodrigues,Mulher,WIT
Lauana Maria C. de Oliveira,Mulher,Maria Victoria S. Fiori,Mulher,WIT
Lauana Maria C. de Oliveira,Mulher,Marina da S. Rocha,Mulher,WIT
Lauana Maria C. de Oliveira,Mulher,Victoria Gabriella R. Pereira,Mulher,WIT
Maria Elanne M. Rodrigues,Mulher,Maria Victoria S. Fiori,Mulher,WIT
Maria Elanne M. Rodrigues,Mulher,Marina da S. Rocha,Mulher,WIT
Maria Elanne M. Rodrigues,Mulher,Victoria Gabriella R. Pereira,Mulher,WIT
Maria Victoria S. Fiori,Mulher,Marina da S. Rocha,Mulher,WIT
Maria Victoria S. Fiori,Mulher,Victoria Gabriella R. Pereira,Mulher,WIT
Marina da S. Rocha,Mulher,Victoria Gabriella R. Pereira,Mulher,WIT
Flávio Rocha,Homem,Évelynn Rosa,Mulher,WPerformance
Artur Ziviani,Homem,Felipe Abrahão,Homem,ETC
Artur Ziviani,Homem,Klaus Wehmuth,Homem,ETC
Felipe Abrahão,Homem,Klaus Wehmuth,Homem,ETC
Alice F. Finger,Mulher,Aline Vieira de Mello,Mulher,WIT
Alice F. Finger,Mulher,Andréa S. Bordin,Mulher,WIT
Alice F. Finger,Mulher,Letícia Gindri,Mulher,WIT
Aline Vieira de Mello,Mulher,Andréa S. Bordin,Mulher,WIT
Aline Vieira de Mello,Mulher,Letícia Gindri,Mulher,WIT
Andréa S. Bordin,Mulher,Letícia Gindri,Mulher,WIT
Cristina Fernandes,Mulher,Rafael Pocai,Homem,ETC
Adriane C. A. da Silva,Mulher,Luciano T. E. Pansanato,Homem,WEI
Alexander Decker de Souza,Homem,Luiz Filipe Menezes Vieira,Homem,CTD
Alexander Decker de Souza,Homem,Marcos Augusto Menezes Vieira,Homem,CTD
Luiz Filipe Menezes Vieira,Homem,Marcos Augusto Menezes Vieira,Homem,CTD
Adenauer Yamin,Homem,Patrick Fernandes,Homem,SEMISH
Adenauer Yamin,Homem,Renata Reiser,Mulher,SEMISH
Adenauer Yamin,Homem,Renato Dilli,Homem,SEMISH
Patrick Fernandes,Homem,Renata Reiser,Mulher,SEMISH
Patrick Fernandes,Homem,Renato Dilli,Homem,SEMISH
Renata Reiser,Mulher,Renato Dilli,Homem,SEMISH
Carlos Alberto V. Campos,Homem,Elton F. de S. Soares,Homem,WPerformance
Carlos Alberto V. Campos,Homem,Leonardo Teteo,Homem,WPerformance
Carlos Alberto V. Campos,Homem,Pedro Moura,Homem,WPerformance
Elton F. de S. Soares,Homem,Leonardo Teteo,Homem,WPerformance
Elton F. de S. Soares,Homem,Pedro Moura,Homem,WPerformance
Leonardo Teteo,Homem,Pedro Moura,Homem,WPerformance
Renato M. de Moraes,Homem,Vandenberg B. da Paixão,Homem,WPerformance
Fabio Augusto Faria,Homem,Matheus Macedo Leonardo,Homem,CTIC
Carlo Kleber da Silva Rodrigues,Homem,Vladimir Emiliano Moreira Rocha,Homem,WPerformance
Brena Santos,Mulher,Francisco Airton Silva,Homem,WPerformance
Brena Santos,Mulher,Patricia Takako Endo,Mulher,WPerformance
Francisco Airton Silva,Homem,Patricia Takako Endo,Mulher,WPerformance
Amanda Rodrigues,Mulher,Juliana Saraiva,Mulher,WASHES
Amanda Rodrigues,Mulher,Vanessa Dantas,Mulher,WASHES
Juliana Saraiva,Mulher,Vanessa Dantas,Mulher,WASHES
Alessandra Cardoso Figueredo,Mulher,Cibele Da Silva Alves,Mulher,WEI
Alessandra Cardoso Figueredo,Mulher,Wanderson Alexandre da Silva Quinto,Homem,WEI
Cibele Da Silva Alves,Mulher,Wanderson Alexandre da Silva Quinto,Homem,WEI
Cristiano André da Costa,Homem,Mateus Schmitz da Silveira,Homem,SBCUP
Cristiano André da Costa,Homem,Rodolfo Stoffel Antunes,Homem,SBCUP
Mateus Schmitz da Silveira,Homem,Rodolfo Stoffel Antunes,Homem,SBCUP
Daniel Carlos Guimarães Pedronette,Homem,Lucas Pascotti Valem,Homem,CTD
Atílio Gomes Luiz,Homem,Davi Gomes Florencio,Homem,ETC
Esdras Bispo Jr.,Homem,Franciny Barreto,Mulher,WEI
Esdras Bispo Jr.,Homem,Rafael Andrade,Homem,WEI
Franciny Barreto,Mulher,Rafael Andrade,Homem,WEI
Anna Beatriz Marques,Mulher,Gabriel Aires,Homem,WASHES
Flávio de Almeida Andrade Lico,Homem,Gilberto Pereira da Silva,Homem,WEI
Flávio de Almeida Andrade Lico,Homem,Marco Antonio Augusto de Andrade,Homem,WEI
Gilberto Pereira da Silva,Homem,Marco Antonio Augusto de Andrade,Homem,WEI
Cintia Sonale Rebonatto,Mulher,Cássio Eckstein,Homem,SBCUP
Cintia Sonale Rebonatto,Mulher,Marcelo Trindade Rebonatto,Homem,SBCUP
Cássio Eckstein,Homem,Marcelo Trindade Rebonatto,Homem,SBCUP
Adriano Fiorese,Homem,Kauã B. Hopfer,Homem,SEMISH
Fabíola Pantoja O. Araújo,Mulher,Geisiane S. Matos,Mulher,WIT
Fabíola Pantoja O. Araújo,Mulher,Maria Roselene A. Lima,Mulher,WIT
Fabíola Pantoja O. Araújo,Mulher,Sara M. Silva,Mulher,WIT
Geisiane S. Matos,Mulher,Maria Roselene A. Lima,Mulher,WIT
Geisiane S. Matos,Mulher,Sara M. Silva,Mulher,WIT
Maria Roselene A. Lima,Mulher,Sara M. Silva,Mulher,WIT
Alexandre Aragão,Homem,Ariel Teles,Homem,WASHES
Alexandre Aragão,Homem,Arlindo da Conceição,Homem,WASHES
Alexandre Aragão,Homem,Davi Viana,Homem,WASHES
Alexandre Aragão,Homem,Francisco Silva,Homem,WASHES
Alexandre Aragão,Homem,Inaldo Costa,Homem,WASHES
Alexandre Aragão,Homem,Luis Rivero,Homem,WASHES
Alexandre Aragão,Homem,Tercio Sousa,Homem,WASHES
Ariel Teles,Homem,Arlindo da Conceição,Homem,WASHES
Ariel Teles,Homem,Davi Viana,Homem,WASHES
Ariel Teles,Homem,Francisco Silva,Homem,WASHES
Ariel Teles,Homem,Inaldo Costa,Homem,WASHES
Ariel Teles,Homem,Luis Rivero,Homem,WASHES
Ariel Teles,Homem,Tercio Sousa,Homem,WASHES
Arlindo da Conceição,Homem,Davi Viana,Homem,WASHES
Arlindo da Conceição,Homem,Francisco Silva,Homem,WASHES
Arlindo da Conceição,Homem,Inaldo Costa,Homem,WASHES
Arlindo da Conceição,Homem,Luis Rivero,Homem,WASHES
Arlindo da Conceição,Homem,Tercio Sousa,Homem,WASHES
Davi Viana,Homem,Francisco Silva,Homem,WASHES
Davi Viana,Homem,Inaldo Costa,Homem,WASHES
Davi Viana,Homem,Luis Rivero,Homem,WASHES
Davi Viana,Homem,Tercio Sousa,Homem,WASHES
Francisco Silva,Homem,Inaldo Costa,Homem,WASHES
Francisco Silva,Homem,Luis Rivero,Homem,WASHES
Francisco Silva,Homem,Tercio Sousa,Homem,WASHES
Inaldo Costa,Homem,Luis Rivero,Homem,WASHES
Inaldo Costa,Homem,Tercio Sousa,Homem,WASHES
Luis Rivero,Homem,Tercio Sousa,Homem,WASHES
Ernane Martins,Homem,Luís Gouveia,Homem,WEI
Leandro de C. Santos,Homem,Samira S. da Silva,Mulher,WEI
Leandro de C. Santos,Homem,Sincler P. de Meireles,Homem,WEI
Samira S. da Silva,Mulher,Sincler P. de Meireles,Homem,WEI
Allan Mori,Homem,Italo Santos,Homem,WEI
Allan Mori,Homem,Simone R. S. Souza,Mulher,WEI
Italo Santos,Homem,Simone R. S. Souza,Mulher,WEI
Alexandre Pereira do Carmo,Homem,Clebeson Canuto dos Santos,Homem,SBCUP
Alexandre Pereira do Carmo,Homem,Felippe Mendonça de Queiroz,Homem,SBCUP
Alexandre Pereira do Carmo,Homem,Leonardo de Assis Silva,Homem,SBCUP
Alexandre Pereira do Carmo,Homem,Raquel Frizera Vassallo,Mulher,SBCUP
Clebeson Canuto dos Santos,Homem,Felippe Mendonça de Queiroz,Homem,SBCUP
Clebeson Canuto dos Santos,Homem,Leonardo de Assis Silva,Homem,SBCUP
Clebeson Canuto dos Santos,Homem,Raquel Frizera Vassallo,Mulher,SBCUP
Felippe Mendonça de Queiroz,Homem,Leonardo de Assis Silva,Homem,SBCUP
Felippe Mendonça de Queiroz,Homem,Raquel Frizera Vassallo,Mulher,SBCUP
Leonardo de Assis Silva,Homem,Raquel Frizera Vassallo,Mulher,SBCUP
Deivid Eive Silva,Homem,Marialina Corrêa Sobrinho,Mulher,WEI
Deivid Eive Silva,Homem,Natasha Malveira C. Valentim,Mulher,WEI
Marialina Corrêa Sobrinho,Mulher,Natasha Malveira C. Valentim,Mulher,WEI
Adriana Paula Zamim Scherer,Mulher,Filipo Novo Mór,Homem,WEI
Fábio Luiz Usberti,Homem,Matheus Diógenes Andrade,Homem,ETC
Claudio Schepke,Homem,Natiele Lucca,Mulher,WPerformance
Helton Maia,Homem,Mateus Eloi da Silva Bastos,Homem,SEMISH
Helton Maia,Homem,Richardson Santiago Teles de Menezes,Homem,SEMISH
Helton Maia,Homem,Vitor Yeso Fidelis Freitas,Homem,SEMISH
Mateus Eloi da Silva Bastos,Homem,Richardson Santiago Teles de Menezes,Homem,SEMISH
Mateus Eloi da Silva Bastos,Homem,Vitor Yeso Fidelis Freitas,Homem,SEMISH
Richardson Santiago Teles de Menezes,Homem,Vitor Yeso Fidelis Freitas,Homem,SEMISH
Ana Paula Marques Barbosa,Mulher,Diego Jonathan Hoss,Homem,ENCompIF
Ana Paula Marques Barbosa,Mulher,Gil Eduardo Andrade,Homem,ENCompIF
Diego Jonathan Hoss,Homem,Gil Eduardo Andrade,Homem,ENCompIF
Edio Roberto Manfio,Homem,Fábio Carlos Moreno,Homem,SEMISH
Igor C. Sodré,Homem,Pedro B. Pio,Homem,WEI
Igor C. Sodré,Homem,Vinicius R. P. Borges,Homem,WEI
Pedro B. Pio,Homem,Vinicius R. P. Borges,Homem,WEI
Renata Viegas de Figueiredo,Mulher,Tanara Lauschner,Mulher,WIT
André Pinheiro,Homem,Cleidson de Souza,Homem,SEMISH
André Pinheiro,Homem,Fernando Figueira Filho,Homem,SEMISH
André Pinheiro,Homem,Leandro de Almeida Melo,Homem,SEMISH
André Pinheiro,Homem,Nelson Tenório Jr.,Homem,SEMISH
Cleidson de Souza,Homem,Fernando Figueira Filho,Homem,SEMISH
Cleidson de Souza,Homem,Leandro de Almeida Melo,Homem,SEMISH
Cleidson de Souza,Homem,Nelson Tenório Jr.,Homem,SEMISH
Fernando Figueira Filho,Homem,Leandro de Almeida Melo,Homem,SEMISH
Fernando Figueira Filho,Homem,Nelson Tenório Jr.,Homem,SEMISH
Leandro de Almeida Melo,Homem,Nelson Tenório Jr.,Homem,SEMISH
Alana Araujo,Mulher,Carlos Silva,Homem,WEI
Alana Araujo,Mulher,Geraldo Braz Junior,Homem,WEI
Alana Araujo,Mulher,Kennedy Nunes,Homem,WEI
Alana Araujo,Mulher,Luis Rivero,Homem,WEI
Alana Araujo,Mulher,Maikon Costa,Homem,WEI
Alana Araujo,Mulher,Nathasha Pinto,Mulher,WEI
Alana Araujo,Mulher,Simara Rocha,Mulher,WEI
Carlos Silva,Homem,Geraldo Braz Junior,Homem,WEI
Carlos Silva,Homem,Kennedy Nunes,Homem,WEI
Carlos Silva,Homem,Luis Rivero,Homem,WEI
Carlos Silva,Homem,Maikon Costa,Homem,WEI
Carlos Silva,Homem,Nathasha Pinto,Mulher,WEI
Carlos Silva,Homem,Simara Rocha,Mulher,WEI
Geraldo Braz Junior,Homem,Kennedy Nunes,Homem,WEI
Geraldo Braz Junior,Homem,Luis Rivero,Homem,WEI
Geraldo Braz Junior,Homem,Maikon Costa,Homem,WEI
Geraldo Braz Junior,Homem,Nathasha Pinto,Mulher,WEI
Geraldo Braz Junior,Homem,Simara Rocha,Mulher,WEI
Kennedy Nunes,Homem,Luis Rivero,Homem,WEI
Kennedy Nunes,Homem,Maikon Costa,Homem,WEI
Kennedy Nunes,Homem,Nathasha Pinto,Mulher,WEI
Kennedy Nunes,Homem,Simara Rocha,Mulher,WEI
Luis Rivero,Homem,Maikon Costa,Homem,WEI
Luis Rivero,Homem,Nathasha Pinto,Mulher,WEI
Luis Rivero,Homem,Simara Rocha,Mulher,WEI
Maikon Costa,Homem,Nathasha Pinto,Mulher,WEI
Maikon Costa,Homem,Simara Rocha,Mulher,WEI
Nathasha Pinto,Mulher,Simara Rocha,Mulher,WEI
Alana Araujo,Mulher,Estephane Mendes,Mulher,WEI
Alana Araujo,Mulher,Giovanna Pavani,Mulher,WEI
Alana Araujo,Mulher,Karla Silva,Mulher,WEI
Alana Araujo,Mulher,Katia Salles,Mulher,WEI
Alana Araujo,Mulher,Luis Rivero,Homem,WEI
Alana Araujo,Mulher,Nathasha Pinto,Mulher,WEI
Alana Araujo,Mulher,Raimundo Neto,Homem,WEI
Estephane Mendes,Mulher,Giovanna Pavani,Mulher,WEI
Estephane Mendes,Mulher,Karla Silva,Mulher,WEI
Estephane Mendes,Mulher,Katia Salles,Mulher,WEI
Estephane Mendes,Mulher,Luis Rivero,Homem,WEI
Estephane Mendes,Mulher,Nathasha Pinto,Mulher,WEI
Estephane Mendes,Mulher,Raimundo Neto,Homem,WEI
Giovanna Pavani,Mulher,Karla Silva,Mulher,WEI
Giovanna Pavani,Mulher,Katia Salles,Mulher,WEI
Giovanna Pavani,Mulher,Luis Rivero,Homem,WEI
Giovanna Pavani,Mulher,Nathasha Pinto,Mulher,WEI
Giovanna Pavani,Mulher,Raimundo Neto,Homem,WEI
Karla Silva,Mulher,Katia Salles,Mulher,WEI
Karla Silva,Mulher,Luis Rivero,Homem,WEI
Karla Silva,Mulher,Nathasha Pinto,Mulher,WEI
Karla Silva,Mulher,Raimundo Neto,Homem,WEI
Katia Salles,Mulher,Luis Rivero,Homem,WEI
Katia Salles,Mulher,Nathasha Pinto,Mulher,WEI
Katia Salles,Mulher,Raimundo Neto,Homem,WEI
Luis Rivero,Homem,Nathasha Pinto,Mulher,WEI
Luis Rivero,Homem,Raimundo Neto,Homem,WEI
Nathasha Pinto,Mulher,Raimundo Neto,Homem,WEI
Marcelo S. Loutfi,Homem,Nathielly de S. Campos,Mulher,WEI
Marcelo S. Loutfi,Homem,Reinaldo V. Alvares,Homem,WEI
Nathielly de S. Campos,Mulher,Reinaldo V. Alvares,Homem,WEI
Adriano H. Braga,Homem,Letícia S. Camargo,Mulher,WIT
Adriano H. Braga,Homem,Maria Alice N. Silva,Mulher,WIT
Adriano H. Braga,Homem,Natália C. Louzada,Mulher,WIT
Adriano H. Braga,Homem,Ramayane B. Braga,Mulher,WIT
Adriano H. Braga,Homem,Thalia S. Santana,Mulher,WIT
Letícia S. Camargo,Mulher,Maria Alice N. Silva,Mulher,WIT
Letícia S. Camargo,Mulher,Natália C. Louzada,Mulher,WIT
Letícia S. Camargo,Mulher,Ramayane B. Braga,Mulher,WIT
Letícia S. Camargo,Mulher,Thalia S. Santana,Mulher,WIT
Maria Alice N. Silva,Mulher,Natália C. Louzada,Mulher,WIT
Maria Alice N. Silva,Mulher,Ramayane B. Braga,Mulher,WIT
Maria Alice N. Silva,Mulher,Thalia S. Santana,Mulher,WIT
Natália C. Louzada,Mulher,Ramayane B. Braga,Mulher,WIT
Natália C. Louzada,Mulher,Thalia S. Santana,Mulher,WIT
Ramayane B. Braga,Mulher,Thalia S. Santana,Mulher,WIT
Márcio A. Miranda,Homem,Simone S. Sidnei,Mulher,WIT
Márcio A. Miranda,Homem,Suelen M. de Paula,Mulher,WIT
Simone S. Sidnei,Mulher,Suelen M. de Paula,Mulher,WIT
Amanda Meincke Melo,Mulher,Aíla Maciel,Mulher,WIT
Amanda Meincke Melo,Mulher,Ketrin Diovana Alves Rodrigues Vargas,Mulher,WIT
Amanda Meincke Melo,Mulher,Letícia Gindri,Mulher,WIT
Amanda Meincke Melo,Mulher,Marina Braun Otokovieski,Mulher,WIT
Amanda Meincke Melo,Mulher,Patrícia Araújo de Oliveira,Mulher,WIT
Amanda Meincke Melo,Mulher,Raniely dos Anjos,Mulher,WIT
Aíla Maciel,Mulher,Ketrin Diovana Alves Rodrigues Vargas,Mulher,WIT
Aíla Maciel,Mulher,Letícia Gindri,Mulher,WIT
Aíla Maciel,Mulher,Marina Braun Otokovieski,Mulher,WIT
Aíla Maciel,Mulher,Patrícia Araújo de Oliveira,Mulher,WIT
Aíla Maciel,Mulher,Raniely dos Anjos,Mulher,WIT
Ketrin Diovana Alves Rodrigues Vargas,Mulher,Letícia Gindri,Mulher,WIT
Ketrin Diovana Alves Rodrigues Vargas,Mulher,Marina Braun Otokovieski,Mulher,WIT
Ketrin Diovana Alves Rodrigues Vargas,Mulher,Patrícia Araújo de Oliveira,Mulher,WIT
Ketrin Diovana Alves Rodrigues Vargas,Mulher,Raniely dos Anjos,Mulher,WIT
Letícia Gindri,Mulher,Marina Braun Otokovieski,Mulher,WIT
Letícia Gindri,Mulher,Patrícia Araújo de Oliveira,Mulher,WIT
Letícia Gindri,Mulher,Raniely dos Anjos,Mulher,WIT
Marina Braun Otokovieski,Mulher,Patrícia Araújo de Oliveira,Mulher,WIT
Marina Braun Otokovieski,Mulher,Raniely dos Anjos,Mulher,WIT
Patrícia Araújo de Oliveira,Mulher,Raniely dos Anjos,Mulher,WIT
Ana Moura,Mulher,Barbara Duarte,Mulher,WIT
Ana Moura,Mulher,Mirella Moro,Mulher,WIT
Barbara Duarte,Mulher,Mirella Moro,Mulher,WIT
Aleteia Patricia Araujo,Mulher,Maristela Holanda,Mulher,WIT
Aleteia Patricia Araujo,Mulher,Thayanna Klysnney Moreira Nunes,Mulher,WIT
Maristela Holanda,Mulher,Thayanna Klysnney Moreira Nunes,Mulher,WIT
Maria do Socorro Vieira Barreto,Mulher,Thales Francisco Mota Carvalho,Homem,WIT
Maria do Socorro Vieira Barreto,Mulher,Vívian Ludimila Aguiar Santos,Mulher,WIT
Thales Francisco Mota Carvalho,Homem,Vívian Ludimila Aguiar Santos,Mulher,WIT
Marjory Abreu,Mulher,Monica Pereira,Mulher,WIT
Andréa Sabedra Bordin,Mulher,Isadora Garcia Ferrão,Mulher,WIT
Andréa Sabedra Bordin,Mulher,Kalinka R. L. J. C. Branco,Mulher,WIT
Isadora Garcia Ferrão,Mulher,Kalinka R. L. J. C. Branco,Mulher,WIT
Ana Flávia C. Moura,Mulher,Ana Luiza C. Lorens,Mulher,WIT
Ana Flávia C. Moura,Mulher,Bárbara D. Duarte,Mulher,WIT
Ana Flávia C. Moura,Mulher,Juliana Espíndola Botelho,Mulher,WIT
Ana Flávia C. Moura,Mulher,Mirella M. Moro,Mulher,WIT
Ana Luiza C. Lorens,Mulher,Bárbara D. Duarte,Mulher,WIT
Ana Luiza C. Lorens,Mulher,Juliana Espíndola Botelho,Mulher,WIT
Ana Luiza C. Lorens,Mulher,Mirella M. Moro,Mulher,WIT
Bárbara D. Duarte,Mulher,Juliana Espíndola Botelho,Mulher,WIT
Bárbara D. Duarte,Mulher,Mirella M. Moro,Mulher,WIT
Juliana Espíndola Botelho,Mulher,Mirella M. Moro,Mulher,WIT
Aline Mello,Mulher,Fláva Amim,Mulher,WIT
Aline Mello,Mulher,Jaqueline Moura,Mulher,WIT
Aline Mello,Mulher,Karina Fernandes,Mulher,WIT
Aline Mello,Mulher,Ketrin Vargas,Mulher,WIT
Fláva Amim,Mulher,Jaqueline Moura,Mulher,WIT
Fláva Amim,Mulher,Karina Fernandes,Mulher,WIT
Fláva Amim,Mulher,Ketrin Vargas,Mulher,WIT
Jaqueline Moura,Mulher,Karina Fernandes,Mulher,WIT
Jaqueline Moura,Mulher,Ketrin Vargas,Mulher,WIT
Karina Fernandes,Mulher,Ketrin Vargas,Mulher,WIT
Cesar D. P. Crovato,Homem,Cristiano A. da Costa,Homem,SBCUP
Cesar D. P. Crovato,Homem,Luis A. Z. Pozenato,Homem,SBCUP
Cesar D. P. Crovato,Homem,Rodrigo R. Righi,Homem,SBCUP
Cesar D. P. Crovato,Homem,Vinícius F. Rodrigues,Homem,SBCUP
Cristiano A. da Costa,Homem,Luis A. Z. Pozenato,Homem,SBCUP
Cristiano A. da Costa,Homem,Rodrigo R. Righi,Homem,SBCUP
Cristiano A. da Costa,Homem,Vinícius F. Rodrigues,Homem,SBCUP
Luis A. Z. Pozenato,Homem,Rodrigo R. Righi,Homem,SBCUP
Luis A. Z. Pozenato,Homem,Vinícius F. Rodrigues,Homem,SBCUP
Rodrigo R. Righi,Homem,Vinícius F. Rodrigues,Homem,SBCUP
Ewerton Andrade,Homem,Matheus Dias Vieira,Homem,ENCompIF
Caciele Catiussa Ibarro Barbosa Lara,Mulher,Dariane Abich,Mulher,ENCompIF
Caciele Catiussa Ibarro Barbosa Lara,Mulher,Rafael Parizi,Homem,ENCompIF
Dariane Abich,Mulher,Rafael Parizi,Homem,ENCompIF
Alexandre Rossi Paschoal,Homem,Bruno Henrique Ribeiro da Fonseca,Homem,CTD
Alexandre Rossi Paschoal,Homem,Douglas Silva Domingues,Homem,CTD
Bruno Henrique Ribeiro da Fonseca,Homem,Douglas Silva Domingues,Homem,CTD
Carlos Storck,Homem,Efrem Lousada,Homem,SBCUP
Carlos Storck,Homem,Fátima Duarte-Figueiredo,Mulher,SBCUP
Carlos Storck,Homem,Guilherme Silva,Homem,SBCUP
Carlos Storck,Homem,Raquel Mini,Mulher,SBCUP
Efrem Lousada,Homem,Fátima Duarte-Figueiredo,Mulher,SBCUP
Efrem Lousada,Homem,Guilherme Silva,Homem,SBCUP
Efrem Lousada,Homem,Raquel Mini,Mulher,SBCUP
Fátima Duarte-Figueiredo,Mulher,Guilherme Silva,Homem,SBCUP
Fátima Duarte-Figueiredo,Mulher,Raquel Mini,Mulher,SBCUP
Guilherme Silva,Homem,Raquel Mini,Mulher,SBCUP
