Autor1,Gênero_Autor1,Autor2,Gênero_Autor2,Peso
Abner M. C. Araújo,Homem,Manuel M. Oliveira Neto,Homem,1
Acacia Terra,Mulher,Braulio Mello,Homem,1
Acacia Terra,Mulher,Edimar Roque Martello Junior,Homem,1
Acacia Terra,Mulher,Ricardo Parizotto,Homem,1
Adauto Filho,Homem,Bruno Santos,Homem,1
Adauto Filho,Homem,Franciely Souza,Mulher,1
Adauto Filho,Homem,Hugo Santos,Homem,1
Adauto Filho,Homem,Irandir Amorim,Homem,1
Adauto Filho,Homem,Maria Silva,Mulher,1
Adenauer C. Yamin,Homem,Alexandra Zimpeck,Mulher,2
Adenauer C. Yamin,Homem,Alexandre Souza,Homem,2
Adenauer C. Yamin,Homem,Amanda Argou,Mulher,1
Adenauer C. Yamin,Homem,Ana Marilza Pernas,Mulher,6
Adenauer C. Yamin,Homem,Ana Pernas,Mulher,3
Adenauer C. Yamin,Homem,Anderson Cardoso,Homem,1
Adenauer C. Yamin,Homem,Bruno Mota,Homem,1
Adenauer C. Yamin,Homem,Cleber S. Peter,Homem,2
Adenauer C. Yamin,Homem,Cláudio Geyer,Homem,1
Adenauer C. Yamin,Homem,Diórgenes Y. L. da Rosa,Homem,1
Adenauer C. Yamin,Homem,Eduardo Abreu,Homem,1
Adenauer C. Yamin,Homem,Eduardo Monks,Homem,1
Adenauer C. Yamin,Homem,Felipe Haertel,Homem,2
Adenauer C. Yamin,Homem,Felipe Marques,Homem,2
Adenauer C. Yamin,Homem,Franklin Barcellos,Homem,2
Adenauer C. Yamin,Homem,Gerson Cavalheiro,Homem,2
Adenauer C. Yamin,Homem,Jorge Aranda,Homem,1
Adenauer C. Yamin,Homem,Jorge Barbosa,Homem,4
Adenauer C. Yamin,Homem,João Ladislau Lopes,Homem,1
Adenauer C. Yamin,Homem,João Lopes,Homem,4
Adenauer C. Yamin,Homem,João Tavares,Homem,1
Adenauer C. Yamin,Homem,Juliano Carvalho,Homem,1
Adenauer C. Yamin,Homem,Leandro Camargo,Homem,3
Adenauer C. Yamin,Homem,Leonardo João,Homem,1
Adenauer C. Yamin,Homem,Lucas Dias,Homem,1
Adenauer C. Yamin,Homem,Lucas Penning,Homem,2
Adenauer C. Yamin,Homem,Mauricio Tavares,Homem,1
Adenauer C. Yamin,Homem,Patrick Fernandes,Homem,2
Adenauer C. Yamin,Homem,Renata Reiser,Mulher,3
Adenauer C. Yamin,Homem,Renato Dilli,Homem,3
Adenauer C. Yamin,Homem,Ricardo B. Almeida,Homem,2
Adenauer C. Yamin,Homem,Rodrigo Lambrecht,Homem,2
Adenauer C. Yamin,Homem,Rodrigo Real,Homem,1
Adenauer C. Yamin,Homem,Roger Machado,Homem,5
Adenauer C. Yamin,Homem,Rogério Albandes,Homem,4
Adenauer C. Yamin,Homem,Verônica Tabim,Mulher,1
Adenauer Correa Yamin,Homem,Alexandre Renato Rodrigues de Souza,Homem,1
Adenauer Correa Yamin,Homem,Bruno Mota,Homem,1
Adenauer Correa Yamin,Homem,Cláudio Machado Diniz,Homem,1
Adenauer Correa Yamin,Homem,Eduardo Maroñas Monks,Homem,1
Adenauer Correa Yamin,Homem,Fabrício Neitzke Ferreira,Homem,1
Adenauer Correa Yamin,Homem,Guilherme Bayer Scheneider,Homem,1
Adenauer Correa Yamin,Homem,Helida Santos,Mulher,1
Adenauer Correa Yamin,Homem,Leonardo Costa Reichow,Homem,1
Adenauer Correa Yamin,Homem,Mateus Parker Porto,Homem,1
Adenauer Correa Yamin,Homem,Renata Hax Sander Reiser,Mulher,2
Adenauer Correa Yamin,Homem,Rodrigo Blanke Lambrecht,Homem,1
Adiel de Almeida Filho,Homem,Diogo Lima Silva,Homem,1
Adiel de Almeida Filho,Homem,Julio Cezar Silva,Homem,1
Adilson Costa,Homem,Bruno Martini,Homem,1
Adilson Costa,Homem,Gilson Helfer,Homem,1
Adilson Costa,Homem,Jorge Barbosa,Homem,1
Adilson Costa,Homem,Reginaldo Santos,Homem,1
Adriana Nogueira,Mulher,Brenno Nascimento,Homem,1
Adriana Nogueira,Mulher,Felipe Silva,Homem,1
Adriana Nogueira,Mulher,Geraldo Braz Junior,Homem,1
Adriana Nogueira,Mulher,Italo Dovera,Homem,1
Adriana Nogueira,Mulher,Luis Rivero,Homem,1
Adriana Nogueira,Mulher,Matheus Bessa,Homem,1
Adriana Nogueira,Mulher,Rafael Gomes,Mulher,1
Adriana Paula Zamim Scherer,Mulher,Filipo Novo Mór,Homem,1
Adriane C. A. da Silva,Mulher,Luciano T. E. Pansanato,Homem,1
Adriane Parraga,Mulher,Débora Mattos,Mulher,1
Adriane Parraga,Mulher,Fabrícia Damando Santos,Mulher,1
Adriane Parraga,Mulher,Luana Sperling Santana,Mulher,1
Adrianne Veras de Almeida,Mulher,Fabíola Pantoja O. Araújo,Mulher,1
Adriano Braga,Homem,Alexandre F. Lopes,Homem,2
Adriano Braga,Homem,Gabryella da S. Garcia,Mulher,1
Adriano Braga,Homem,Ianka Assis,Mulher,1
Adriano Braga,Homem,Letícia S. Camargo,Mulher,2
Adriano Braga,Homem,Maria Alice N. Silva,Mulher,2
Adriano Braga,Homem,Maria Isabela S. Nunes,Mulher,1
Adriano Braga,Homem,Natália C. Louzada,Mulher,4
Adriano Braga,Homem,Ramayane B. Braga,Mulher,4
Adriano Braga,Homem,Sara L. de Farias,Mulher,2
Adriano Braga,Homem,Thalia S. Santana,Mulher,7
Adriano F. Borgatto,Homem,Alejandro Calderón,Homem,1
Adriano F. Borgatto,Homem,Christiane G. von Wangenheim,Mulher,2
Adriano F. Borgatto,Homem,Giani Petri,Mulher,1
Adriano F. Borgatto,Homem,Gustavo de Castro Salvador,Homem,1
Adriano F. Borgatto,Homem,Marcelo Fernando Rauber,Homem,1
Adriano F. Borgatto,Homem,Mercedes Ruiz,Mulher,1
Adriano Fiorese,Homem,Kauã B. Hopfer,Homem,1
Adriano Kamimura Suzuki,Homem,Matheus Henrique Junqueira Saldanha,Homem,1
Adriano Yasuda,Homem,Diego Hoss,Homem,1
Adriano Yasuda,Homem,Gil Andrade,Homem,1
Adriano Yasuda,Homem,Jonatas Nascimento,Homem,1
Adriano Yasuda,Homem,Josepher Silva,Homem,1
Adriano Yasuda,Homem,Levy Silva,Homem,1
Adriano Yasuda,Homem,Roberta Suero,Mulher,1
Adrielly C. E. Dias,Mulher,Daniela C. Terra,Mulher,1
Adrielly C. E. Dias,Mulher,Isabella A. D. Melo,Mulher,1
Adrielly C. E. Dias,Mulher,Leticia M. M. S. Cheloni,Mulher,1
Adrielly C. E. Dias,Mulher,Raylla L. S. Gama,Mulher,1
Adrielly C. E. Dias,Mulher,Suelen M. de Paula,Mulher,1
Adrisson Rodrigues,Homem,João Marcos Cavalcanti,Homem,1
Adrisson Rodrigues,Homem,Marcela Pessoa,Mulher,1
Adrisson Rodrigues,Homem,Robson Melo,Homem,1
Adrisson Rodrigues,Homem,Sergio Cleger,Homem,1
Adrya Araújo,Mulher,Bruna Mariana F. de Souza,Mulher,2
Adrya Araújo,Mulher,Fabiola Guerra Nakamura,Mulher,2
Adrya Araújo,Mulher,Jeovana Leão,Mulher,2
Adrya Araújo,Mulher,Julis Figueira de Araújo,Homem,2
Adrya Araújo,Mulher,Kalil Ferreira,Homem,2
Adrya Araújo,Mulher,Mariana Barros,Mulher,2
Adrya Araújo,Mulher,Tanara Lauschner,Mulher,2
Adson Esteves,Homem,Aluizio Filho,Homem,1
Adson Esteves,Homem,André Raabe,Homem,1
Adson Esteves,Homem,Luiz Noschang,Homem,1
Adão Caron Cambraia,Homem,Lucas Tadeu Hinterholz,Homem,1
Adão Caron Cambraia,Homem,Márcia Adriana Rosmann,Mulher,1
Adão Caron Cambraia,Homem,Pietro Matheus Bompet Fontoura Alves,Homem,1
Adão Caron Cambraia,Homem,Wilk Oliveira,Homem,1
Afonso Serafim Jacinto,Homem,Francisco Petrônio A. Medeiros,Homem,1
Agatha Alves Martins Rodrigues,Mulher,Ariadna Carreiro de Miranda,Mulher,1
Agatha Alves Martins Rodrigues,Mulher,Claudia Sousa Barbosa,Mulher,1
Agatha Alves Martins Rodrigues,Mulher,Lucas Lima Sousa Torres,Homem,1
Agatha Alves Martins Rodrigues,Mulher,Maria Rodrigues Gomes,Mulher,1
Agatha Alves Martins Rodrigues,Mulher,Simone de Oliveira Santos,Mulher,1
Ageu Pacheco,Homem,Claudia Motta,Mulher,1
Ageu Pacheco,Homem,Daniel Menasch,Homem,1
Ageu Pacheco,Homem,Felipe Assis,Homem,1
Ageu Pacheco,Homem,Jefferson Simões,Homem,1
Ageu Pacheco,Homem,João Pinheiro,Homem,1
Ageu Pacheco,Homem,Marcus Amorim,Homem,1
Air Rabelo,Homem,Fernando Silva Parreiras,Homem,1
Air Rabelo,Homem,Luiz Claudio Gomes Maia,Homem,1
Airton Zancanaro,Homem,Carla Grossl,Mulher,1
Airton Zancanaro,Homem,Déborah Kosak Klagenberg,Mulher,1
Airton Zancanaro,Homem,Kemely Kedny Pezzini,Mulher,1
Airton Zancanaro,Homem,Letícia Hümmelgen,Mulher,1
Airton Zancanaro,Homem,Nágila Cristina Hinckel,Mulher,1
Airton Zancanaro,Homem,Thainá Schroeder Ribeiro,Mulher,1
Alan Afif Helal,Homem,Fábio da Cunha Garcia,Homem,1
Alan Afif Helal,Homem,Gilberto Fonseca Barroso,Homem,1
Alan Afif Helal,Homem,Roberto Colistete Júnior,Homem,1
Alan Afif Helal,Homem,Rodolfo da Silva Villaça,Homem,1
Alan D. A. Carneiro,Homem,Priscila Camargo,Mulher,1
Alan D. A. Carneiro,Homem,Uéverton S. Santos,Homem,1
Alan Emanuel Santos Figueiredo,Homem,André Luis Albuquerque Pinheiro,Homem,1
Alan Emanuel Santos Figueiredo,Homem,Francisco Cleber da Conceição Feitosa,Homem,1
Alan Emanuel Santos Figueiredo,Homem,Francisco Gauberto Barros dos Santos,Homem,1
Alan Emanuel Santos Figueiredo,Homem,Francisco Rondynelle Rodrigues Sousa,Homem,1
Alan Emanuel Santos Figueiredo,Homem,Guilherme Álvaro Rodrigues Maia Esmeraldo,Homem,1
Alan Emanuel Santos Figueiredo,Homem,Robson Gonçalves Fechine Feitosa,Homem,1
Alan Fernandes,Homem,Bruna Soares,Mulher,1
Alan Fernandes,Homem,Bruno Matias,Homem,1
Alan Fernandes,Homem,Everton Cavalcante,Homem,2
Alan Fernandes,Homem,Felipe Rocha,Homem,2
Alan Fernandes,Homem,José Gameleira Neto,Homem,1
Alan Fernandes,Homem,Luís Felipe Santos,Homem,1
Alan Fernandes,Homem,Oswaldo de Oliveira,Homem,1
Alan Fernandes,Homem,Sâmela Ferreira,Mulher,1
Alan Fernandes,Homem,Thais Batista,Mulher,2
Alan Rodrigues,Homem,Allysson Allex Araújo,Homem,1
Alan Rodrigues,Homem,Juliana Saraiva,Mulher,1
Alan Rodrigues,Homem,Matheus Paixão,Homem,1
Alan Rodrigues,Homem,Pamella Soares,Mulher,1
Alan Rodrigues,Homem,Vanessa Dantas,Mulher,1
Alan Salvany Felinto,Homem,Rafael Lucien Bahr Arias,Homem,1
Alan Veloso,Homem,Antônio Abelém,Homem,1
Alan Veloso,Homem,Denis Rosário,Homem,1
Alan Veloso,Homem,Lucas B. Oliveira,Homem,1
Alan Xavier,Homem,Denis Carvalho,Homem,1
Alan Xavier,Homem,Fábio Martins,Homem,1
Alan Xavier,Homem,Ricardo Pimentel,Homem,1
Alana Araujo,Mulher,Carlos A. Silva,Homem,1
Alana Araujo,Mulher,Estephane Mendes,Mulher,1
Alana Araujo,Mulher,Geraldo Braz Junior,Homem,1
Alana Araujo,Mulher,Giovanna Pavani,Mulher,1
Alana Araujo,Mulher,Karla Silva,Mulher,1
Alana Araujo,Mulher,Katia Salles,Mulher,1
Alana Araujo,Mulher,Kennedy Nunes,Homem,1
Alana Araujo,Mulher,Luis Rivero,Homem,2
Alana Araujo,Mulher,Maikon Costa,Homem,1
Alana Araujo,Mulher,Nathasha Pinto,Mulher,2
Alana Araujo,Mulher,Raimundo Neto,Homem,1
Alana Araujo,Mulher,Simara Rocha,Mulher,1
Alane M. de Lima,Mulher,André L. Vignatti,Homem,1
Alane M. de Lima,Mulher,Murilo V. G. da Silva,Homem,1
Alba S. L. do Nascimento,Mulher,Anna Raquel S. Marinho,Mulher,1
Alba S. L. do Nascimento,Mulher,Givanaldo R. de Souza,Homem,1
Alba Sandyra B. Lopes,Mulher,Amanda dos S. Bernardo,Mulher,1
Alba Sandyra B. Lopes,Mulher,Edmilson Barbalho C. Neto,Homem,1
Alba Sandyra B. Lopes,Mulher,Kadja Alleska S. de Lima,Mulher,1
Albert Lopes,Homem,Carlos Portela,Homem,2
Albert Lopes,Homem,Raaby Miranda,Mulher,1
Albert Lopes,Homem,Sandra Oliveira,Homem,1
Alberto H. F. Laender,Homem,João M. M. C. Cota,Homem,1
Alberto H. F. Laender,Homem,Raquel O. Prates,Mulher,1
Alberto Raiol,Homem,Breno Sousa,Homem,1
Alberto Raiol,Homem,Fábio Bezerra,Homem,1
Alberto Raiol,Homem,Paulo Cerqueira,Homem,1
Alberto Raiol,Homem,Rafael Santos,Homem,1
Alcides Calsavara,Homem,Ana Paula Gonçalves Serra,Mulher,1
Alcides Calsavara,Homem,Francisco de Assis Zampirolli,Homem,1
Alcides Calsavara,Homem,Leandro Silva Galvão de Carvalho,Homem,1
Alcides Calsavara,Homem,Miguel Jonathan,Homem,1
Alcides Calsavara,Homem,Ronaldo Celso Messias Correia,Homem,1
Aldo T. M. Sales,Homem,Anderson L. S. Moreira,Homem,1
Aldo T. M. Sales,Homem,Igor de A. Lima,Homem,1
Aldo T. M. Sales,Homem,Lilian B. B. Gomes,Mulher,1
Aldo T. M. Sales,Homem,Lucas H. F. Pavão,Homem,1
Aldo T. M. Sales,Homem,Marco A. O. Domingues,Homem,1
Aldo T. M. Sales,Homem,Mateus H. S. Ferraz,Homem,1
Aldri Santos,Homem,Carmem Hara,Mulher,1
Aldri Santos,Homem,Katriny Zamproni,Mulher,1
Aldri Santos,Homem,Marcos Carrero,Homem,1
Aldri Santos,Homem,Martin A. Musicante,Homem,1
Aldênio Burgos,Homem,Eduardo Alchieri,Homem,1
Alecsander Dornelles,Homem,Rafael Parizi,Homem,1
Aleffer Rocha,Homem,Leandro M. Zatesko,Homem,1
Aleffer Rocha,Homem,Sheila M. Almeida,Mulher,1
Alejandro C. Frery,Homem,Eduarda T. C. Chagas,Mulher,1
Alejandro C. Frery,Homem,Heitor S. Ramos,Homem,1
Alejandro Calderón,Homem,Christiane G. von Wangenheim,Mulher,1
Alejandro Calderón,Homem,Giani Petri,Mulher,1
Alejandro Calderón,Homem,Mercedes Ruiz,Mulher,1
Aleksander Sade Paterno,Homem,Luciana Rita Guedes,Mulher,1
Alesom Zorzi,Homem,Celina M. H. de Figueiredo,Mulher,1
Alesom Zorzi,Homem,Raphael C. S. Machado,Homem,1
Alessandra A. Paulino,Mulher,Elaine R. Faria,Mulher,1
Alessandra A. Paulino,Mulher,Fabíola S. F. Pereira,Mulher,1
Alessandra A. Paulino,Mulher,Gina M. B. Oliveira,Mulher,1
Alessandra A. Paulino,Mulher,Maria Adriana V. Lima,Mulher,1
Alessandra A. Paulino,Mulher,Maria Camila N. Barioni,Mulher,1
Alessandra A. Paulino,Mulher,Mirella S. Junqueira,Mulher,1
Alessandra Cardoso Figueredo,Mulher,Cibele Da Silva Alves,Mulher,1
Alessandra Cardoso Figueredo,Mulher,Wanderson Alexandre da Silva Quinto,Homem,1
Alessandra Herranz Gazquez,Mulher,Regiane da Silva Macuch,Mulher,1
Alessandra Martins Coelho,Mulher,Diego Nunes Noceli,Homem,1
Alessandra Martins Coelho,Mulher,Gabriela Cardoso Montes,Mulher,1
Alessandra Martins Coelho,Mulher,Ivy Oliveira Magesti,Mulher,1
Alessandra Martins Coelho,Mulher,Julie Silva Pereira,Mulher,1
Alessandra Martins Coelho,Mulher,Luiza Rosa de Moura,Mulher,2
Alessandra Martins Coelho,Mulher,Matheus de Freitas Oliveira Baffa,Homem,2
Alessandra Martins Coelho,Mulher,Nurian Maria Amâncio Coelho,Mulher,1
Aleteia Araujo,Mulher,Alice Borges,Mulher,1
Aleteia Araujo,Mulher,Alice Lima,Mulher,1
Aleteia Araujo,Mulher,Amilton L. M. Júnior,Homem,1
Aleteia Araujo,Mulher,Carla Castanho,Mulher,3
Aleteia Araujo,Mulher,Carla Koike,Mulher,3
Aleteia Araujo,Mulher,Edna Canedo,Mulher,1
Aleteia Araujo,Mulher,Eric Hans M. da Silva,Homem,1
Aleteia Araujo,Mulher,João Laterza,Homem,1
Aleteia Araujo,Mulher,Kailany Ketulhe,Mulher,1
Aleteia Araujo,Mulher,Maristela Holanda,Mulher,4
Aleteia Araujo,Mulher,Mirella M. Moro,Mulher,1
Aleteia Araujo,Mulher,Roberta B. Oliveira,Mulher,3
Aleteia P. F. Araujo,Mulher,Alice Borges,Mulher,1
Aleteia P. F. Araujo,Mulher,Alice Lima,Mulher,1
Aleteia P. F. Araujo,Mulher,Ana Júlia L. Briceño,Mulher,1
Aleteia P. F. Araujo,Mulher,Ana Sofia S. Silvestre,Mulher,1
Aleteia P. F. Araujo,Mulher,Bianca P. Castro,Mulher,1
Aleteia P. F. Araujo,Mulher,Carla Castanho,Mulher,1
Aleteia P. F. Araujo,Mulher,Carla Cavalcante Koike,Mulher,3
Aleteia P. F. Araujo,Mulher,Fernanda de Sousa,Mulher,1
Aleteia P. F. Araujo,Mulher,Maria Eduarda Santos,Mulher,1
Aleteia P. F. Araujo,Mulher,Maristela Holanda,Mulher,3
Aleteia P. F. Araujo,Mulher,Roberta B. Oliveira,Mulher,3
Aleteia P. F. Araujo,Mulher,Tais A. Oliveira,Mulher,1
Aleteia P. F. Araujo,Mulher,Thamires P. Silva,Mulher,1
Aleteia P. F. Araujo,Mulher,Vinicius R. P. Borges,Homem,1
Aleteia Patricia Araujo,Mulher,Maristela Holanda,Mulher,1
Aleteia Patricia Araujo,Mulher,Thayanna Klysnney Moreira Nunes,Mulher,1
Aleteia Patrícia F. de Araújo,Mulher,Camila N. Soares,Mulher,1
Aleteia Patrícia F. de Araújo,Mulher,Leticia L. Leite,Mulher,1
Aleteia Patrícia F. de Araújo,Mulher,Lucas M. Chagas,Homem,1
Aleteia Patrícia F. de Araújo,Mulher,Luiza A. Hansen,Mulher,1
Aleteia Patrícia F. de Araújo,Mulher,Maria Clicia Steling de Castro,Mulher,1
Aleteia Patrícia F. de Araújo,Mulher,Maristela Holanda,Mulher,2
Aleteia Patrícia F. de Araújo,Mulher,Rafaela Brum,Mulher,1
Aleteia Patrícia F. de Araújo,Mulher,Rosa Maria E. Moreira da Costa,Mulher,1
Aleteia Patrícia F. de Araújo,Mulher,Vera Maria B. Werneck,Mulher,1
Aleteia Patrícia F. de Araújo,Mulher,Vinicius R. P. Borges,Homem,1
Alex B. Vieira,Homem,Artur Ziviani,Homem,2
Alex B. Vieira,Homem,Breno Machado,Homem,1
Alex B. Vieira,Homem,Edelberto Franco,Homem,1
Alex B. Vieira,Homem,Francisco Airton Silva,Homem,1
Alex B. Vieira,Homem,Frederico O. Sales,Homem,1
Alex B. Vieira,Homem,Glauber Dias Gonçalves,Homem,1
Alex B. Vieira,Homem,Gustavo S. Carnivali,Homem,1
Alex B. Vieira,Homem,Italo Cunha,Homem,1
Alex B. Vieira,Homem,Jussara Almeida,Mulher,1
Alex B. Vieira,Homem,Paulo A. A. Esquef,Homem,1
Alex B. Vieira,Homem,Samuel de Oliveira Ribeiro,Homem,1
Alex Barradas Filho,Homem,Allan K. Barros,Homem,1
Alex Barradas Filho,Homem,Davi Viana,Homem,1
Alex Barradas Filho,Homem,João B. Bottentuit Junior,Homem,1
Alex Barradas Filho,Homem,Luis Rivero,Homem,1
Alex Borges Vieira,Homem,Bruno Marques Cremonezi,Homem,1
Alex Borges Vieira,Homem,Michele Nogueira Lima,Mulher,1
Alex Calado,Homem,Ricardo Souza,Homem,1
Alex Gliesch,Homem,Marcus Ritt,Homem,1
Alex Muniz,Homem,Lucas Fernandes,Homem,1
Alex Muniz,Homem,Marlon Cordeiro Domenech,Homem,1
Alex Muniz,Homem,Matheus Kauê Fernandes Suzin,Homem,1
Alex Muniz,Homem,Rafael Seisl Solanha,Homem,1
Alex Muniz,Homem,Rodrigo Espinosa Cabral,Homem,1
Alex R. Weber,Homem,Bruno B. Boniati,Homem,1
Alex R. Weber,Homem,Christiane G. von Wangenheim,Mulher,1
Alex R. Weber,Homem,Giani Petri,Mulher,1
Alexander Decker de Souza,Homem,Luiz Filipe Menezes Vieira,Homem,1
Alexander Decker de Souza,Homem,Marcos Augusto Menezes Vieira,Homem,1
Alexandra S. Pereira,Mulher,Antonio A. F. Loureiro,Homem,1
Alexandra S. Pereira,Mulher,Fabrício A. Silva,Homem,1
Alexandra S. Pereira,Mulher,Luiz H. A. Correia,Homem,1
Alexandra S. Pereira,Mulher,Thais R. M. B. Silva,Mulher,1
Alexandra Zimpeck,Mulher,Cleber S. Peter,Homem,2
Alexandra Zimpeck,Mulher,Felipe Marques,Homem,2
Alexandra Zimpeck,Mulher,Jorge Barbosa,Homem,1
Alexandra Zimpeck,Mulher,Lucas Penning,Homem,2
Alexandre Aragão,Homem,Ariel Teles,Homem,1
Alexandre Aragão,Homem,Arlindo da Conceição,Homem,1
Alexandre Aragão,Homem,Davi Viana,Homem,1
Alexandre Aragão,Homem,Francisco A. Silva,Homem,1
Alexandre Aragão,Homem,Inaldo Costa,Homem,1
Alexandre Aragão,Homem,Luis Rivero,Homem,1
Alexandre Aragão,Homem,Tercio Sousa,Homem,1
Alexandre B. Gomes,Homem,Danyllo W. Albuquerque,Homem,1
Alexandre B. Gomes,Homem,Maelly K. V. de Sousa,Mulher,1
Alexandre B. Gomes,Homem,Mirko Perkusich,Homem,1
Alexandre B. Gomes,Homem,Mirna C. O. Maia,Mulher,1
Alexandre B. Gomes,Homem,Raquel B. Leal,Mulher,1
Alexandre B. dos Santos,Homem,Francisco Alan de O. Santos,Homem,1
Alexandre B. dos Santos,Homem,Pedro A. Fontes Neto,Homem,1
Alexandre C. B. Delbem,Homem,Daniel R. F. Bonetti,Homem,1
Alexandre C. B. Delbem,Homem,Gesiel Rios Lopes,Homem,1
Alexandre C. B. Delbem,Homem,Gonzalo Travieso,Homem,1
Alexandre C. B. Delbem,Homem,Kalinka Branco,Mulher,1
Alexandre C. B. Delbem,Homem,Paulo S. L. Souza,Homem,1
Alexandre Cezar,Homem,Ana Shirley Ferreira Silva,Mulher,1
Alexandre Cezar,Homem,Ana Silva,Mulher,1
Alexandre Cezar,Homem,Carlos V. G. C. Lima,Homem,1
Alexandre Cezar,Homem,Carlos Vinícius Gomes Costa Lima,Homem,1
Alexandre Cezar,Homem,Julio Araujo,Homem,2
Alexandre Cezar,Homem,Júlio Araújo,Homem,1
Alexandre Cezar,Homem,Rayane Castro,Mulher,1
Alexandre Cezar,Homem,Vinicius F. Santos,Homem,1
Alexandre Cezar,Homem,Vinicius Fernandes dos Santos,Homem,1
Alexandre Costa,Homem,Bruno Pereira,Homem,1
Alexandre Costa,Homem,Flávia Delicato,Mulher,1
Alexandre Costa,Homem,Francisco Henrique Ferreira,Homem,1
Alexandre Costa,Homem,Jose Souza,Homem,1
Alexandre Costa,Homem,Marcio Imamura,Homem,1
Alexandre Costa,Homem,Rodrigo Pereira dos Santos,Homem,1
Alexandre F. Lopes,Homem,Thalia S. Santana,Mulher,2
Alexandre Grotta,Homem,Edmir P.V. Prado,Homem,1
Alexandre Martinazzo,Homem,Andrea Britto Mattos,Mulher,1
Alexandre Martinazzo,Homem,Marisa Vasconcelos,Mulher,1
Alexandre Martinazzo,Homem,Maysa M. G. Macedo,Mulher,1
Alexandre Martinazzo,Homem,Roseli Lopes,Mulher,1
Alexandre P. Züge,Homem,Carlos R. Beleti Junior,Homem,1
Alexandre P. Züge,Homem,Marcelo Valério,Homem,1
Alexandre P. Züge,Homem,Maytê G. C. Bezerra,Mulher,1
Alexandre P. Züge,Homem,Robertino M. Santiago Junior,Homem,1
Alexandre P. do Carmo,Homem,Leonardo A. Silva,Homem,1
Alexandre P. do Carmo,Homem,Mateus S. Menines,Homem,1
Alexandre P. do Carmo,Homem,Matheus D. de Oliveira,Homem,1
Alexandre P. do Carmo,Homem,Raquel F. Vassallo,Mulher,1
Alexandre P. do Carmo,Homem,Vinícius H. Izabel,Homem,1
Alexandre Pereira do Carmo,Homem,Clebeson Canuto dos Santos,Homem,1
Alexandre Pereira do Carmo,Homem,Douglas Almonfrey,Homem,1
Alexandre Pereira do Carmo,Homem,Felippe Mendonça de Queiroz,Homem,2
Alexandre Pereira do Carmo,Homem,Leonardo de Assis Silva,Homem,1
Alexandre Pereira do Carmo,Homem,Pedro Vinicius dos Santos Custodio,Homem,1
Alexandre Pereira do Carmo,Homem,Raquel Frizera Vassallo,Mulher,2
Alexandre Pereira do Carmo,Homem,Wagner Augusto Aranda Cotta,Homem,1
Alexandre Prusch Züge,Homem,Carlos R. Beleti Junior,Homem,1
Alexandre Prusch Züge,Homem,Maytê Gouvêa Coleto Bezerra,Mulher,1
Alexandre Prusch Züge,Homem,Robertino M. Santiago Junior,Homem,1
Alexandre Renato Rodrigues de Souza,Homem,Fabrício Neitzke Ferreira,Homem,1
Alexandre Renato Rodrigues de Souza,Homem,Leonardo Costa Reichow,Homem,1
Alexandre Renato Rodrigues de Souza,Homem,Renata Hax Sander Reiser,Mulher,1
Alexandre Renato Rodrigues de Souza,Homem,Rodrigo Blanke Lambrecht,Homem,1
Alexandre Ribeiro,Homem,Guilherme Londe,Homem,1
Alexandre Ribeiro,Homem,Jorge dos Santos,Homem,1
Alexandre Ribeiro,Homem,Welverton da Silva,Homem,1
Alexandre Rocha,Homem,Denis Rosário,Homem,1
Alexandre Rocha,Homem,Francisco da Ponte,Homem,1
Alexandre Rocha,Homem,Gabriel Galdino,Homem,1
Alexandre Rocha,Homem,Joaquim Celestino Jr,Homem,1
Alexandre Rocha,Homem,Rafael Gomes,Mulher,1
Alexandre Rossi Paschoal,Homem,Bruno Henrique Ribeiro da Fonseca,Homem,1
Alexandre Rossi Paschoal,Homem,Douglas Silva Domingues,Homem,1
Alexandre Scaico,Homem,José Samuel Assunção Luz,Homem,1
Alexandre Scaico,Homem,Juliana Aragão,Mulher,1
Alexandre Scaico,Homem,Willams Pinto Ferreira,Homem,1
Alexandre Souza,Homem,Franklin Barcellos,Homem,2
Alexandre Souza,Homem,Rodrigo Lambrecht,Homem,2
Alexandre Souza,Homem,Rogério Albandes,Homem,2
Alexandre da Rosa,Homem,Andreia de Jesus,Mulher,1
Alexandre da Rosa,Homem,Gabriel Vaz Igarashi,Homem,1
Alexandre da Rosa,Homem,Vinicius Struginski Pereira,Homem,1
Alexia Bagesteiro Camargo,Mulher,Alice F. Finger,Mulher,1
Alexia Bagesteiro Camargo,Mulher,Aline Vieira de Mello,Mulher,1
Alexia Bagesteiro Camargo,Mulher,Amanda Meincke Melo,Mulher,1
Alexia Bagesteiro Camargo,Mulher,Clevi Rapkiewicz,Mulher,1
Alexia Bagesteiro Camargo,Mulher,Hariel Souza,Homem,1
Alexia Bagesteiro Camargo,Mulher,Letícia Gindri,Mulher,1
Alexsander Andrade de Melo,Homem,Uéverton dos Santos Souza,Homem,1
Alice Barbosa,Mulher,Carina Oliveira,Mulher,2
Alice Barbosa,Mulher,Daniel Saraiva,Homem,1
Alice Barbosa,Mulher,Helen Abdala R. Ferreira,Mulher,1
Alice Barbosa,Mulher,Marcia N. Viana,Mulher,1
Alice Barbosa,Mulher,Mércia Ferreira,Mulher,1
Alice Barbosa,Mulher,Reinaldo B. Braga,Homem,2
Alice Barbosa do Couto,Mulher,Amanda Raynara Quintana Theodoro,Mulher,1
Alice Barbosa do Couto,Mulher,Ariadne Nicoly Mori de Paula,Mulher,1
Alice Barbosa do Couto,Mulher,Bianca Fernandes Ribas,Mulher,1
Alice Barbosa do Couto,Mulher,Clara Scatena da Silva,Mulher,1
Alice Barbosa do Couto,Mulher,Claudia Santos Fernandes,Mulher,1
Alice Barbosa do Couto,Mulher,Diane Rosa da Silva,Mulher,1
Alice Barbosa do Couto,Mulher,Giovanna Mara Paes Franco,Mulher,1
Alice Barbosa do Couto,Mulher,Luana Arfux de Castro Nogueira,Mulher,1
Alice Barbosa do Couto,Mulher,Marcia Ferreira Cristaldo,Mulher,1
Alice Barbosa do Couto,Mulher,Maria Eduarda Alves Barbosa,Mulher,1
Alice Barbosa do Couto,Mulher,Marta Luzzi,Mulher,1
Alice Barbosa do Couto,Mulher,Nayara Arruda Cunha,Mulher,1
Alice Borges,Mulher,Alice Lima,Mulher,1
Alice Borges,Mulher,Carla Castanho,Mulher,1
Alice Borges,Mulher,Carla Cavalcante Koike,Mulher,1
Alice Borges,Mulher,Carla Koike,Mulher,1
Alice Borges,Mulher,Fernanda de Sousa,Mulher,1
Alice Borges,Mulher,Kailany Ketulhe,Mulher,1
Alice Borges,Mulher,Maristela Holanda,Mulher,2
Alice Borges,Mulher,Roberta B. Oliveira,Mulher,2
Alice F. Finger,Mulher,Aline Vieira de Mello,Mulher,2
Alice F. Finger,Mulher,Amanda Meincke Melo,Mulher,1
Alice F. Finger,Mulher,Andréa S. Bordin,Mulher,1
Alice F. Finger,Mulher,Clevi Rapkiewicz,Mulher,1
Alice F. Finger,Mulher,Hariel Souza,Homem,1
Alice F. Finger,Mulher,Letícia Gindri,Mulher,2
Alice Fonseca Finger,Mulher,Aline Vieira de Mello,Mulher,2
Alice Fonseca Finger,Mulher,Amanda Meincke Melo,Mulher,1
Alice Fonseca Finger,Mulher,Andréa Sabedra Bordin,Mulher,1
Alice Fonseca Finger,Mulher,Letícia Gindri,Mulher,1
Alice Lima,Mulher,Carla Castanho,Mulher,1
Alice Lima,Mulher,Carla Cavalcante Koike,Mulher,1
Alice Lima,Mulher,Carla Koike,Mulher,1
Alice Lima,Mulher,Kailany Ketulhe,Mulher,1
Alice Lima,Mulher,Maria Eduarda Santos,Mulher,1
Alice Lima,Mulher,Maristela Holanda,Mulher,2
Alice Lima,Mulher,Roberta B. Oliveira,Mulher,2
Alice Lima,Mulher,Vinicius R. P. Borges,Homem,1
Alice Menezes,Mulher,Carlos Figueiredo,Homem,1
Aline Amaral,Mulher,André F. R. Cordeiro,Homem,1
Aline Amaral,Mulher,Edson OliveiraJr,Homem,1
Aline Amaral,Mulher,João Choma Neto,Homem,1
Aline Amaral,Mulher,Simone R. S. Souza,Mulher,1
Aline Amaral,Mulher,Thelma E. Colanzi,Mulher,1
Aline M. M. M. Amaral,Mulher,Edson OliveiraJr,Homem,1
Aline M. M. M. Amaral,Mulher,Giovanna Bettin,Mulher,1
Aline M. M. M. Amaral,Mulher,Gislaine C. L. Leal,Mulher,1
Aline M. M. M. Amaral,Mulher,Julio B. Herculani,Homem,1
Aline M. M. M. Amaral,Mulher,Marcelo Y. Shigenaga,Homem,1
Aline M. M. M. Amaral,Mulher,Renato Balancieri,Homem,1
Aline M. M. M. Amaral,Mulher,Thelma E. Colanzi,Mulher,1
Aline Mello,Mulher,Amanda Melo,Mulher,1
Aline Mello,Mulher,Fláva Amim,Mulher,1
Aline Mello,Mulher,Isadora Ferrão,Mulher,1
Aline Mello,Mulher,Jaqueline Moura,Mulher,1
Aline Mello,Mulher,Karina Fernandes,Mulher,1
Aline Mello,Mulher,Ketrin Vargas,Mulher,1
Aline Paes,Mulher,André Nascimento,Homem,1
Aline Paes,Mulher,Daniel de Oliveira,Homem,1
Aline Paes,Mulher,Gerson Zaverucha,Homem,1
Aline Paes,Mulher,Rodrigo Azevedo Santos,Homem,1
Aline Paes,Mulher,Victor Olimpio,Homem,1
Aline Saettler,Mulher,Eduardo S. Laber,Homem,1
Aline Silva De Bona,Mulher,Natália Bernardo Nunes,Mulher,1
Aline Sousa,Mulher,Natasha Valentim,Mulher,1
Aline Vieira de Mello,Mulher,Amanda Meincke Melo,Mulher,2
Aline Vieira de Mello,Mulher,Andréa S. Bordin,Mulher,1
Aline Vieira de Mello,Mulher,Andréa Sabedra Bordin,Mulher,1
Aline Vieira de Mello,Mulher,Clevi Rapkiewicz,Mulher,1
Aline Vieira de Mello,Mulher,Hariel Souza,Homem,1
Aline Vieira de Mello,Mulher,Letícia Gindri,Mulher,3
Aline de S. M. dos Santos,Mulher,Rozelma Soares de França,Mulher,1
Aline de S. M. dos Santos,Mulher,Wellington G. Pereira,Homem,1
Alirio Santos de Sá,Homem,Ana Carolina Sokolonski,Mulher,1
Alirio Santos de Sá,Homem,Raimundo José de Araújo Macêdo,Homem,1
Allan K. Barros,Homem,Davi Viana,Homem,1
Allan K. Barros,Homem,João B. Bottentuit Junior,Homem,1
Allan K. Barros,Homem,Luis Rivero,Homem,1
Allan M. de Souza,Homem,Leandro A. Villas,Homem,1
Allan Mori,Homem,Italo Santos,Homem,1
Allan Mori,Homem,Simone R. S. Souza,Mulher,1
Allan Veras,Homem,Bruno Merlin,Homem,1
Allan Veras,Homem,Heleno Fülber,Homem,1
Allan Veras,Homem,João Ferreira,Homem,1
Allan Veras,Homem,Leonardo Zamprogno,Homem,1
Allen Ibiapina,Homem,Ana Silva,Mulher,1
Allysson Allex Araújo,Homem,Ariádna Miranda,Mulher,1
Allysson Allex Araújo,Homem,Emanuel Coutinho,Homem,2
Allysson Allex Araújo,Homem,Francisco Gomes,Homem,1
Allysson Allex Araújo,Homem,Jerffeson Souza,Homem,2
Allysson Allex Araújo,Homem,Matheus Paixão,Homem,1
Allysson Allex Araújo,Homem,Pamella Soares,Mulher,1
Allysson Allex Araújo,Homem,Saori Costa,Mulher,1
Almir de O. Costa Junior,Homem,José Anglada Rivera,Homem,1
Almir de Oliveira Costa Junior,Homem,Lucimara Cruz de Souza,Mulher,1
Alonso Ali,Homem,Orlando Lee,Homem,1
Aloísio Alkmim de Oliveira Filho,Homem,Gustavo Bittencourt Machado,Homem,1
Aloísio Alkmim de Oliveira Filho,Homem,Izabela Lorena Azevedo,Mulher,1
Aloísio Alkmim de Oliveira Filho,Homem,Larissa Kiana Santos Azevedo Martins,Mulher,1
Aloísio Alkmim de Oliveira Filho,Homem,Nayana Borges das Mercês,Mulher,1
Aloísio Alkmim de Oliveira Filho,Homem,Tayana Nery Franca,Mulher,1
Aloísio Alkmim de Oliveira Filho,Homem,Taís Pinheiro Borges Silva,Mulher,1
Aloísio Alkmim de Oliveira Filho,Homem,Vanessa Michalsky Barbosa,Mulher,1
Altair O. Santin,Homem,Eduardo K. Viegas,Homem,1
Aluizio Filho,Homem,André Raabe,Homem,1
Aluizio Filho,Homem,Luiz Noschang,Homem,1
Aluizio Haendchen Filho,Homem,Anita Fernandes,Mulher,1
Aluizio Haendchen Filho,Homem,Jonathan Nau,Homem,1
Aluizio Haendchen Filho,Homem,Rudimar Luís Scaranto Dazzi,Homem,1
Aluizio Rocha,Homem,Arthur Souza,Homem,1
Aluizio Rocha,Homem,Dannylo Johnathan,Homem,1
Aluizio Rocha,Homem,Mário Melo,Homem,1
Aluizio Rocha,Homem,Rafael Queiroz,Homem,1
Aluizio Rocha Neto,Homem,André Solino,Homem,1
Aluizio Rocha Neto,Homem,Bárbara Soares,Mulher,1
Aluizio Rocha Neto,Homem,Everton Cavalcante,Homem,1
Aluizio Rocha Neto,Homem,Felipe Barbalho,Homem,1
Aluizio Rocha Neto,Homem,Flavia C. Delicato,Mulher,1
Aluizio Rocha Neto,Homem,Jorge Pereira,Homem,1
Aluizio Rocha Neto,Homem,João Victor Lopes,Homem,1
Aluizio Rocha Neto,Homem,Lucas Santos,Homem,1
Aluizio Rocha Neto,Homem,Paulo F. Pires,Homem,1
Aluizio Rocha Neto,Homem,Thais Batista,Mulher,2
Alzira Ferreira da Silva,Mulher,Antônio Cezar de Castro Lima,Homem,1
Alzira Ferreira da Silva,Mulher,João Vitor Ferraz,Homem,1
Alzira Ferreira da Silva,Mulher,Matheus Lima Viana,Homem,1
Alzira Ferreira da Silva,Mulher,Maísa Soares dos Santos Lopes,Mulher,1
Alzira Ferreira da Silva,Mulher,Rodrigo Silva Lima,Homem,1
Alzira Ferreira da Silva,Mulher,Roque Mendes Prado Trindade,Homem,1
Amanda Argou,Mulher,Ana Pernas,Mulher,1
Amanda Argou,Mulher,Renata Reiser,Mulher,1
Amanda Argou,Mulher,Renato Dilli,Homem,1
Amanda C. Pereira,Mulher,Matheus E. Franco,Homem,1
Amanda Lisboa Pereira,Mulher,Luis F. Pozas,Homem,1
Amanda Maria D. de Oliveira,Mulher,Flávia Roldan Viana,Mulher,1
Amanda Maria D. de Oliveira,Mulher,Gabriel Vieira Barreto,Homem,1
Amanda Martins,Mulher,Ayla Rebouças,Mulher,1
Amanda Martins,Mulher,Joana Silva,Mulher,1
Amanda Martins,Mulher,Joyce Santos,Mulher,1
Amanda Meincke Melo,Mulher,Aíla Maciel,Mulher,1
Amanda Meincke Melo,Mulher,Clevi Rapkiewicz,Mulher,1
Amanda Meincke Melo,Mulher,Hariel Souza,Homem,1
Amanda Meincke Melo,Mulher,Ketrin Diovana Alves Rodrigues Vargas,Mulher,1
Amanda Meincke Melo,Mulher,Letícia Gindri,Mulher,3
Amanda Meincke Melo,Mulher,Marina Braun Otokovieski,Mulher,1
Amanda Meincke Melo,Mulher,Patrícia Araújo de Oliveira,Mulher,1
Amanda Meincke Melo,Mulher,Raniely dos Anjos,Mulher,1
Amanda Melo,Mulher,Isadora Ferrão,Mulher,1
Amanda Raynara Quintana Theodoro,Mulher,Ariadne Nicoly Mori de Paula,Mulher,1
Amanda Raynara Quintana Theodoro,Mulher,Bianca Fernandes Ribas,Mulher,1
Amanda Raynara Quintana Theodoro,Mulher,Clara Scatena da Silva,Mulher,1
Amanda Raynara Quintana Theodoro,Mulher,Claudia Santos Fernandes,Mulher,1
Amanda Raynara Quintana Theodoro,Mulher,Diane Rosa da Silva,Mulher,1
Amanda Raynara Quintana Theodoro,Mulher,Giovanna Mara Paes Franco,Mulher,1
Amanda Raynara Quintana Theodoro,Mulher,Luana Arfux de Castro Nogueira,Mulher,1
Amanda Raynara Quintana Theodoro,Mulher,Marcia Ferreira Cristaldo,Mulher,1
Amanda Raynara Quintana Theodoro,Mulher,Maria Eduarda Alves Barbosa,Mulher,1
Amanda Raynara Quintana Theodoro,Mulher,Marta Luzzi,Mulher,1
Amanda Raynara Quintana Theodoro,Mulher,Nayara Arruda Cunha,Mulher,1
Amanda Saccol,Mulher,Carla Castanho,Mulher,1
Amanda Saccol,Mulher,Eduardo Silva,Homem,1
Amanda Saccol,Mulher,Eduardo Spies,Homem,1
Amanda Saccol,Mulher,Victor Alves,Homem,1
Amanda Vilas Boas Oliveira,Mulher,Felipe de Melo Santos,Homem,1
Amanda Vilas Boas Oliveira,Mulher,Guilherme Gonçalves da Silva,Homem,1
Amanda Vilas Boas Oliveira,Mulher,Lucas Almeida Silva,Homem,1
Amanda Vilas Boas Oliveira,Mulher,Queilane da Conceição Rocha,Mulher,1
Amanda Vilas Boas Oliveira,Mulher,Yasmin Solrac Ribeiro dos Santos,Mulher,1
Amanda Vilas Boas Oliveira,Mulher,Érica Pereira Machado,Mulher,1
Amanda de Oliveira Casagrande,Mulher,Caroline Reis Vieira Santos Rauta,Mulher,1
Amanda de Oliveira Casagrande,Mulher,Daniela Sbizera Justo,Mulher,1
Amanda de Oliveira Casagrande,Mulher,Rayana Prata Neves,Mulher,1
Amanda dos S. Bernardo,Mulher,Edmilson Barbalho C. Neto,Homem,1
Amanda dos S. Bernardo,Mulher,Kadja Alleska S. de Lima,Mulher,1
Amaury A. de Castro Jr.,Homem,Anderson C. Lima,Homem,1
Amaury A. de Castro Jr.,Homem,João Vítor M. Santos,Homem,1
Amaury A. de Castro Jr.,Homem,Pedro Enrique M. Santos,Homem,1
Amaury Antônio de Castro Junior,Homem,Anderson Corrêa de Lima,Homem,1
Amaury Antônio de Castro Junior,Homem,Luciana Montera Cheung,Mulher,1
Amilton L. M. Júnior,Homem,Carla Castanho,Mulher,1
Amilton L. M. Júnior,Homem,Carla Koike,Mulher,1
Amilton L. M. Júnior,Homem,Eric Hans M. da Silva,Homem,1
Amilton L. M. Júnior,Homem,João Laterza,Homem,1
Amilton L. M. Júnior,Homem,Maristela Holanda,Mulher,1
Amilton L. M. Júnior,Homem,Roberta B. Oliveira,Mulher,1
Ana Alencar,Mulher,Anna Marques,Mulher,2
Ana Alencar,Mulher,Kalinka Branco,Mulher,1
Ana Alencar,Mulher,Maria Mendes,Mulher,1
Ana Alencar,Mulher,Valéria Pinheiro,Mulher,2
Ana Bacelo,Mulher,Cristina Nunes,Mulher,1
Ana Bacelo,Mulher,Milene Silveira,Mulher,1
Ana Barbosa,Mulher,Diego Hoss,Homem,1
Ana Barbosa,Mulher,Gil Andrade,Homem,1
Ana Barbosa,Mulher,Lana Gomes,Mulher,1
Ana Beatriz S. Matias,Mulher,Cristiane O. de Santana,Mulher,1
Ana Beatriz S. Matias,Mulher,Jislane S. S. de Menezes,Mulher,1
Ana Beatriz S. Matias,Mulher,Júlio C. S. Araújo,Homem,1
Ana Beatriz S. Matias,Mulher,Kamille G. Bezerra,Mulher,1
Ana Beatriz S. Matias,Mulher,Leandro Santos Fraga,Homem,1
Ana Beatriz S. Matias,Mulher,Marcio C. Santos,Homem,1
Ana C. A. Oliveira,Mulher,Danyllo W. Albuquerque,Homem,1
Ana C. A. Oliveira,Mulher,Gabrielly de S. Lima,Mulher,1
Ana C. A. Oliveira,Mulher,Raquel B. Leal,Mulher,1
Ana Carla Kruger Leite,Mulher,Cibelle Amorim Martins,Mulher,1
Ana Carla Kruger Leite,Mulher,Clara Marques Bodart,Mulher,1
Ana Carla Kruger Leite,Mulher,Márcia Gonçalves Oliveira,Mulher,1
Ana Carla Kruger Leite,Mulher,Soraya Roberta dos Santos Medeiros,Mulher,1
Ana Carolina Cebin Pereira,Mulher,Karin Satie Komati,Mulher,1
Ana Carolina Nesso Guedes,Mulher,Eliana Almeida,Mulher,1
Ana Carolina Nesso Guedes,Mulher,Ester de Lima Pontes Andrade,Mulher,1
Ana Carolina Nesso Guedes,Mulher,Kamila Almeida Benevides,Mulher,1
Ana Carolina Nesso Guedes,Mulher,Kelly Bianca Araujo Silva,Mulher,1
Ana Carolina Nesso Guedes,Mulher,Lilian Giselly Pereira Santos,Mulher,1
Ana Carolina Nesso Guedes,Mulher,Luana Júlia Nunes Ferreira,Mulher,1
Ana Carolina Nesso Guedes,Mulher,Natália de Assis Sousa,Mulher,1
Ana Carolina Nesso Guedes,Mulher,Rebeca de Jesus Brandão,Mulher,1
Ana Carolina Sokolonski,Mulher,Raimundo José de Araújo Macêdo,Homem,1
Ana Carolina da Silveira de Souza,Mulher,Andréa Sabedra Bordin,Mulher,1
Ana Carolina da Silveira de Souza,Mulher,Luciana Bolan Frigo,Mulher,1
Ana Carolina da Silveira de Souza,Mulher,Luiza Castilho Ereno,Mulher,1
Ana Carolina da Silveira de Souza,Mulher,Suelen Laurindo,Mulher,1
Ana Caroline Fernandes Spengler,Mulher,Paulo Sérgio Lopes de Souza,Homem,1
Ana Cecília M. de Melo,Mulher,Glaucia M. M. Campos,Mulher,1
Ana Flávia Aragão,Mulher,Andréa Brito,Mulher,1
Ana Flávia Aragão,Mulher,Gabriel Moreira,Homem,1
Ana Flávia Aragão,Mulher,Giorgia Mattos,Mulher,1
Ana Flávia Aragão,Mulher,Josilene Aires,Mulher,1
Ana Flávia Aragão,Mulher,Sanny Alves,Mulher,1
Ana Flávia Aragão,Mulher,Thiago Coelho,Homem,1
Ana Flávia C. Moura,Mulher,Ana Luiza C. Lorens,Mulher,1
Ana Flávia C. Moura,Mulher,Andrea B. Nascimento,Mulher,1
Ana Flávia C. Moura,Mulher,Bárbara D. Duarte,Mulher,1
Ana Flávia C. Moura,Mulher,Giorgia de O. Mattos,Mulher,2
Ana Flávia C. Moura,Mulher,Josilene A. Moreira,Mulher,2
Ana Flávia C. Moura,Mulher,Juliana Espíndola Botelho,Mulher,1
Ana Flávia C. Moura,Mulher,Mirella M. Moro,Mulher,1
Ana Flávia C. Moura,Mulher,Thiago Henrique C. Tavares,Homem,1
Ana Inocêncio,Mulher,Caique Souza,Homem,1
Ana Inocêncio,Mulher,Esdras Bispo Jr.,Homem,1
Ana Inocêncio,Mulher,Lucas Costa,Homem,1
Ana Isabela M. Ramos,Mulher,Fabíola O. Araújo,Mulher,1
Ana Iza Alencar,Mulher,Anna Beatriz Marques,Mulher,1
Ana Iza Alencar,Mulher,Kalinka Castelo Branco,Mulher,1
Ana Iza Alencar,Mulher,Maria Victoria S. Fiori,Mulher,1
Ana Iza Alencar,Mulher,Valéria Maria Pinheiro,Mulher,1
Ana Julia Alves,Mulher,Wesley Folly Volotão de Souza,Homem,1
Ana Júlia L. Briceño,Mulher,Ana Sofia S. Silvestre,Mulher,1
Ana Júlia L. Briceño,Mulher,Bianca P. Castro,Mulher,1
Ana Júlia L. Briceño,Mulher,Carla Castanho,Mulher,1
Ana Júlia L. Briceño,Mulher,Carla Cavalcante Koike,Mulher,1
Ana Júlia L. Briceño,Mulher,Maristela Holanda,Mulher,1
Ana Júlia L. Briceño,Mulher,Roberta B. Oliveira,Mulher,1
Ana Júlia L. Briceño,Mulher,Tais A. Oliveira,Mulher,1
Ana Júlia L. Briceño,Mulher,Thamires P. Silva,Mulher,1
Ana Karolina Maia,Mulher,Cláudia Linhares Sales,Mulher,1
Ana Karolina Maia,Mulher,Cláudio Carvalho,Homem,1
Ana Karolina Maia,Mulher,Jonas Costa,Homem,1
Ana Karolina Maia,Mulher,Leonardo C. de Abreu,Homem,1
Ana Karolina Maia,Mulher,Manoel Campêlo,Homem,1
Ana Karolina Maia,Mulher,Nicolas Nisse,Homem,1
Ana Karolina Maia,Mulher,Raul Lopes,Homem,1
Ana L. C. Bazzan,Mulher,Bruna A. da Silva,Homem,1
Ana L. C. Bazzan,Mulher,Gabriel O. Ramos,Homem,1
Ana Lara Casagrande,Mulher,Cristiano Maciel,Homem,1
Ana Lara Casagrande,Mulher,Maria Fernanda Abalem Franca Nunes,Mulher,1
Ana Lara Casagrande,Mulher,Sabrina Bourscheid Sassi,Mulher,1
Ana Lara Casagrande,Mulher,Waleska Gonçalves de Lima,Mulher,1
Ana Lara S. Oliveira,Mulher,Anna Beatriz Marques,Mulher,1
Ana Lara S. Oliveira,Mulher,Jacilane de H. Rabelo,Mulher,1
Ana Lara S. Oliveira,Mulher,Kalinka Castelo Branco,Mulher,1
Ana Lara S. Oliveira,Mulher,Lauana M. C. de Oliveira,Mulher,1
Ana Lara S. Oliveira,Mulher,Maria Victoria S. Fiori,Mulher,1
Ana Lara S. Oliveira,Mulher,Marina da S. Rocha,Mulher,1
Ana Laura Barros de Melo,Mulher,André Luiz Firmino Alves,Homem,1
Ana Leite,Mulher,Clara Marques Bodart,Mulher,1
Ana Leite,Mulher,Gabriel Nascimento,Homem,1
Ana Leite,Mulher,Márcia Oliveira,Mulher,1
Ana Leite,Mulher,Mônica Silva,Mulher,1
Ana Lucia Machado dos Santos,Mulher,David B. F. Oliveira,Homem,1
Ana Lucia Machado dos Santos,Mulher,Elaine H. T. Oliveira,Mulher,1
Ana Lucia Machado dos Santos,Mulher,Filipe Dwan Pereira,Homem,1
Ana Lucia Machado dos Santos,Mulher,Leandro S. G. Carvalho,Homem,1
Ana Luisa D. Almeida,Mulher,Gabriel C. Carrara,Homem,1
Ana Luisa D. Almeida,Mulher,Isabele B. Prates,Mulher,1
Ana Luisa D. Almeida,Mulher,João Gabriel R. Silva,Homem,1
Ana Luisa D. Almeida,Mulher,Letícia C. T. Nascimento,Mulher,1
Ana Luisa D. Almeida,Mulher,Pedro H. O. Souza,Homem,1
Ana Luisa D. Almeida,Mulher,Renato C. Cani,Homem,1
Ana Luisa D. Almeida,Mulher,Thiago R. Almeida,Homem,1
Ana Luiza C. Lorens,Mulher,Bárbara D. Duarte,Mulher,1
Ana Luiza C. Lorens,Mulher,Juliana Espíndola Botelho,Mulher,1
Ana Luiza C. Lorens,Mulher,Mirella M. Moro,Mulher,1
Ana Luísa S. Milson,Mulher,Daniel H. Dalip,Homem,1
Ana Luísa S. Milson,Mulher,Indra Matsiendra C. D. Ribeiro,Mulher,1
Ana Luísa S. Milson,Mulher,Izabela A. Andrade,Mulher,1
Ana Luísa S. Milson,Mulher,Julia M. M. Gonçalves,Mulher,1
Ana Luísa S. Milson,Mulher,Luísa M. Laboissiere,Mulher,2
Ana Luísa S. Milson,Mulher,Marcella D. Ferreira,Mulher,2
Ana Luísa S. Milson,Mulher,Michele A. Brandão,Mulher,2
Ana Luísa S. Milson,Mulher,Mirella M. Moro,Mulher,1
Ana Luísa S. Milson,Mulher,Rodrigo Cardoso,Homem,1
Ana Luísa V. Solórzano,Mulher,Andrea Charão,Mulher,1
Ana Luísa V. Solórzano,Mulher,Rafael G. Trindade,Homem,1
Ana Marilza Pernas,Mulher,Anderson Cardoso,Homem,1
Ana Marilza Pernas,Mulher,Diórgenes Y. L. da Rosa,Homem,1
Ana Marilza Pernas,Mulher,Felipe Haertel,Homem,1
Ana Marilza Pernas,Mulher,Gerson Cavalheiro,Homem,1
Ana Marilza Pernas,Mulher,João Ladislau Lopes,Homem,1
Ana Marilza Pernas,Mulher,João Lopes,Homem,2
Ana Marilza Pernas,Mulher,Leandro Camargo,Homem,2
Ana Marilza Pernas,Mulher,Leonardo João,Homem,1
Ana Marilza Pernas,Mulher,Ricardo B. Almeida,Homem,2
Ana Marilza Pernas,Mulher,Roger Machado,Homem,4
Ana Marilza Pernas,Mulher,Rogério Albandes,Homem,1
Ana Marilza Pernas,Mulher,Verônica Tabim,Mulher,1
Ana Medeiros,Mulher,Cledja Rolim,Mulher,1
Ana Medeiros,Mulher,Isadora B. M. C. Ferreira,Mulher,1
Ana Medeiros,Mulher,Lucas Fonseca,Homem,1
Ana Moura,Mulher,Barbara Duarte,Mulher,1
Ana Moura,Mulher,Mirella M. Moro,Mulher,1
Ana P. G. Lopes,Mulher,Luis F. A. Román,Homem,1
Ana P. G. Lopes,Mulher,Paulo R. L. Gondim,Homem,1
Ana Paula Cavadas Rodrigues,Mulher,Carla Verônica Machado Marques,Mulher,1
Ana Paula Cavadas Rodrigues,Mulher,Carlo Emmanoel Tolla de Oliveira,Homem,1
Ana Paula Cavadas Rodrigues,Mulher,Claudia Lage Rebello da Motta,Mulher,1
Ana Paula Cavadas Rodrigues,Mulher,Raquel Moreira Machado Fernandes,Mulher,1
Ana Paula Couto da Silva,Mulher,Bruno Demattos Nogueira,Homem,2
Ana Paula Couto da Silva,Mulher,Fabricio Murai,Homem,2
Ana Paula Couto da Silva,Mulher,Francisco Galuppo Azevedo,Homem,2
Ana Paula Gonçalves Serra,Mulher,Francisco de Assis Zampirolli,Homem,1
Ana Paula Gonçalves Serra,Mulher,Leandro Silva Galvão de Carvalho,Homem,1
Ana Paula Gonçalves Serra,Mulher,Miguel Jonathan,Homem,1
Ana Paula Gonçalves Serra,Mulher,Ronaldo Celso Messias Correia,Homem,1
Ana Paula Lüdtke Ferreira,Mulher,Márcia Maria Lucchese,Mulher,1
Ana Paula Marques Barbosa,Mulher,Diego Jonathan Hoss,Homem,1
Ana Paula Marques Barbosa,Mulher,Gil Eduardo Andrade,Homem,1
Ana Paula Vieira Guimarães,Mulher,André Pinto Moreira,Homem,1
Ana Paula Vieira Guimarães,Mulher,Ayslan Trevizan Possebom,Homem,1
Ana Paula Vieira Guimarães,Mulher,Carla Santos de Oliveira,Mulher,1
Ana Paula Vieira Guimarães,Mulher,Carlos R. Beleti Junior,Homem,1
Ana Paula Vieira Guimarães,Mulher,Daniela Eloise Flôr,Mulher,1
Ana Paula Vieira Guimarães,Mulher,Eduardo Henrique Molina da Cruz,Homem,1
Ana Pernas,Mulher,Cláudio Geyer,Homem,1
Ana Pernas,Mulher,Eduardo Abreu,Homem,1
Ana Pernas,Mulher,Felipe Haertel,Homem,1
Ana Pernas,Mulher,Gerson Cavalheiro,Homem,1
Ana Pernas,Mulher,Jorge Barbosa,Homem,1
Ana Pernas,Mulher,João Lopes,Homem,2
Ana Pernas,Mulher,Leandro Camargo,Homem,1
Ana Pernas,Mulher,Renata Reiser,Mulher,1
Ana Pernas,Mulher,Renato Dilli,Homem,1
Ana Rita Mazzini,Mulher,Andre Du Bois,Homem,2
Ana Rita Mazzini,Mulher,Clause Piana,Mulher,2
Ana Rita Mazzini,Mulher,Johnny Marques,Homem,1
Ana Rita Mazzini,Mulher,Luciana Foss,Mulher,2
Ana Rita Mazzini,Mulher,Placida Oliveira,Mulher,1
Ana Rita Mazzini,Mulher,Renata Reiser,Mulher,2
Ana Rita Mazzini,Mulher,Simone Cavalheiro,Mulher,2
Ana Rita Mazzini,Mulher,Simão Martin,Homem,1
Ana Santos,Mulher,Elaine Oliveira,Mulher,1
Ana Santos,Mulher,Fabíola G. Nakamura,Mulher,1
Ana Santos,Mulher,Leandro Carvalho,Homem,1
Ana Santos,Mulher,Ricardo Souza,Homem,1
Ana Shirley Ferreira Silva,Mulher,Carlos Vinícius Gomes Costa Lima,Homem,1
Ana Shirley Ferreira Silva,Mulher,Julio Araujo,Homem,1
Ana Shirley Ferreira Silva,Mulher,Vinicius Fernandes dos Santos,Homem,1
Ana Silva,Mulher,Carlos V. G. C. Lima,Homem,1
Ana Silva,Mulher,Davi de Andrade,Homem,2
Ana Silva,Mulher,Júlio Araújo,Homem,1
Ana Silva,Mulher,Kenny Domingues,Homem,2
Ana Silva,Mulher,Vinicius F. Santos,Homem,1
Ana Silva,Mulher,Yuri Silva de Oliveira,Homem,1
Ana Sofia S. Silvestre,Mulher,Bianca P. Castro,Mulher,1
Ana Sofia S. Silvestre,Mulher,Carla Castanho,Mulher,1
Ana Sofia S. Silvestre,Mulher,Carla Cavalcante Koike,Mulher,1
Ana Sofia S. Silvestre,Mulher,Maristela Holanda,Mulher,1
Ana Sofia S. Silvestre,Mulher,Roberta B. Oliveira,Mulher,1
Ana Sofia S. Silvestre,Mulher,Tais A. Oliveira,Mulher,1
Ana Sofia S. Silvestre,Mulher,Thamires P. Silva,Mulher,1
Ana Solórzano,Mulher,Andrea Charão,Mulher,1
Ana Solórzano,Mulher,Cassiano Schneider,Homem,1
Ana kely L. Ferreira,Mulher,Francisco Victor S. de Lima,Homem,1
Ana kely L. Ferreira,Mulher,Francisco Victor da S. Pinheiro,Homem,1
Ana kely L. Ferreira,Mulher,Ronier da S. Lima,Homem,1
Ana kely L. Ferreira,Mulher,Wladimir Araújo Tavares,Homem,1
Anderson Afonso,Homem,Luciana Chueri,Mulher,1
Anderson Afonso,Homem,Mariana Pinheiro,Mulher,1
Anderson Afonso,Homem,Mateus Lambranho Ramos,Homem,1
Anderson Afonso,Homem,Rodrigo Pereira dos Santos,Homem,1
Anderson C. Lima,Homem,João Vítor M. Santos,Homem,1
Anderson C. Lima,Homem,Pedro Enrique M. Santos,Homem,1
Anderson Cardoso,Homem,Gerson Cavalheiro,Homem,1
Anderson Cardoso,Homem,João Lopes,Homem,1
Anderson Cardoso,Homem,Leonardo João,Homem,1
Anderson Cardoso,Homem,Roger Machado,Homem,1
Anderson Cardoso,Homem,Verônica Tabim,Mulher,1
Anderson Corrêa de Lima,Homem,Luciana Montera Cheung,Mulher,1
Anderson Daniel Stochero,Homem,André G. Pereira,Mulher,1
Anderson Daniel Stochero,Homem,Cristiane da Silva Stamberg,Mulher,1
Anderson Daniel Stochero,Homem,Samuel Müller Forrati,Homem,1
Anderson Felinto Barbosa,Homem,Janderson Jason Barbosa Aguiar,Homem,1
Anderson J. C. Sena,Homem,Fabricio J. B. Brito,Homem,1
Anderson J. C. Sena,Homem,Filipe C. Fernandes,Homem,1
Anderson J. C. Sena,Homem,Ramon C. F. Araújo,Homem,1
Anderson J. C. Sena,Homem,Rodrigo M. S. Oliveira,Homem,1
Anderson L. S. Moreira,Homem,Igor de A. Lima,Homem,1
Anderson L. S. Moreira,Homem,Lilian B. B. Gomes,Mulher,1
Anderson L. S. Moreira,Homem,Lucas H. F. Pavão,Homem,1
Anderson L. S. Moreira,Homem,Marco A. O. Domingues,Homem,1
Anderson L. S. Moreira,Homem,Mateus H. S. Ferraz,Homem,1
Anderson Lemos,Homem,Olga Goussevskaia,Mulher,1
Anderson Lemos,Homem,Vinicius F. Santos,Homem,1
Anderson P. N. Silva,Homem,João C. Xavier-Júnior,Homem,1
Anderson Passos de Aragão,Homem,João Victor da Costa,Homem,1
Anderson Rocha,Homem,Jacques Wainer,Homem,1
Anderson Rocha,Homem,Ramon Pires,Homem,1
Anderson S. de Oliveira,Homem,Carina Machado de Farias,Mulher,1
Anderson S. de Oliveira,Homem,Everton Dias de A. Silva,Homem,1
Anderson Viçoso de Araújo,Homem,Felício Gobbi Hoffmann Santos Pereira,Homem,1
Anderson Viçoso de Araújo,Homem,Graziela Santos de Araújo,Mulher,1
Anderson Viçoso de Araújo,Homem,Heitor Batistela Zunta,Homem,1
Anderson Viçoso de Araújo,Homem,Luciana Montera Cheung,Mulher,1
Anderson Y. Iwasaki,Homem,Elisa Yumi Nakagawa,Mulher,1
Anderson Y. Iwasaki,Homem,João Paulo K. S. Nunes,Homem,1
Anderson Y. Iwasaki,Homem,Thiago Bianchi,Homem,1
Anderson de Souza Barbosa,Homem,Franklin de L. Marquezino,Homem,1
Anderson de Souza Barbosa,Homem,Renato Portugal,Homem,1
Andre Aquino,Homem,Arthur Melo,Homem,1
Andre Aquino,Homem,Cristopher Freitas,Homem,1
Andre Aquino,Homem,Givanildo Júnior,Homem,1
Andre Aquino,Homem,Hugo Souza,Homem,1
Andre Aquino,Homem,Hyuri Maciel,Homem,1
Andre Aquino,Homem,Israel L. C. Vasconcelos,Homem,1
Andre Aquino,Homem,Maurício Silva,Homem,1
Andre Aquino,Homem,Osvaldo A. Rosso,Homem,1
Andre Aquino,Homem,Ricardo Oliveira,Homem,1
Andre Du Bois,Homem,Clause Piana,Mulher,2
Andre Du Bois,Homem,Johnny Marques,Homem,1
Andre Du Bois,Homem,Luciana Foss,Mulher,2
Andre Du Bois,Homem,Placida Oliveira,Mulher,1
Andre Du Bois,Homem,Renata Reiser,Mulher,2
Andre Du Bois,Homem,Simone Cavalheiro,Mulher,2
Andre Du Bois,Homem,Simão Martin,Homem,1
Andre L. L. Aquino,Homem,Arthur M. A. Melo,Homem,1
Andre L. L. Aquino,Homem,Charles M. P. Almeida,Homem,1
Andre L. L. Aquino,Homem,Cristopher Freitas,Homem,1
Andre L. L. Aquino,Homem,Eduardo G. Gomes,Homem,1
Andre L. L. Aquino,Homem,Eliana Almeida,Mulher,1
Andre L. L. Aquino,Homem,Heitor S. Ramos,Homem,1
Andre L. L. Aquino,Homem,Igor H. D. Fontes,Homem,1
Andre L. L. Aquino,Homem,Israel L. C. Vasconcelos,Homem,1
Andre L. L. Aquino,Homem,Marcelo O. Souza,Homem,1
Andre L. L. Aquino,Homem,Osvaldo A. Rosso,Homem,1
Andre L. L. Aquino,Homem,Pedro H. Barros,Homem,1
Andre L. L. Aquino,Homem,Raquel S. Cabral,Mulher,2
Andre Rodrigues Oliveira,Homem,Gabriel Siqueira,Homem,1
Andre Rodrigues Oliveira,Homem,Zanoni Dias,Homem,1
Andrea B. Nascimento,Mulher,Giorgia de O. Mattos,Mulher,1
Andrea B. Nascimento,Mulher,Josilene A. Moreira,Mulher,1
Andrea Britto Mattos,Mulher,Marisa Vasconcelos,Mulher,1
Andrea Britto Mattos,Mulher,Maysa M. G. Macedo,Mulher,1
Andrea Britto Mattos,Mulher,Roseli Lopes,Mulher,1
Andrea Charão,Mulher,Cassiano Schneider,Homem,2
Andrea Charão,Mulher,Fernando P. Barbosa,Homem,1
Andrea Charão,Mulher,Karina Wiechork,Mulher,1
Andrea Charão,Mulher,Leandro Schneider,Homem,1
Andrea Charão,Mulher,Lucas Silva,Homem,1
Andrea Charão,Mulher,Marlon L. S. Rodrigues,Homem,1
Andrea Charão,Mulher,Rafael G. Trindade,Homem,1
Andreia Gentil Bonfante,Mulher,Claudia Aparecida Martins,Mulher,1
Andreia Gentil Bonfante,Mulher,Henrique Camacho Farias,Homem,1
Andreia de Jesus,Mulher,Gabriel Vaz Igarashi,Homem,1
Andreia de Jesus,Mulher,Vinicius Struginski Pereira,Homem,1
Andressa da Silva Siqueira,Mulher,Beatriz Pereira,Mulher,1
Andressa da Silva Siqueira,Mulher,Laura Damaceno de Almeida,Mulher,1
Andressa da Silva Siqueira,Mulher,Poliana Nascimento Ferreira,Mulher,1
Andreu Carminati,Homem,Bruno Dourado Miranda,Homem,1
Andreu Carminati,Homem,Romulo Silva de Oliveira,Homem,1
Andreza Sartori,Mulher,Jennyfer Araújo,Mulher,1
Andreza Sartori,Mulher,Leonardo Fronza,Homem,1
Andreza Sartori,Mulher,Luciana P. de Araújo Kohler,Mulher,1
André Barreto,Homem,Arthur Passos,Homem,1
André Barreto,Homem,Brenno Nascimento,Homem,1
André Barreto,Homem,Davi Viana,Homem,1
André Barreto,Homem,Felipe Oliveira,Homem,1
André Barreto,Homem,Felipe Silva,Homem,1
André Barreto,Homem,Gabriel Costa,Homem,1
André Barreto,Homem,Jean Araújo,Homem,1
André Barreto,Homem,Luan Lins,Homem,1
André Barreto,Homem,Luis Rivero,Homem,1
André C. P. L. F. de Carvalho,Homem,Paulo Henrique Pisani,Homem,1
André Chateaubriand,Homem,Obede Carvalho,Homem,1
André Chateaubriand,Homem,Ricardo Terra,Homem,1
André Constantino da Silva,Homem,Carlos Roberto dos Santos Junior,Homem,1
André Constantino da Silva,Homem,Daniela Marques,Mulher,1
André Constantino da Silva,Homem,Gustavo Bartz Guedes,Homem,1
André F. R. Cordeiro,Homem,Edson OliveiraJr,Homem,1
André F. R. Cordeiro,Homem,João Choma Neto,Homem,1
André F. R. Cordeiro,Homem,Simone R. S. Souza,Mulher,1
André F. R. Cordeiro,Homem,Thelma E. Colanzi,Mulher,1
André Ferraz,Homem,Carlos Ferraz,Homem,1
André G. Pereira,Mulher,Augusto B. Corrêa,Homem,1
André G. Pereira,Mulher,Cristiane da Silva Stamberg,Mulher,1
André G. Pereira,Mulher,Eduardo Souto,Homem,1
André G. Pereira,Mulher,Frederico Messa,Homem,1
André G. Pereira,Mulher,Leandro Carvalho,Homem,1
André G. Pereira,Mulher,Marcus Ritt,Homem,1
André G. Pereira,Mulher,Samuel Müller Forrati,Homem,1
André L. P. Guedes,Homem,Leandro M. Zatesko,Homem,1
André L. P. Guedes,Homem,Renato Carmo,Homem,1
André L. Vignatti,Homem,Murilo V. G. da Silva,Homem,2
André L. Vignatti,Homem,Nicollas M. Sdroievski,Homem,1
André Lemos,Homem,Haroldo Amaral,Homem,1
André Lemos,Homem,Lilian Pereira Teixeira,Mulher,1
André Lemos,Homem,Marcia Kniphoff da Cruz,Mulher,1
André Lemos,Homem,Rozelma França,Mulher,1
André Lemos,Homem,Wilk Oliveira,Homem,1
André Luis Albuquerque Pinheiro,Homem,Francisco Cleber da Conceição Feitosa,Homem,1
André Luis Albuquerque Pinheiro,Homem,Francisco Gauberto Barros dos Santos,Homem,1
André Luis Albuquerque Pinheiro,Homem,Francisco Rondynelle Rodrigues Sousa,Homem,1
André Luis Albuquerque Pinheiro,Homem,Guilherme Álvaro Rodrigues Maia Esmeraldo,Homem,1
André Luis Albuquerque Pinheiro,Homem,Robson Gonçalves Fechine Feitosa,Homem,1
André Luiz Alves,Homem,Danielly Rayanne M. Lima,Mulher,1
André Luiz Alves,Homem,Raissa Ohana F. O e Silva,Mulher,1
André Luiz Alves,Homem,Álvaro Getúlio Medeiros,Homem,1
André Luiz de O. Cezário,Homem,Dayvson Sales,Homem,1
André Luiz de O. Cezário,Homem,Fábio J. Coutinho,Homem,1
André Luiz de O. Cezário,Homem,John Davi D. C. Pires,Homem,1
André Luiz de O. Cezário,Homem,Rebeca de Jesus Brandão,Mulher,1
André Luiz de O. Cezário,Homem,Samuel Lucas V. L. Barbosa,Homem,1
André Luiz de O. Cezário,Homem,Victor Accete,Homem,1
André Luiz de O. Cezário,Homem,Wagner Fontes,Homem,1
André Luís Alice Raabe,Homem,Eduardo A. da Silva,Homem,1
André Luís Alice Raabe,Homem,Elieser Ademir de Jesus,Homem,1
André Luís Alice Raabe,Homem,Natália Ellery Ribeiro Couto,Mulher,1
André Manzano,Homem,Lohana Santos,Mulher,1
André Manzano,Homem,Roger Resmini,Homem,1
André Manzano,Homem,Soraia Prietch,Mulher,1
André Manzano,Homem,Tamyres Souza,Mulher,1
André Manzano,Homem,Waine Júnior,Homem,1
André Manzano,Homem,Ângela Farias,Mulher,1
André Nascimento,Homem,Daniel de Oliveira,Homem,1
André Nascimento,Homem,Victor Olimpio,Homem,1
André Oliveira,Homem,Fernanda Campos,Mulher,1
André Oliveira,Homem,Lucas Bressan,Homem,1
André Oliveira,Homem,Regina Braga,Mulher,1
André Peres,Homem,Fernanda Nunes Deitos,Mulher,1
André Peres,Homem,Fábio Yoshimitsu Okuyama,Homem,1
André Peres,Homem,Lilian Stavizki,Mulher,1
André Peres,Homem,Marcelo Augusto Rauh Schimitt,Homem,1
André Peres,Homem,Marlon Carvalho Mariano,Homem,1
André Peres,Homem,Márcia Häfele Islabão Franco,Mulher,1
André Peres,Homem,Silvia de Castro Bertagnolli,Mulher,1
André Pinheiro,Homem,Caio Rabello,Homem,1
André Pinheiro,Homem,Cleidson Souza,Homem,2
André Pinheiro,Homem,Fernando Figueira Filho,Homem,1
André Pinheiro,Homem,Gustavo Pinto,Homem,1
André Pinheiro,Homem,Leandro de Almeida Melo,Homem,1
André Pinheiro,Homem,Leonardo Furtado,Homem,1
André Pinheiro,Homem,Nelson Tenório Jr.,Homem,1
André Pinto Moreira,Homem,Ayslan Trevizan Possebom,Homem,1
André Pinto Moreira,Homem,Carla Santos de Oliveira,Mulher,1
André Pinto Moreira,Homem,Carlos R. Beleti Junior,Homem,1
André Pinto Moreira,Homem,Daniela Eloise Flôr,Mulher,1
André Pinto Moreira,Homem,Eduardo Henrique Molina da Cruz,Homem,1
André R. Ortoncelli,Homem,Jeferson V. L. Albino,Homem,1
André R. Ortoncelli,Homem,Newton C. Will,Homem,1
André R. Ortoncelli,Homem,Rafael A. P. de Oliveira,Homem,1
André Raabe,Homem,Luiz Noschang,Homem,1
André Ribeiro,Homem,Caroline Patrão,Mulher,1
André Ribeiro,Homem,Celina Figueiredo,Mulher,1
André Ribeiro,Homem,Diane Castonguay,Mulher,1
André Ribeiro,Homem,Luis Kowada,Homem,1
André Riker,Homem,Denis Rosário,Homem,1
André Riker,Homem,Renato Mota,Homem,1
André S. Gonzaga,Homem,Robson L. F. Cordeiro,Homem,1
André Silva,Homem,José Silva,Homem,1
André Silva,Homem,Letícia Oliveira,Mulher,1
André Soares,Homem,Brena Santos,Mulher,1
André Soares,Homem,Francisco Airton Silva,Homem,1
André Solino,Homem,Everton Cavalcante,Homem,1
André Solino,Homem,Jorge Pereira,Homem,1
André Solino,Homem,João Victor Lopes,Homem,1
André Solino,Homem,Thais Batista,Mulher,1
Andréa Brito,Mulher,Gabriel Moreira,Homem,1
Andréa Brito,Mulher,Giorgia Mattos,Mulher,1
Andréa Brito,Mulher,Josilene Aires,Mulher,1
Andréa Brito,Mulher,Sanny Alves,Mulher,1
Andréa Brito,Mulher,Thiago Coelho,Homem,1
Andréa Pereira Mendonça,Mulher,Silmar Antonio Buchner de Oliveira,Homem,1
Andréa S. Bordin,Mulher,Letícia Gindri,Mulher,1
Andréa Sabedra Bordin,Mulher,Isadora Garcia Ferrão,Mulher,1
Andréa Sabedra Bordin,Mulher,Kalinka R. L. J. C. Branco,Mulher,1
Andréa Sabedra Bordin,Mulher,Luciana Bolan Frigo,Mulher,1
Andréa Sabedra Bordin,Mulher,Luiza Castilho Ereno,Mulher,1
Andréa Sabedra Bordin,Mulher,Suelen Laurindo,Mulher,1
Andréia Antloga,Mulher,Denis Rosário,Homem,2
Andréia Antloga,Mulher,Eduardo Cerqueira,Homem,2
Andréia Antloga,Mulher,Elen Lobato,Mulher,1
Andréia Antloga,Mulher,Felipe Araújo,Homem,1
Andréia Antloga,Mulher,Iago Medeiros,Homem,1
Andréia Antloga,Mulher,Jean Moraes,Homem,1
Andréia Antloga,Mulher,Maria Tostes,Mulher,2
Andréia Antloga,Mulher,Stefany Pinheiro,Mulher,1
Andréia Antloga,Mulher,Ubiratan Bezerra,Homem,2
Anelise Lemke Kologeski,Mulher,Natália Bernardo Nunes,Mulher,1
Anelise Souza Rocha,Mulher,Douglas Farias Cordeiro,Homem,1
Anelise Souza Rocha,Mulher,Kátia Kelvis Cassiano,Mulher,1
Anelise Souza Rocha,Mulher,Nubia Rosa da Silva,Mulher,1
Angélica F. S. Dias,Mulher,Beatriz Saburido,Mulher,1
Angélica F. S. Dias,Mulher,Juliana B. S. França,Mulher,1
Anisio Lacerda,Homem,Gabriel P. Oliveira,Homem,1
Anisio Lacerda,Homem,Mirella M. Moro,Mulher,1
Anita Fernandes,Mulher,Jonathan Nau,Homem,1
Anita Fernandes,Mulher,Rudimar Luís Scaranto Dazzi,Homem,1
Anna Beatriz Marques,Mulher,Ariany Almeida Maia,Mulher,2
Anna Beatriz Marques,Mulher,Francisco Luciano Quirino da Silva,Homem,1
Anna Beatriz Marques,Mulher,Gabriel Aires,Homem,1
Anna Beatriz Marques,Mulher,Jacilane de H. Rabelo,Mulher,2
Anna Beatriz Marques,Mulher,Kalinka Castelo Branco,Mulher,2
Anna Beatriz Marques,Mulher,Lauana M. C. de Oliveira,Mulher,4
Anna Beatriz Marques,Mulher,Maria Elanne M. Rodrigues,Mulher,2
Anna Beatriz Marques,Mulher,Maria Victoria S. Fiori,Mulher,3
Anna Beatriz Marques,Mulher,Marina da S. Rocha,Mulher,3
Anna Beatriz Marques,Mulher,Tatiane F. Figueiredo,Mulher,1
Anna Beatriz Marques,Mulher,Valéria Maria Pinheiro,Mulher,1
Anna Beatriz Marques,Mulher,Victoria Gabriella R. Pereira,Mulher,1
Anna Beatriz Rosangela Marques,Mulher,Kalinka Castelo Branco,Mulher,1
Anna Beatriz Rosangela Marques,Mulher,Maria Victoria S. Fiori,Mulher,1
Anna Beatriz Rosangela Marques,Mulher,Marina da S. Rocha,Mulher,1
Anna Helena Reali Costa,Mulher,Felipe Leno da Silva,Homem,1
Anna Marques,Mulher,Kalinka Branco,Mulher,1
Anna Marques,Mulher,Maria Fiori,Mulher,1
Anna Marques,Mulher,Maria Mendes,Mulher,1
Anna Marques,Mulher,Marina Rocha,Mulher,1
Anna Marques,Mulher,Valéria Pinheiro,Mulher,2
Anna Raquel S. Marinho,Mulher,Ecivaldo Matos,Homem,1
Anna Raquel S. Marinho,Mulher,Givanaldo R. de Souza,Homem,1
Anna Raquel S. Marinho,Mulher,Jean C. S. Rosa,Homem,1
Annabelle McIver,Mulher,Gabriel H. Nunes,Homem,1
Annabelle McIver,Mulher,Mário S. Alvim,Homem,1
Anne Carolina Silva,Mulher,Helen França Medeiros,Mulher,1
Anne Carolina Silva,Mulher,Jennifer Gonçalves do Amaral,Mulher,1
Anne Carolina Silva,Mulher,Márcia Gonçalves Oliveira,Mulher,1
Anne Carolina Silva,Mulher,Mônica F. da Silva Lopes,Mulher,1
Anselmo L. Gomes,Homem,José Andersson S. da Silva,Homem,1
Anselmo L. Gomes,Homem,Sônia R. Fortes da Silva,Mulher,1
Anselmo Paiva,Homem,Daniel Pinto,Homem,1
Anselmo Paiva,Homem,Eduarda Chagas,Mulher,1
Anselmo Paiva,Homem,Gabriel Costa,Homem,1
Anselmo Paiva,Homem,Kennedy Nunes,Homem,1
Anselmo Paiva,Homem,Luis Rivero,Homem,1
Anselmo Paiva,Homem,Ricardo Anchieta,Homem,1
Anselmo Paiva,Homem,Simara Rocha,Mulher,1
Antonia Raiane Santos Araujo Cruz,Mulher,Antônio Deivid Santos Costa,Homem,1
Antonilson Alcantara,Homem,Cleidson Souza,Homem,1
Antonilson Alcantara,Homem,Emanuel Rodrigues,Homem,1
Antonilson Alcantara,Homem,Filipe Coelho,Homem,1
Antonio A. F. Loureiro,Homem,Fabrício A. Silva,Homem,2
Antonio A. F. Loureiro,Homem,Germano B. dos Santos,Homem,1
Antonio A. F. Loureiro,Homem,Leonardo J. A. S. Figueiredo,Homem,1
Antonio A. F. Loureiro,Homem,Luiz H. A. Correia,Homem,1
Antonio A. F. Loureiro,Homem,Luiz Vieira,Homem,1
Antonio A. F. Loureiro,Homem,Raissa P. P. M. Souza,Mulher,1
Antonio A. F. Loureiro,Homem,Rodolfo W. L. Coutinho,Homem,1
Antonio A. F. Loureiro,Homem,Thais R. M. B. Silva,Mulher,2
Antonio A. de A. Rocha,Homem,Camila D. da Silva,Mulher,1
Antonio Brasil,Homem,Jefferson Andrade,Homem,1
Antonio Brasil,Homem,Karin Komati,Mulher,1
Antonio Brasil,Homem,Luiz Pinto,Homem,1
Antonio C. Oliveira Jr,Homem,Daniel S. Souza,Homem,1
Antonio C. Oliveira Jr,Homem,Diego L. Cardoso,Homem,1
Antonio C. Oliveira Jr,Homem,Igor W. A. Falcão,Homem,1
Antonio C. Oliveira Jr,Homem,Marcos C. R. Seruffo,Homem,1
Antonio C. Oliveira Jr,Homem,Paulo H. A. Pereira,Homem,1
Antonio C. Oliveira Jr,Homem,Rafael F. Vieira,Homem,1
Antonio Carlos Raposo,Homem,Carlos de Salles Soares Neto,Homem,1
Antonio Carlos Raposo,Homem,Dilson José Lins Rabêlo Júnior,Homem,1
Antonio Carlos Raposo,Homem,Luis Alves dos Santos Neto,Homem,1
Antonio Carlos Schneider Beck,Homem,Luigi Carro,Homem,1
Antonio Carlos Schneider Beck,Homem,Marcelo Brandalero,Homem,1
Antonio Carlos de Francisco,Homem,João Henrique Berssanette,Homem,2
Antonio J. R. Castro,Homem,Camila D. Guerra,Mulher,1
Antonio J. R. Castro,Homem,Jonas B. C. Máximo,Homem,1
Antonio J. R. Castro,Homem,Marcelo M. Silva,Homem,1
Antonio J. R. Castro,Homem,Maria Simone Nunes,Mulher,1
Antonio J. R. Castro,Homem,Marianna Severo,Mulher,1
Antonio J. R. Castro,Homem,Paulo A. C. Aguilar,Homem,1
Antonio J. R. Castro,Homem,Valdemir de Queiroz Neto,Homem,1
Antonio L. Amadeu,Homem,Eduardo M. Pereira,Homem,1
Antonio L. Amadeu,Homem,Fernando Vinturin,Homem,1
Antonio L. Amadeu,Homem,Guilherme A. Zimeo Morais,Homem,1
Antonio L. Amadeu,Homem,Maickel Hubner,Homem,1
Antonio L. Amadeu,Homem,Marcelo Santos,Homem,1
Antônio Abelém,Homem,Denis Rosário,Homem,1
Antônio Abelém,Homem,Lucas B. Oliveira,Homem,1
Antônio Alberti,Homem,Cristiano A. da Costa,Homem,1
Antônio Alberti,Homem,Emiliano S. Monteiro,Homem,1
Antônio Alberti,Homem,Karine Costa,Mulher,1
Antônio Alberti,Homem,Maria Eloisa Mignoni,Mulher,1
Antônio Alberti,Homem,Rafael Kunst,Homem,1
Antônio Alberti,Homem,Rodrigo R. Righi,Homem,1
Antônio Alberti,Homem,Tibério Rezende,Homem,1
Antônio Alberti,Homem,Victor D'Ávila,Homem,1
Antônio Cezar de Castro Lima,Homem,João Vitor Ferraz,Homem,1
Antônio Cezar de Castro Lima,Homem,Matheus Lima Viana,Homem,1
Antônio Cezar de Castro Lima,Homem,Maísa Soares dos Santos Lopes,Mulher,1
Antônio Cezar de Castro Lima,Homem,Rodrigo Silva Lima,Homem,1
Antônio Cezar de Castro Lima,Homem,Roque Mendes Prado Trindade,Homem,1
Antônio K. B. Fernandes,Homem,Guilherme Mota,Homem,1
Antônio K. B. Fernandes,Homem,Hugo M. Vicente,Homem,1
Antônio K. B. Fernandes,Homem,Maurício Collares,Homem,1
Antônio Mauro B. Oliveira,Homem,Francisco S. Júnior,Homem,1
Antônio Mauro B. Oliveira,Homem,Henrique V. Oliveira,Homem,1
Antônio Mauro B. Oliveira,Homem,Matheus D. de Oliveira,Homem,1
Antônio Mauro B. Oliveira,Homem,Renato A. C. Freitas,Homem,1
Antônio Mauro B. Oliveira,Homem,Silvio R. Evangelista,Homem,1
Antônio Pereira,Homem,Felipe Viegas,Homem,2
Antônio Pereira,Homem,Leonardo Rocha,Homem,2
Antônio Pereira,Homem,Luiz C. Ferreira,Homem,1
Antônio Pereira,Homem,Marcelino S. da Silva,Homem,1
Antônio Pereira,Homem,Pablo Cecilio,Homem,1
Antônio Pereira,Homem,Rodrigo Dutra,Homem,1
Antônio Pereira,Homem,Vitor Hugo M. Gomes,Homem,1
Antônio Pereira,Homem,Weverson Nascimento,Homem,1
Antônio Pinto,Homem,Ednara Pereira,Mulher,1
Antônio Pinto,Homem,Fernando Leite,Homem,1
Antônio Pinto,Homem,Gabriel Cardoso,Homem,1
Antônio Pinto,Homem,Geraldo Braz Junior,Homem,1
Antônio Pinto,Homem,Igor Estrela,Homem,1
Antônio Pinto,Homem,Luis Rivero,Homem,1
Antônio Rodrigues,Homem,Artur Veloso,Homem,1
Antônio Rodrigues,Homem,Halysson Júnior,Homem,1
Antônio Rodrigues,Homem,Joel Rodrigues,Homem,1
Antônio Rodrigues,Homem,José Sobral,Homem,1
Antônio Rodrigues,Homem,Ricardo Rabêlo,Homem,1
Ariadna Carreiro de Miranda,Mulher,Claudia Sousa Barbosa,Mulher,1
Ariadna Carreiro de Miranda,Mulher,Lucas Lima Sousa Torres,Homem,1
Ariadna Carreiro de Miranda,Mulher,Maria Rodrigues Gomes,Mulher,1
Ariadna Carreiro de Miranda,Mulher,Simone de Oliveira Santos,Mulher,1
Ariadne Costa,Mulher,Luciana Trento Raineri,Mulher,1
Ariadne Costa,Mulher,Rafael Silva Del Lama,Homem,1
Ariadne Costa,Mulher,Raquel Mariana Candido,Mulher,1
Ariadne Costa,Mulher,Renato Tinos,Homem,1
Ariadne Nicoly Mori de Paula,Mulher,Bianca Fernandes Ribas,Mulher,1
Ariadne Nicoly Mori de Paula,Mulher,Clara Scatena da Silva,Mulher,1
Ariadne Nicoly Mori de Paula,Mulher,Claudia Santos Fernandes,Mulher,1
Ariadne Nicoly Mori de Paula,Mulher,Diane Rosa da Silva,Mulher,1
Ariadne Nicoly Mori de Paula,Mulher,Giovanna Mara Paes Franco,Mulher,1
Ariadne Nicoly Mori de Paula,Mulher,Luana Arfux de Castro Nogueira,Mulher,1
Ariadne Nicoly Mori de Paula,Mulher,Marcia Ferreira Cristaldo,Mulher,1
Ariadne Nicoly Mori de Paula,Mulher,Maria Eduarda Alves Barbosa,Mulher,1
Ariadne Nicoly Mori de Paula,Mulher,Marta Luzzi,Mulher,1
Ariadne Nicoly Mori de Paula,Mulher,Nayara Arruda Cunha,Mulher,1
Ariana R. Cursino,Mulher,Juliana F. P. Martinez,Mulher,1
Arianne Sarmento Torcate,Mulher,Cleiton Soares Martins,Homem,1
Arianne Sarmento Torcate,Mulher,Marcos Uryel F. de Farias,Homem,1
Arianne Sarmento Torcate,Mulher,Sônia R. Fortes da Silva,Mulher,1
Ariany Almeida Maia,Mulher,Jacilane de H. Rabelo,Mulher,1
Ariany Almeida Maia,Mulher,Lauana M. C. de Oliveira,Mulher,2
Ariany Almeida Maia,Mulher,Maria Elanne M. Rodrigues,Mulher,2
Ariany Almeida Maia,Mulher,Maria Victoria S. Fiori,Mulher,1
Ariany Almeida Maia,Mulher,Marina da S. Rocha,Mulher,2
Ariany Almeida Maia,Mulher,Victoria Gabriella R. Pereira,Mulher,1
Ariel Bentes,Homem,Ingrid Santos,Mulher,1
Ariel Bentes,Homem,Isabelly Oliveira,Mulher,1
Ariel Bentes,Homem,Karla Susiane Pereira,Mulher,1
Ariel Bentes,Homem,Larissa Pessoa,Mulher,1
Ariel Bentes,Homem,Rosiane Freitas,Mulher,1
Ariel Bentes,Homem,Tanara Lauschner,Mulher,1
Ariel Teles,Homem,Arlindo da Conceição,Homem,1
Ariel Teles,Homem,Davi Viana,Homem,1
Ariel Teles,Homem,Francisco A. Silva,Homem,1
Ariel Teles,Homem,Inaldo Costa,Homem,1
Ariel Teles,Homem,Luis Rivero,Homem,1
Ariel Teles,Homem,Tercio Sousa,Homem,1
Arilo C. Dias-Neto,Homem,Daniel Fernandes,Homem,1
Arilo C. Dias-Neto,Homem,Kaio Wagner,Homem,1
Arison Heltami Rodrigues Uchoa,Homem,Emanuel Coutinho,Homem,1
Ariádna Miranda,Mulher,Emanuel Coutinho,Homem,1
Ariádna Miranda,Mulher,Jerffeson Souza,Homem,1
Arlindo da Conceição,Homem,Davi Viana,Homem,1
Arlindo da Conceição,Homem,Francisco A. Silva,Homem,1
Arlindo da Conceição,Homem,Inaldo Costa,Homem,1
Arlindo da Conceição,Homem,Luis Rivero,Homem,1
Arlindo da Conceição,Homem,Tercio Sousa,Homem,1
Arnaldo V. Barros da Silva,Homem,Luis F. Alves Pereira,Homem,1
Arnaud Legrand,Homem,Lucas Mello Schnorr,Homem,1
Arnaud Legrand,Homem,Luka Stanisic,Homem,1
Arnaud Legrand,Homem,Samuel Thibault,Homem,1
Arnaud Legrand,Homem,Vincent Danjean,Homem,1
Arnaud Legrand,Homem,Vinicius Garcia Pinto,Homem,1
Aron Miranda Henrique-Alves,Homem,Helton Maia,Homem,1
Aron Miranda Henrique-Alves,Homem,John Victor Alves Luiz,Homem,1
Aron Miranda Henrique-Alves,Homem,Richardson Santiago Teles de Menezes,Homem,1
Aron Miranda Henrique-Alves,Homem,Rossana Moreno Santa Cruz,Mulher,1
Arthur Artoni,Homem,Bruno Oliveira,Homem,1
Arthur F. Ramos,Homem,Ruy J. G. B. de Queiroz,Homem,1
Arthur Felipe Herdt Schuelter,Homem,Ediana da Silva de Souza,Mulher,1
Arthur Felipe Herdt Schuelter,Homem,Isabela Gasparini,Mulher,1
Arthur Felipe Herdt Schuelter,Homem,Milene Selbach Silveira,Mulher,1
Arthur Felipe Herdt Schuelter,Homem,Rebeca Schroeder,Mulher,1
Arthur Felipe Herdt Schuelter,Homem,Simone Diniz Junqueira Barbosa,Mulher,1
Arthur Felipe Herdt Schuelter,Homem,Êrica Peters do Carmo,Mulher,1
Arthur M. A. Melo,Homem,Igor H. D. Fontes,Homem,1
Arthur Melo,Homem,Hugo Souza,Homem,1
Arthur Passos,Homem,Brenno Nascimento,Homem,1
Arthur Passos,Homem,Davi Viana,Homem,1
Arthur Passos,Homem,Felipe Silva,Homem,1
Arthur Passos,Homem,Gabriel Costa,Homem,1
Arthur Passos,Homem,Luis Rivero,Homem,1
Arthur Pratti Dadalto,Homem,Fábio Luiz Usberti,Homem,1
Arthur Pratti Dadalto,Homem,Mário César San Felice,Homem,1
Arthur Souza,Homem,Dannylo Johnathan,Homem,1
Arthur Souza,Homem,Mário Melo,Homem,1
Arthur Souza,Homem,Rafael Queiroz,Homem,1
Arthur de C. Callado,Homem,Michel S. Bonfim,Homem,1
Arthur de C. Callado,Homem,Paulo A. L. Rego,Homem,1
Arthur de C. Callado,Homem,Roseli da R. Barbosa,Mulher,1
Artur Jordão Lima Correia,Homem,William Robson Schwartz,Homem,1
Artur Veloso,Homem,Halysson Júnior,Homem,1
Artur Veloso,Homem,Joel Rodrigues,Homem,1
Artur Veloso,Homem,José Sobral,Homem,1
Artur Veloso,Homem,Ricardo Rabêlo,Homem,1
Artur Ziviani,Homem,Breno Machado,Homem,1
Artur Ziviani,Homem,Felipe Abrahão,Homem,3
Artur Ziviani,Homem,Gustavo S. Carnivali,Homem,1
Artur Ziviani,Homem,Italo Cunha,Homem,1
Artur Ziviani,Homem,Klaus Wehmuth,Homem,4
Artur Ziviani,Homem,Paulo A. A. Esquef,Homem,1
Atílio G. Luiz,Homem,Luisa Frickes,Mulher,1
Atílio G. Luiz,Homem,Simone Dantas,Mulher,1
Atílio Gomes Luiz,Homem,Davi Gomes Florencio,Homem,1
Audir da Costa Oliveira Filho,Homem,Christiane Borges Santos,Mulher,1
Augusto B. Corrêa,Homem,Marcus Ritt,Homem,1
Augusto Neto,Homem,Denis Rosário,Homem,1
Augusto Neto,Homem,Eduardo Cerqueira,Homem,1
Augusto Neto,Homem,Eduardo Grampín,Homem,1
Augusto Neto,Homem,Eduardo Nogueira,Homem,1
Augusto Neto,Homem,Erika Rosas,Mulher,1
Augusto Neto,Homem,Helder Oliveira,Homem,1
Augusto Neto,Homem,Hugo Santos,Homem,1
Augusto Neto,Homem,Javier Baliosian,Homem,1
Augusto Neto,Homem,Leonardo Marques,Homem,1
Augusto Neto,Homem,Martín Gutiérrez,Homem,1
Augusto Neto,Homem,Nicolás Hidalgo,Homem,1
Augusto Neto,Homem,Paulo Eugênio,Homem,1
Augusto Neto,Homem,Paulo R. Coelho,Homem,1
Augusto Neto,Homem,Rafael Pasquini,Homem,1
Augusto Neto,Homem,Rodrigo S. Miani,Homem,1
Augusto Vellozo,Homem,Edson Borin,Homem,1
Augusto Vellozo,Homem,Juliana F. Borin,Mulher,1
Augusto Vellozo,Homem,Láıs V. Minchillo,Mulher,1
Augusto Venâncio Neto,Homem,Denis Rosário,Homem,1
Augusto Venâncio Neto,Homem,Eduardo Cerqueira,Homem,1
Augusto Venâncio Neto,Homem,Wanderson Modesto,Homem,1
Aurelio Ribeiro Leite Oliveira,Homem,Esther S. Mamián Lopez,Mulher,1
Aurora Wang,Mulher,Carla Denise Castanho,Mulher,1
Aurora Wang,Mulher,Ingrid Santana,Mulher,1
Ayala L. Ribeiro,Mulher,Bianca L. Santana,Mulher,1
Ayala L. Ribeiro,Mulher,Roberto A. Bittencourt,Homem,1
Ayla Dantas,Mulher,Ivonildo Neto,Homem,1
Ayla Dantas,Mulher,Matheus Oliveira,Homem,1
Ayla Rebouças,Mulher,Géssica Alves,Mulher,1
Ayla Rebouças,Mulher,Joana Silva,Mulher,1
Ayla Rebouças,Mulher,Joyce Santos,Mulher,1
Ayslan Trevizan Possebom,Homem,Carla Santos de Oliveira,Mulher,1
Ayslan Trevizan Possebom,Homem,Carlos R. Beleti Junior,Homem,2
Ayslan Trevizan Possebom,Homem,César Alberto da Silva,Homem,1
Ayslan Trevizan Possebom,Homem,Daniela Eloise Flôr,Mulher,2
Ayslan Trevizan Possebom,Homem,Eduardo Henrique Molina da Cruz,Homem,2
Ayslan Trevizan Possebom,Homem,Paulo César Gonçalves,Homem,1
Ayslan Trevizan Possebom,Homem,Rodrigo Hübner,Homem,1
Aíla Maciel,Mulher,Gabriela Felipa Souza,Mulher,1
Aíla Maciel,Mulher,Ketrin Diovana Alves Rodrigues Vargas,Mulher,1
Aíla Maciel,Mulher,Letícia Gindri,Mulher,1
Aíla Maciel,Mulher,Marina Braun Otokovieski,Mulher,1
Aíla Maciel,Mulher,Patrícia Araújo de Oliveira,Mulher,2
Aíla Maciel,Mulher,Raniely dos Anjos,Mulher,1
Barbara Duarte,Mulher,Mirella M. Moro,Mulher,1
Barbara Freitas,Mulher,Luciana Cosme,Mulher,1
Barbara Freitas,Mulher,Mayara Nascimento,Mulher,1
Barbara Ramos,Mulher,Leonardo Gargano,Homem,1
Barbara Ramos,Mulher,Marcelo Fornazin,Homem,1
Beatriz A. de Miranda,Mulher,Ivyna R. S. Alves,Mulher,1
Beatriz A. de Miranda,Mulher,Lívia M. R. S. Campos,Mulher,1
Beatriz A. de Miranda,Mulher,Marcella M. S. C. de Almeida,Mulher,1
Beatriz Becker,Mulher,Camila Laricchia,Mulher,1
Beatriz Becker,Mulher,Denise Siloto,Mulher,1
Beatriz Becker,Mulher,Elisa Rocha,Mulher,1
Beatriz Becker,Mulher,Flávia Villela,Mulher,1
Beatriz Becker,Mulher,Francisco Campos,Homem,1
Beatriz Becker,Mulher,Gabriel SantClair,Homem,1
Beatriz Becker,Mulher,Janaina Gomide,Mulher,1
Beatriz Becker,Mulher,Julia Godinho,Mulher,1
Beatriz Becker,Mulher,Júlia Marotti,Mulher,1
Beatriz Becker,Mulher,Laura Emmanuella de Oliveira,Mulher,1
Beatriz Becker,Mulher,Milena Estanislau,Mulher,1
Beatriz Becker,Mulher,Tabatta Martins,Mulher,1
Beatriz Becker,Mulher,Valeria Nunes Belmonte,Mulher,1
Beatriz Chicaroni,Mulher,Camila Sass,Mulher,1
Beatriz Chicaroni,Mulher,Carla Rodriguez,Mulher,1
Beatriz Chicaroni,Mulher,Denise Goya,Mulher,1
Beatriz Chicaroni,Mulher,Lara Tenore,Mulher,1
Beatriz Chicaroni,Mulher,Lidia Ferreira,Mulher,1
Beatriz Chicaroni,Mulher,Maria Eduarda Brandão,Mulher,1
Beatriz Chicaroni,Mulher,Melissa Lins,Mulher,1
Beatriz Chicaroni,Mulher,Poliana Ferreira,Mulher,1
Beatriz Chicaroni,Mulher,Rafaela V. Rocha,Mulher,1
Beatriz Chicaroni,Mulher,Rosimeire Santana,Mulher,1
Beatriz M. A. Matsui,Mulher,Denise Goya,Mulher,1
Beatriz M. A. Matsui,Mulher,Sara B. O. G. Carturan,Mulher,1
Beatriz Martins,Mulher,Renata Figueiredo,Mulher,1
Beatriz Martins,Mulher,Sheyla Medeiros,Mulher,1
Beatriz Martins,Mulher,Thaíse Costa,Mulher,1
Beatriz Martins,Mulher,Vanessa Dantas,Mulher,1
Beatriz Pereira,Mulher,Laura Damaceno de Almeida,Mulher,1
Beatriz Pereira,Mulher,Poliana Nascimento Ferreira,Mulher,1
Beatriz Saburido,Mulher,Juliana B. S. França,Mulher,1
Benediel Gonçalves,Homem,Carlos Portela,Homem,1
Benediel Gonçalves,Homem,Elison Nascimento,Homem,1
Benediel Gonçalves,Homem,Enio Monteiro,Homem,1
Benediel Gonçalves,Homem,Sandra Oliveira,Homem,1
Benhur Tessele,Homem,Cristian Koliver,Homem,1
Benhur Tessele,Homem,Romulo Silva de Oliveira,Homem,1
Benilda Silva,Mulher,Carlos Portela,Homem,1
Benilda Silva,Mulher,Fabricio Farias,Homem,1
Benilda Silva,Mulher,Leonardo Gonçalves,Homem,1
Benilda Silva,Mulher,Rafael Santos,Homem,1
Bernardo Amorim,Homem,Vinicius F. Santos,Homem,1
Bernardo Augusto Godinho de Oliveira,Homem,Carlos Augusto Martins,Homem,1
Bernardo Augusto Godinho de Oliveira,Homem,Flávia M. F. Ferreira,Mulher,1
Bianca Fernandes Ribas,Mulher,Clara Scatena da Silva,Mulher,1
Bianca Fernandes Ribas,Mulher,Claudia Santos Fernandes,Mulher,1
Bianca Fernandes Ribas,Mulher,Diane Rosa da Silva,Mulher,1
Bianca Fernandes Ribas,Mulher,Giovanna Mara Paes Franco,Mulher,1
Bianca Fernandes Ribas,Mulher,Luana Arfux de Castro Nogueira,Mulher,1
Bianca Fernandes Ribas,Mulher,Marcia Ferreira Cristaldo,Mulher,1
Bianca Fernandes Ribas,Mulher,Maria Eduarda Alves Barbosa,Mulher,1
Bianca Fernandes Ribas,Mulher,Marta Luzzi,Mulher,1
Bianca Fernandes Ribas,Mulher,Nayara Arruda Cunha,Mulher,1
Bianca L. Santana,Mulher,Camille Jesus,Mulher,1
Bianca L. Santana,Mulher,Luis Araújo,Homem,1
Bianca L. Santana,Mulher,Roberto A. Bittencourt,Homem,3
Bianca M. Lopes,Mulher,Júlio C. S. Mendes,Homem,1
Bianca M. Lopes,Mulher,Karina M. Johansson,Mulher,1
Bianca M. Lopes,Mulher,Livy Real,Mulher,1
Bianca M. Lopes,Mulher,Márcio T. I. Oshiro,Homem,1
Bianca P. Castro,Mulher,Carla Castanho,Mulher,1
Bianca P. Castro,Mulher,Carla Cavalcante Koike,Mulher,1
Bianca P. Castro,Mulher,Lucas G. Lattari,Homem,1
Bianca P. Castro,Mulher,Marcela Z. de Moura,Mulher,1
Bianca P. Castro,Mulher,Maristela Holanda,Mulher,1
Bianca P. Castro,Mulher,Roberta B. Oliveira,Mulher,1
Bianca P. Castro,Mulher,Sérgio M. B. Lima,Homem,1
Bianca P. Castro,Mulher,Tais A. Oliveira,Mulher,1
Bianca P. Castro,Mulher,Thamires P. Silva,Mulher,1
Bosco Borges A. F.,Homem,Maria de Fátima P. Ferreira,Mulher,1
Bosco Borges A. F.,Homem,Rossana M. C. Andrade,Mulher,1
Bosco Borges A. F.,Homem,Rubens Anderson de S. Silva,Homem,1
Braulio Adriano de Mello,Homem,Ricardo Parizotto,Homem,1
Braulio Mello,Homem,Edimar Roque Martello Junior,Homem,1
Braulio Mello,Homem,Ricardo Parizotto,Homem,2
Braz Araujo da Silva Junior,Homem,Júlia Veiga da Silva,Mulher,1
Braz Araujo da Silva Junior,Homem,Luciana Foss,Mulher,2
Braz Araujo da Silva Junior,Homem,Simone André da Costa Cavalheiro,Mulher,2
Brena Santos,Mulher,Daniel Carvalho,Homem,1
Brena Santos,Mulher,Francisco Airton Silva,Homem,4
Brena Santos,Mulher,Iure Fé,Homem,1
Brena Santos,Mulher,Lucas Santos,Homem,1
Brena Santos,Mulher,Patricia Takako Endo,Mulher,1
Brendo Cavalcante,Homem,Bruno Gadelha,Homem,1
Brendo Cavalcante,Homem,João Gustavo Kienen,Homem,1
Brendo Cavalcante,Homem,Julia Luiza da Conceição,Mulher,1
Brendo Cavalcante,Homem,Rosiane Freitas,Mulher,1
Brendo Cavalcante,Homem,Sérgio Anders,Homem,1
Brenner H. O. Rios,Homem,Eduardo C. Xavier,Homem,1
Brenner H. O. Rios,Homem,Flávio K. Miyazawa,Homem,1
Brenner H. O. Rios,Homem,Pedro Amorim,Homem,1
Brenno Nascimento,Homem,Davi Viana,Homem,1
Brenno Nascimento,Homem,Felipe Silva,Homem,2
Brenno Nascimento,Homem,Gabriel Costa,Homem,1
Brenno Nascimento,Homem,Geraldo Braz Junior,Homem,1
Brenno Nascimento,Homem,Italo Dovera,Homem,1
Brenno Nascimento,Homem,Luis Rivero,Homem,2
Brenno Nascimento,Homem,Matheus Bessa,Homem,1
Brenno Nascimento,Homem,Rafael Gomes,Mulher,1
Breno M. Barra,Homem,Caio C. Dias,Homem,1
Breno M. Barra,Homem,Matheus E. Franco,Homem,1
Breno M. Barra,Homem,Rosana A. Moreira,Mulher,1
Breno Machado,Homem,Italo Cunha,Homem,1
Breno Sousa,Homem,Fábio Bezerra,Homem,1
Breno Sousa,Homem,Paulo Cerqueira,Homem,1
Breno Sousa,Homem,Rafael Santos,Homem,1
Bruna A. da Silva,Homem,Cleber Zanchettin,Homem,1
Bruna A. da Silva,Homem,David Macedo,Homem,1
Bruna A. da Silva,Homem,Gabriel O. Ramos,Homem,1
Bruna A. da Silva,Homem,Paulo F. C. Barbosa,Homem,1
Bruna A. da Silva,Homem,Renato M. de Moraes,Homem,2
Bruna Diirr,Mulher,Juliana C. S. do Outão,Mulher,1
Bruna Diirr,Mulher,Rodrigo Pereira dos Santos,Homem,1
Bruna Diirr,Mulher,Sofia M. B. Machado,Mulher,1
Bruna Diirr,Mulher,Victor M. G. Chaves,Homem,1
Bruna M. Dalmoro,Mulher,Soraia R. Musse,Mulher,1
Bruna M. O. S. Cordeiro,Mulher,Fábio M. Costa,Homem,1
Bruna M. O. S. Cordeiro,Mulher,Roberto Rodrigues Filho,Homem,1
Bruna Mariana F. de Souza,Mulher,Fabiola Guerra Nakamura,Mulher,2
Bruna Mariana F. de Souza,Mulher,Jeovana Leão,Mulher,2
Bruna Mariana F. de Souza,Mulher,Julia Luiza da Conceição,Mulher,1
Bruna Mariana F. de Souza,Mulher,Juliana Magalhães,Mulher,1
Bruna Mariana F. de Souza,Mulher,Julis Figueira de Araújo,Homem,2
Bruna Mariana F. de Souza,Mulher,Kalil Ferreira,Homem,2
Bruna Mariana F. de Souza,Mulher,Mariana Barros,Mulher,2
Bruna Mariana F. de Souza,Mulher,Rosiane Freitas,Mulher,1
Bruna Mariana F. de Souza,Mulher,Tanara Lauschner,Mulher,2
Bruna Oenning Amador,Mulher,Lara Morgado da Silva Santos,Mulher,2
Bruna Oenning Amador,Mulher,Mayara Dal Vesco Hoger,Mulher,2
Bruna Oenning Amador,Mulher,Patricia Abe Turato,Mulher,2
Bruna Oenning Amador,Mulher,Rita Cristina Galarraga Berardi,Mulher,2
Bruna Oenning Amador,Mulher,Silvia Amelia Bim,Mulher,2
Bruna Soares,Mulher,Bruno Matias,Homem,1
Bruna Soares,Mulher,Everton Cavalcante,Homem,1
Bruna Soares,Mulher,Felipe Rocha,Homem,1
Bruna Soares,Mulher,Oswaldo de Oliveira,Homem,1
Bruna Soares,Mulher,Sâmela Ferreira,Mulher,1
Bruna Soares,Mulher,Thais Batista,Mulher,1
Bruna Souza,Mulher,Emmerson Silva,Homem,1
Bruna Souza,Mulher,Miguel Oliveira,Homem,1
Bruna Souza,Mulher,Neila Xavier,Mulher,1
Bruno A. Bonifácio,Homem,César França,Homem,1
Bruno A. Bonifácio,Homem,Franciney O. Lima,Homem,1
Bruno Albertini,Homem,Vitor Finotti,Homem,1
Bruno B. Boniati,Homem,Christiane G. von Wangenheim,Mulher,1
Bruno B. Boniati,Homem,Giani Petri,Mulher,1
Bruno Bandeira,Homem,Márcia R. Cerioli,Mulher,1
Bruno Bandeira,Homem,Petrucio Viana,Homem,1
Bruno Clemente,Homem,Bruno Coutinho,Homem,1
Bruno Clemente,Homem,Paulo Sabaini,Homem,1
Bruno Coutinho,Homem,Paulo Sabaini,Homem,1
Bruno César Vani,Homem,César Silva,Homem,1
Bruno César Vani,Homem,Jessica Viana,Mulher,1
Bruno César Vani,Homem,Melissa Zanatta,Mulher,1
Bruno Demattos Nogueira,Homem,Fabricio Murai,Homem,2
Bruno Demattos Nogueira,Homem,Francisco Galuppo Azevedo,Homem,2
Bruno Dias,Homem,Javier Marenco,Homem,1
Bruno Dias,Homem,Nelson Maculan,Homem,1
Bruno Dias,Homem,Rosiane Freitas,Mulher,1
Bruno Dourado Miranda,Homem,Romulo Silva de Oliveira,Homem,1
Bruno Duarte,Homem,Dierli M. da R. Maschio,Homem,1
Bruno Duarte,Homem,Jean Patric da Costa,Homem,1
Bruno Duarte,Homem,Marcelo Teixeira,Homem,1
Bruno Gadelha,Homem,Fabian de Oliveira Lopes,Homem,1
Bruno Gadelha,Homem,Gustavo Martins,Homem,1
Bruno Gadelha,Homem,João Gustavo Kienen,Homem,1
Bruno Gadelha,Homem,Julia Luiza da Conceição,Mulher,1
Bruno Gadelha,Homem,Rosiane Freitas,Mulher,2
Bruno Gadelha,Homem,Sérgio Anders,Homem,1
Bruno Henrique Ribeiro da Fonseca,Homem,Douglas Silva Domingues,Homem,1
Bruno Kalel da Silva,Homem,Fábio José Alves,Homem,1
Bruno Kalel da Silva,Homem,Gabryella Rocha Rodrigues,Mulher,1
Bruno Kalel da Silva,Homem,Leonardo da Silva Moraes,Homem,1
Bruno Kalel da Silva,Homem,Rita Rocha Kasahara,Mulher,1
Bruno L. Netto,Homem,Fábio Botler,Homem,1
Bruno Marques Cremonezi,Homem,Michele Nogueira Lima,Mulher,1
Bruno Martini,Homem,Gilson Helfer,Homem,1
Bruno Martini,Homem,Jorge Barbosa,Homem,1
Bruno Martini,Homem,Reginaldo Santos,Homem,1
Bruno Masquio,Homem,Guilherme de C. M. Gomes,Homem,2
Bruno Masquio,Homem,Jayme L. Szwarcfiter,Homem,4
Bruno Masquio,Homem,Paulo E. D. Pinto,Homem,3
Bruno Masquio,Homem,Paulo Pinto,Homem,1
Bruno Masquio,Homem,Vinicius F. Santos,Homem,2
Bruno Matias,Homem,Everton Cavalcante,Homem,1
Bruno Matias,Homem,Felipe Rocha,Homem,1
Bruno Matias,Homem,Oswaldo de Oliveira,Homem,1
Bruno Matias,Homem,Sâmela Ferreira,Mulher,1
Bruno Matias,Homem,Thais Batista,Mulher,1
Bruno Merlin,Homem,Heleno Fülber,Homem,1
Bruno Merlin,Homem,João Ferreira,Homem,1
Bruno Merlin,Homem,Leonardo Zamprogno,Homem,1
Bruno Monteiro,Homem,Vinicius F. Santos,Homem,1
Bruno Mota,Homem,Eduardo Maroñas Monks,Homem,1
Bruno Mota,Homem,Guilherme Bayer Scheneider,Homem,1
Bruno Mota,Homem,Helida Santos,Mulher,1
Bruno Mota,Homem,Jorge Barbosa,Homem,1
Bruno Mota,Homem,João Tavares,Homem,1
Bruno Mota,Homem,Renata Hax Sander Reiser,Mulher,1
Bruno Mota,Homem,Rodrigo Real,Homem,1
Bruno N. M. S. Conte,Homem,Roberto C. L. de Oliveira,Homem,1
Bruno N. M. S. Conte,Homem,Thiago N.M. S. Conte,Homem,1
Bruno O. Goulart,Homem,Carolina Xavier,Mulher,1
Bruno O. Goulart,Homem,João Gabriel R. Silva,Homem,1
Bruno O. Goulart,Homem,Maria Júlia M. Schettini,Mulher,1
Bruno O. Goulart,Homem,Samuel O. Silva,Homem,1
Bruno Oliveira,Homem,Felipe A. Ferreira,Homem,1
Bruno Oliveira,Homem,Hélio Lopes,Homem,1
Bruno Oliveira,Homem,Rodrigo V. Kassick,Homem,1
Bruno Oliveira,Homem,Vinícius Furlan,Homem,1
Bruno Pasqualotto Cavalar,Homem,Yoshiharu Kohayakawa,Homem,1
Bruno Pereira,Homem,Francisco Henrique Ferreira,Homem,1
Bruno Pereira,Homem,Marcio Imamura,Homem,1
Bruno Pereira,Homem,Rodrigo Pereira dos Santos,Homem,1
Bruno Santos,Homem,Franciely Souza,Mulher,1
Bruno Santos,Homem,Hugo Santos,Homem,1
Bruno Santos,Homem,Irandir Amorim,Homem,1
Bruno Santos,Homem,Maria Silva,Mulher,1
Bruno Silvestre,Homem,Eliseu Germano,Homem,1
Bruno Silvestre,Homem,Sergio Carvalho,Homem,1
Bruno Zatt,Homem,Daniel M. Palomino,Homem,1
Bruno Zatt,Homem,Marcelo S. Porto,Homem,1
Bruno Zatt,Homem,Wagner I. Penny,Homem,1
Bruno de Carvalho Albertini,Homem,Vivian Kimie Isuyama,Mulher,1
Bárbara A. Ramos,Mulher,Elaine Rangel Seixas,Mulher,1
Bárbara A. Ramos,Mulher,Flávio Luiz Seixas,Homem,1
Bárbara D. Duarte,Mulher,Juliana Espíndola Botelho,Mulher,1
Bárbara D. Duarte,Mulher,Mirella M. Moro,Mulher,1
Bárbara Moreira Drummond,Mulher,José Viterbo,Homem,1
Bárbara Moreira Drummond,Mulher,Luciana Cardoso de Castro Salgado,Mulher,1
Bárbara Soares,Mulher,Felipe Barbalho,Homem,1
Bárbara Soares,Mulher,Flavia C. Delicato,Mulher,1
Bárbara Soares,Mulher,Lucas Santos,Homem,1
Bárbara Soares,Mulher,Paulo F. Pires,Homem,1
Bárbara Soares,Mulher,Thais Batista,Mulher,1
Bárbara Stéphanie Neves Oliveira,Mulher,Carla Ilane Moreira Bezerra,Mulher,1
Bárbara Stéphanie Neves Oliveira,Mulher,Joyce Nayne Araújo Nascimento,Mulher,1
Bárbara Stéphanie Neves Oliveira,Mulher,Maria Tassiane Barros de Lima,Mulher,1
Bárbara Stéphanie Neves Oliveira,Mulher,Nayara Maria Costa de Mesquita,Mulher,1
Bárbara Stéphanie Neves Oliveira,Mulher,Paulo de Tarso Guerra Oliveira,Homem,1
Cabral Lima,Homem,Daniel Menasch,Homem,2
Cabral Lima,Homem,Italo Cunha,Homem,2
Cabral Lima,Homem,Leandro P. de Aguiar,Homem,2
Caciele Catiussa Ibarro Barbosa Lara,Mulher,Dariane Abich,Mulher,1
Caciele Catiussa Ibarro Barbosa Lara,Mulher,Rafael Parizi,Homem,1
Caio C. Dias,Homem,Matheus E. Franco,Homem,1
Caio C. Dias,Homem,Rosana A. Moreira,Mulher,1
Caio Flexa,Homem,Sergio Viademonte,Homem,1
Caio Flexa,Homem,Walisson Gomes,Homem,1
Caio Rabello,Homem,Cleidson Souza,Homem,1
Caio Rabello,Homem,Gustavo Pinto,Homem,1
Caio Rabello,Homem,Leonardo Furtado,Homem,1
Caique Souza,Homem,Esdras Bispo Jr.,Homem,1
Caique Souza,Homem,Lucas Costa,Homem,1
Calebe Conceição,Homem,Carla Aquino,Mulher,1
Calebe Conceição,Homem,Glederson Santos,Homem,1
Calebe Conceição,Homem,Pedro Mietliki,Homem,1
Camila D. Guerra,Mulher,Jonas B. C. Máximo,Homem,1
Camila D. Guerra,Mulher,Marcelo M. Silva,Homem,1
Camila D. Guerra,Mulher,Maria Simone Nunes,Mulher,1
Camila D. Guerra,Mulher,Marianna Severo,Mulher,1
Camila D. Guerra,Mulher,Paulo A. C. Aguilar,Homem,1
Camila D. Guerra,Mulher,Valdemir de Queiroz Neto,Homem,1
Camila Gusmão,Mulher,Karla Figueiredo,Mulher,1
Camila Gusmão,Mulher,Walkir A. T. Brito,Homem,1
Camila Laricchia,Mulher,Denise Siloto,Mulher,1
Camila Laricchia,Mulher,Elisa Rocha,Mulher,1
Camila Laricchia,Mulher,Flávia Villela,Mulher,1
Camila Laricchia,Mulher,Francisco Campos,Homem,1
Camila Laricchia,Mulher,Gabriel SantClair,Homem,1
Camila Laricchia,Mulher,Janaina Gomide,Mulher,1
Camila Laricchia,Mulher,Julia Godinho,Mulher,1
Camila Laricchia,Mulher,Júlia Marotti,Mulher,1
Camila Laricchia,Mulher,Laura Emmanuella de Oliveira,Mulher,1
Camila Laricchia,Mulher,Milena Estanislau,Mulher,1
Camila Laricchia,Mulher,Tabatta Martins,Mulher,1
Camila Laricchia,Mulher,Valeria Nunes Belmonte,Mulher,1
Camila N. Soares,Mulher,Leticia L. Leite,Mulher,1
Camila N. Soares,Mulher,Maristela Holanda,Mulher,1
Camila Sass,Mulher,Carla Rodriguez,Mulher,1
Camila Sass,Mulher,Denise Goya,Mulher,1
Camila Sass,Mulher,Lara Tenore,Mulher,1
Camila Sass,Mulher,Lidia Ferreira,Mulher,1
Camila Sass,Mulher,Maria Eduarda Brandão,Mulher,1
Camila Sass,Mulher,Melissa Lins,Mulher,1
Camila Sass,Mulher,Poliana Ferreira,Mulher,1
Camila Sass,Mulher,Rafaela V. Rocha,Mulher,1
Camila Sass,Mulher,Rosimeire Santana,Mulher,1
Camille Jesus,Mulher,Roberto A. Bittencourt,Homem,1
Carina Machado de Farias,Mulher,Everton Dias de A. Silva,Homem,1
Carina Machado de Farias,Mulher,Fellipe Pereira Azevedo,Homem,1
Carina Machado de Farias,Mulher,José Elias de Jesus Dias,Homem,1
Carina Machado de Farias,Mulher,Sarah Barbosa de Deus,Mulher,1
Carina Machado de Farias,Mulher,Steffany Caroline Carvalho Freire,Mulher,1
Carina Oliveira,Mulher,Carlo Oliveira,Homem,2
Carina Oliveira,Mulher,Daniel Saraiva,Homem,2
Carina Oliveira,Mulher,Daniel Victor Saraiva,Homem,1
Carina Oliveira,Mulher,Edgar Oliveira,Homem,1
Carina Oliveira,Mulher,Erica Gallindo,Mulher,1
Carina Oliveira,Mulher,Helen Abdala R. Ferreira,Mulher,1
Carina Oliveira,Mulher,Helen Ferreira,Mulher,1
Carina Oliveira,Mulher,Jaciana B. da Silva,Mulher,1
Carina Oliveira,Mulher,Joyce Quintino,Mulher,1
Carina Oliveira,Mulher,Lindemberg Nascimento,Homem,1
Carina Oliveira,Mulher,Marcia N. Viana,Mulher,1
Carina Oliveira,Mulher,Mércia Ferreira,Mulher,1
Carina Oliveira,Mulher,Reinaldo B. Braga,Homem,6
Carina Oliveira,Mulher,Renato Alves,Homem,1
Carina Oliveira,Mulher,Silas Pereira,Homem,1
Carina T. de Oliveira,Mulher,Daniel Victor Saraiva,Homem,1
Carina T. de Oliveira,Mulher,Reinaldo B. Braga,Homem,1
Carina T. de Oliveira,Mulher,Silas S. L. Pereira,Homem,1
Carla Adriana Ferreira da Silva,Mulher,Diego Zabot,Homem,1
Carla Adriana Ferreira da Silva,Mulher,Ecivaldo de Souza Matos,Homem,1
Carla Adriana Ferreira da Silva,Mulher,Gracielle Oliveira Tavares,Mulher,1
Carla Adriana Ferreira da Silva,Mulher,Juliana M. Oliveira dos Santos,Mulher,1
Carla Aquino,Mulher,Glederson Santos,Homem,1
Carla Aquino,Mulher,Pedro Mietliki,Homem,1
Carla Castanho,Mulher,Carla Cavalcante Koike,Mulher,1
Carla Castanho,Mulher,Carla Koike,Mulher,3
Carla Castanho,Mulher,Dilma Da Silva,Mulher,1
Carla Castanho,Mulher,Edna Canedo,Mulher,1
Carla Castanho,Mulher,Eduardo Silva,Homem,1
Carla Castanho,Mulher,Eduardo Spies,Homem,1
Carla Castanho,Mulher,Eric Hans M. da Silva,Homem,1
Carla Castanho,Mulher,Ian Nery Bandeira,Homem,1
Carla Castanho,Mulher,João Laterza,Homem,1
Carla Castanho,Mulher,Kailany Ketulhe,Mulher,1
Carla Castanho,Mulher,Maristela Holanda,Mulher,5
Carla Castanho,Mulher,Mirella M. Moro,Mulher,1
Carla Castanho,Mulher,Roberta B. Oliveira,Mulher,4
Carla Castanho,Mulher,Tais A. Oliveira,Mulher,1
Carla Castanho,Mulher,Thamires P. Silva,Mulher,1
Carla Castanho,Mulher,Victor Alves,Homem,1
Carla Cavalcante Koike,Mulher,Fernanda de Sousa,Mulher,1
Carla Cavalcante Koike,Mulher,Maria Eduarda Santos,Mulher,1
Carla Cavalcante Koike,Mulher,Maristela Holanda,Mulher,3
Carla Cavalcante Koike,Mulher,Roberta B. Oliveira,Mulher,3
Carla Cavalcante Koike,Mulher,Tais A. Oliveira,Mulher,1
Carla Cavalcante Koike,Mulher,Thamires P. Silva,Mulher,1
Carla Cavalcante Koike,Mulher,Vinicius R. P. Borges,Homem,1
Carla Delgado,Mulher,Daniel Menasch,Homem,1
Carla Delgado,Mulher,Felipe Assis,Homem,1
Carla Delgado,Mulher,João Ismael Pinheiro,Homem,1
Carla Delgado,Mulher,Mateus S. Nogueira,Homem,1
Carla Denise Castanho,Mulher,Ingrid Santana,Mulher,1
Carla Grossl,Mulher,Déborah Kosak Klagenberg,Mulher,1
Carla Grossl,Mulher,Kemely Kedny Pezzini,Mulher,1
Carla Grossl,Mulher,Letícia Hümmelgen,Mulher,1
Carla Grossl,Mulher,Nágila Cristina Hinckel,Mulher,1
Carla Grossl,Mulher,Thainá Schroeder Ribeiro,Mulher,1
Carla Ilane Moreira Bezerra,Mulher,Gustavo Ivens Oliveira Silva,Homem,1
Carla Ilane Moreira Bezerra,Mulher,José Robertty de Freitas Costa,Homem,2
Carla Ilane Moreira Bezerra,Mulher,Joyce Nayne Araújo Nascimento,Mulher,1
Carla Ilane Moreira Bezerra,Mulher,Maria Tassiane Barros de Lima,Mulher,1
Carla Ilane Moreira Bezerra,Mulher,Mateus Lima Alves,Homem,1
Carla Ilane Moreira Bezerra,Mulher,Nayara Maria Costa de Mesquita,Mulher,1
Carla Ilane Moreira Bezerra,Mulher,Paulo Miranda e Silva Sousa,Homem,1
Carla Ilane Moreira Bezerra,Mulher,Paulo de Tarso Guerra Oliveira,Homem,1
Carla Ilane Moreira Bezerra,Mulher,Victor de Souza Lima,Homem,1
Carla Ilane Moreira Bezerra,Mulher,Wladimir Araújo Tavares,Homem,1
Carla K. de M. Marques,Mulher,Francisca Aparecida P. Pinto,Mulher,1
Carla K. de M. Marques,Mulher,Henrique J. A. Holanda,Homem,1
Carla Koike,Mulher,Edna Canedo,Mulher,1
Carla Koike,Mulher,Eric Hans M. da Silva,Homem,1
Carla Koike,Mulher,João Laterza,Homem,1
Carla Koike,Mulher,Kailany Ketulhe,Mulher,1
Carla Koike,Mulher,Maristela Holanda,Mulher,3
Carla Koike,Mulher,Mirella M. Moro,Mulher,1
Carla Koike,Mulher,Roberta B. Oliveira,Mulher,3
Carla M. D. S. Freitas,Mulher,Jorge A. Wagner Filho,Homem,1
Carla M. D. S. Freitas,Mulher,Luciana Nedel,Mulher,1
Carla M. Paxiúba,Mulher,Josivan R. Reis,Homem,1
Carla M. Paxiúba,Mulher,Luiz Henrique C. Nunes,Homem,1
Carla M. Paxiúba,Mulher,Mariana W. B. Nascimento,Mulher,1
Carla M. Paxiúba,Mulher,Márcio J. M. Ponte,Homem,1
Carla M. Paxiúba,Mulher,Roberto P. Nascimento,Homem,1
Carla Marina C. Paxiúba,Mulher,Celson Pantoja Lima,Homem,1
Carla N. Lintzmayer,Mulher,Cristina Fernandes,Mulher,2
Carla N. Lintzmayer,Mulher,Denis G. Fantinato,Homem,1
Carla N. Lintzmayer,Mulher,Eduardo Candido Xavier,Homem,1
Carla N. Lintzmayer,Mulher,Flávio K. Miyazawa,Homem,1
Carla N. Lintzmayer,Mulher,Lucas F. Muniz,Homem,1
Carla N. Lintzmayer,Mulher,Mário César San Felice,Homem,2
Carla Rodriguez,Mulher,Denise Goya,Mulher,1
Carla Rodriguez,Mulher,Lara Tenore,Mulher,1
Carla Rodriguez,Mulher,Lidia Ferreira,Mulher,1
Carla Rodriguez,Mulher,Maria Eduarda Brandão,Mulher,1
Carla Rodriguez,Mulher,Melissa Lins,Mulher,1
Carla Rodriguez,Mulher,Poliana Ferreira,Mulher,1
Carla Rodriguez,Mulher,Rafaela V. Rocha,Mulher,1
Carla Rodriguez,Mulher,Rosimeire Santana,Mulher,1
Carla Rodriguez,Mulher,Vladimir Rocha,Homem,1
Carla Sanches Nere dos Santos,Mulher,Igor Muzetti Pereira,Homem,1
Carla Sanches Nere dos Santos,Mulher,Vicente José Peixoto de Amorim,Homem,1
Carla Santos de Oliveira,Mulher,Carlos R. Beleti Junior,Homem,2
Carla Santos de Oliveira,Mulher,Daniela Eloise Flôr,Mulher,2
Carla Santos de Oliveira,Mulher,Eduardo Henrique Molina da Cruz,Homem,2
Carla Santos de Oliveira,Mulher,Natani Gabrieli Boço Cavalcante,Mulher,1
Carla Verônica Machado Marques,Mulher,Carlo Emmanoel Tolla de Oliveira,Homem,1
Carla Verônica Machado Marques,Mulher,Claudia Lage Rebello da Motta,Mulher,1
Carla Verônica Machado Marques,Mulher,Raquel Moreira Machado Fernandes,Mulher,1
Carla Verônica Marques,Mulher,Carlo Oliveira,Homem,1
Carla Verônica Marques,Mulher,Claudia Motta,Mulher,1
Carlo Emmanoel Tolla de Oliveira,Homem,Claudia Lage Rebello da Motta,Mulher,1
Carlo Emmanoel Tolla de Oliveira,Homem,Raquel Moreira Machado Fernandes,Mulher,1
Carlo Kleber da Silva Rodrigues,Homem,Rafael Zerbini Alves da Mata,Homem,1
Carlo Kleber da Silva Rodrigues,Homem,Vladimir Emiliano Moreira Rocha,Homem,1
Carlo Oliveira,Homem,Claudia Motta,Mulher,1
Carlo Oliveira,Homem,Edgar Oliveira,Homem,1
Carlo Oliveira,Homem,Helen Ferreira,Mulher,1
Carlo Oliveira,Homem,Joyce Quintino,Mulher,1
Carlo Oliveira,Homem,Reinaldo B. Braga,Homem,1
Carlos A. G. Ferraz,Homem,David C. P. da Cunha,Homem,1
Carlos A. G. Ferraz,Homem,José C. F. M. Júnior,Homem,1
Carlos A. Silva,Homem,Cristiane N. Targa,Mulher,1
Carlos A. Silva,Homem,Gabriel A. D. Miranda,Homem,1
Carlos A. Silva,Homem,Geraldo Braz Junior,Homem,1
Carlos A. Silva,Homem,Gustavo Y. S. Azevedo,Homem,1
Carlos A. Silva,Homem,Kennedy Nunes,Homem,1
Carlos A. Silva,Homem,Lillia S. B. Silva,Mulher,1
Carlos A. Silva,Homem,Luis Rivero,Homem,1
Carlos A. Silva,Homem,Maikon Costa,Homem,1
Carlos A. Silva,Homem,Mateus F. L. Souza,Homem,1
Carlos A. Silva,Homem,Matheus S. Garofolo,Homem,1
Carlos A. Silva,Homem,Nathasha Pinto,Mulher,1
Carlos A. Silva,Homem,Simara Rocha,Mulher,1
Carlos A. Silva,Homem,Welton T. M. Sousa,Homem,1
Carlos A. T. Aguni,Homem,Daniel Cordeiro,Homem,1
Carlos Alberto Severiano Júnior,Homem,Cristiane N. Targa,Mulher,1
Carlos Alberto Severiano Júnior,Homem,Daniel B. F. Conrado,Homem,1
Carlos Alberto Severiano Júnior,Homem,Gabriel Novy,Homem,1
Carlos Alberto Severiano Júnior,Homem,Lara Cadar Cunha,Mulher,1
Carlos Alberto V. Campos,Homem,Elton F. de S. Soares,Homem,1
Carlos Alberto V. Campos,Homem,Leonardo Teteo,Homem,1
Carlos Alberto V. Campos,Homem,Pedro Moura,Homem,1
Carlos Augusto Martins,Homem,Flávia M. F. Ferreira,Mulher,1
Carlos Bravo Serrado,Homem,Daniel Sadoc Menasché,Homem,1
Carlos Bravo Serrado,Homem,Romeu Lustosa Pires,Homem,1
Carlos Brito,Homem,Francisco Airton Silva,Homem,1
Carlos Brito,Homem,Guto Leoni,Homem,1
Carlos Brito,Homem,Iure Fé,Homem,1
Carlos Brito,Homem,Laécio Rodrigues,Homem,1
Carlos E. Ferreira,Homem,Gabriel M. de Azevedo,Homem,1
Carlos Figueiredo,Homem,Lahis Almeida,Mulher,1
Carlos Figueiredo,Homem,Wilson Neto,Homem,2
Carlos H. P. Liberalino,Homem,Daniela C. Sena,Mulher,1
Carlos H. P. Liberalino,Homem,Francisco Chagas de Lima Júnior,Homem,1
Carlos Maurício Seródio Figueiredo,Homem,Luiz Carlos Silva de Araújo Filho,Homem,1
Carlos Portela,Homem,Elison Nascimento,Homem,1
Carlos Portela,Homem,Enio Monteiro,Homem,1
Carlos Portela,Homem,Fabricio Farias,Homem,1
Carlos Portela,Homem,Leonardo Gonçalves,Homem,1
Carlos Portela,Homem,Raaby Miranda,Mulher,1
Carlos Portela,Homem,Rafael Santos,Homem,1
Carlos Portela,Homem,Sandra Oliveira,Homem,2
Carlos R. Beleti Junior,Homem,César Alberto da Silva,Homem,1
Carlos R. Beleti Junior,Homem,Daniela Eloise Flôr,Mulher,3
Carlos R. Beleti Junior,Homem,Eduardo Henrique Molina da Cruz,Homem,3
Carlos R. Beleti Junior,Homem,Marcelo Valério,Homem,1
Carlos R. Beleti Junior,Homem,Maytê G. C. Bezerra,Mulher,1
Carlos R. Beleti Junior,Homem,Maytê Gouvêa Coleto Bezerra,Mulher,1
Carlos R. Beleti Junior,Homem,Natani Gabrieli Boço Cavalcante,Mulher,1
Carlos R. Beleti Junior,Homem,Paulo César Gonçalves,Homem,1
Carlos R. Beleti Junior,Homem,Robertino M. Santiago Junior,Homem,2
Carlos R. Beleti Junior,Homem,Rodrigo Hübner,Homem,1
Carlos Roberto dos Santos Junior,Homem,Daniela Marques,Mulher,1
Carlos Roberto dos Santos Junior,Homem,Gustavo Bartz Guedes,Homem,1
Carlos Storck,Homem,Efrem Lousada,Homem,2
Carlos Storck,Homem,Fátima Duarte-Figueiredo,Mulher,2
Carlos Storck,Homem,Guilherme Silva,Homem,1
Carlos Storck,Homem,Raquel Mini,Mulher,2
Carlos Sérgio Coelho Serra,Homem,Claudia Borges Coutinho,Mulher,1
Carlos Sérgio Coelho Serra,Homem,Diego Zabot,Homem,1
Carlos Sérgio Coelho Serra,Homem,Ecivaldo de Souza Matos,Homem,1
Carlos Sérgio Coelho Serra,Homem,Gracielle Oliveira Tavares,Mulher,1
Carlos Sérgio Coelho Serra,Homem,Juliana M. Oliveira dos Santos,Mulher,1
Carlos Sérgio Coelho Serra,Homem,Leonardo Azevedo,Homem,1
Carlos V. G. C. Lima,Homem,Cícero S. Morais,Homem,1
Carlos V. G. C. Lima,Homem,Júlio Araújo,Homem,1
Carlos V. G. C. Lima,Homem,Vinicius F. Santos,Homem,1
Carlos Vinícius Gomes Costa Lima,Homem,Julio Araujo,Homem,1
Carlos Vinícius Gomes Costa Lima,Homem,Vinicius Fernandes dos Santos,Homem,1
Carlos de Salles Soares Neto,Homem,Dilson José Lins Rabêlo Júnior,Homem,1
Carlos de Salles Soares Neto,Homem,Luis Alves dos Santos Neto,Homem,1
Carmem Hara,Mulher,Katriny Zamproni,Mulher,1
Carmem Hara,Mulher,Marcos Carrero,Homem,1
Carmem Hara,Mulher,Martin A. Musicante,Homem,1
Carmen Vera Scorsatto Brezolin,Mulher,Milene Selbach Silveira,Mulher,1
Carolina Aguilar,Mulher,Gisele Marinho,Mulher,1
Carolina Aguilar,Mulher,Simone Fagundes,Mulher,1
Carolina Riente de Andrade,Mulher,Suzy Santiago,Mulher,1
Carolina Xavier,Mulher,João Gabriel R. Silva,Homem,1
Carolina Xavier,Mulher,Maria Júlia M. Schettini,Mulher,1
Carolina Xavier,Mulher,Samuel O. Silva,Homem,1
Caroline Aparecida de Paula Silva,Mulher,Cândida Nunes da Silva,Mulher,1
Caroline Aparecida de Paula Silva,Mulher,Orlando Lee,Homem,1
Caroline Collange,Mulher,Fernando Magno Quintão Pereira,Homem,1
Caroline Collange,Mulher,Marcos Yukio Siraichi,Homem,1
Caroline Collange,Mulher,Vinicius F. Santos,Homem,1
Caroline Maul de A. Lima,Mulher,Eduardo A. da Silva,Homem,1
Caroline Maul de A. Lima,Mulher,Pedro B. Velloso,Homem,1
Caroline Patrão,Mulher,Celina Figueiredo,Mulher,1
Caroline Patrão,Mulher,Diane Castonguay,Mulher,1
Caroline Patrão,Mulher,Luis Kowada,Homem,1
Caroline Reis Vieira Santos Rauta,Mulher,Daniela Sbizera Justo,Mulher,1
Caroline Reis Vieira Santos Rauta,Mulher,Isabela Reinhold,Mulher,1
Caroline Reis Vieira Santos Rauta,Mulher,Maria Tereza de Almeida Wippel,Mulher,1
Caroline Reis Vieira Santos Rauta,Mulher,Rayana Prata Neves,Mulher,1
Caroline Sacramento Alves,Mulher,Débora Abdalla,Mulher,1
Caroline Sacramento Alves,Mulher,Juliana M. Oliveira dos Santos,Mulher,1
Caroline Silva,Mulher,Cândida Silva,Mulher,1
Caroline Silva,Mulher,Orlando Lee,Homem,1
Carolinne Roque e Faria,Mulher,Maurilio Martins Campano Júnior,Homem,1
Cassiano Schneider,Homem,Leandro Schneider,Homem,1
Cassiano Schneider,Homem,Lucas Silva,Homem,1
Cecília Costa,Mulher,Fernando Trinta,Homem,1
Cecília Costa,Mulher,Ricardo Andrade,Homem,1
Cecília Costa,Mulher,Vitor Cortez,Homem,1
Cecília Costa,Mulher,Willian Almeida Rodrigues,Homem,1
Cecília Costa,Mulher,Windson Viana,Homem,1
Cecília Lescano Osório,Mulher,Edna Ayako Hoshino,Mulher,1
Celciane Alves Vasconcelos,Mulher,Edio Roberto Manfio,Homem,1
Celciane Alves Vasconcelos,Mulher,Fabiane Cristina Altino,Mulher,1
Celciane Alves Vasconcelos,Mulher,Fábio Carlos Moreno,Homem,1
Celciane Alves Vasconcelos,Mulher,Marcelo Ozawa de Sousa,Homem,1
Celciane Alves Vasconcelos,Mulher,Maria Renata de Mira Gobbo,Mulher,1
Celina Figueiredo,Mulher,Diane Castonguay,Mulher,1
Celina Figueiredo,Mulher,Luis Kowada,Homem,1
Celina M. H. de Figueiredo,Mulher,Diana Sasaki,Mulher,2
Celina M. H. de Figueiredo,Mulher,Franklin de L. Marquezino,Homem,1
Celina M. H. de Figueiredo,Mulher,Luis A. B. Kowada,Homem,1
Celina M. H. de Figueiredo,Mulher,Marcus T. Costa,Homem,1
Celina M. H. de Figueiredo,Mulher,Mariana M. F. da Cruz,Mulher,1
Celina M. H. de Figueiredo,Mulher,Matheus N. Adauto,Homem,1
Celina M. H. de Figueiredo,Mulher,Raphael C. S. Machado,Homem,1
Celso A. Weffort-Santos,Homem,Christiane N. Campos,Mulher,1
Celso A. Weffort-Santos,Homem,Rafael C. S. Schoeury,Homem,1
Celso Alberto Saibel Santos,Homem,Estêvão Bissoli Saleme,Homem,1
Celso Alberto Saibel Santos,Homem,George Ghinea,Homem,1
Cesar A. C. Marcondes,Homem,Diego F. Pedroso,Homem,1
Cesar A. C. Marcondes,Homem,Emerson R. A. Barea,Homem,1
Cesar A. C. Marcondes,Homem,Hermes Senger,Homem,1
Cesar D. P. Crovato,Homem,Cristiano A. da Costa,Homem,1
Cesar D. P. Crovato,Homem,Luis A. Z. Pozenato,Homem,1
Cesar D. P. Crovato,Homem,Rodrigo R. Righi,Homem,1
Cesar D. P. Crovato,Homem,Vinícius F. Rodrigues,Homem,1
Christian Esteve Rothenberg,Homem,Daniel Lazkani Feferman,Homem,1
Christian Esteve Rothenberg,Homem,Fabricio E. Rodriguez Cesen,Homem,1
Christian Esteve Rothenberg,Homem,Juan Sebastian Mejia Vallejo,Homem,1
Christian Gomes,Homem,Leonardo Rocha,Homem,2
Christian Gomes,Homem,Marcos Gonçalves,Homem,1
Christian Reis Fagundes Gomes,Homem,Felipe Augusto Resende Viegas,Homem,1
Christian Reis Fagundes Gomes,Homem,Leonardo Chaves Dutra da Rocha,Homem,1
Christian Reis Fagundes Gomes,Homem,Washington Luiz Miranda da Cunha,Homem,1
Christiana Couto,Mulher,Gabriela Moutinho de Souza Dias,Mulher,1
Christiana Couto,Mulher,Gustavo Claudio Karl Couto,Homem,1
Christiana Couto,Mulher,Ronaldo Moreira Salles,Homem,1
Christiane G. von Wangenheim,Mulher,Giani Petri,Mulher,2
Christiane G. von Wangenheim,Mulher,Gustavo de Castro Salvador,Homem,1
Christiane G. von Wangenheim,Mulher,Jacqueline Cardozo,Mulher,1
Christiane G. von Wangenheim,Mulher,Marcelo Fernando Rauber,Homem,1
Christiane G. von Wangenheim,Mulher,Matheus A. Pereira,Homem,1
Christiane G. von Wangenheim,Mulher,Mercedes Ruiz,Mulher,1
Christiane G. von Wangenheim,Mulher,Nathalia da Cruz Alves,Mulher,1
Christiane G. von Wangenheim,Mulher,Ramon Mayor Martins,Homem,1
Christiane N. Campos,Mulher,Rafael C. S. Schoeury,Homem,1
Christiane Pereira,Mulher,Everton Oliveira,Homem,1
Christiane Pereira,Mulher,Henrique Ferreira,Homem,1
Christiane Pereira,Mulher,Joelson Araújo,Homem,1
Christiane Pereira,Mulher,Patricia Moser,Mulher,1
Christiano Martino Otero Avila,Homem,Simone André da Costa Cavalheiro,Mulher,1
Cibele Da Silva Alves,Mulher,Wanderson Alexandre da Silva Quinto,Homem,1
Cibelle Amorim Martins,Mulher,Clara Marques Bodart,Mulher,1
Cibelle Amorim Martins,Mulher,Márcia Gonçalves Oliveira,Mulher,1
Cibelle Amorim Martins,Mulher,Soraya Roberta dos Santos Medeiros,Mulher,1
Cid C. de Souza,Homem,Felipe de C. Pereira,Homem,1
Cid C. de Souza,Homem,Pedro J. de Rezende,Homem,1
Cintia Sonale Rebonatto,Mulher,Cássio Eckstein,Homem,1
Cintia Sonale Rebonatto,Mulher,Marcelo Trindade Rebonatto,Homem,1
Claiton Correa,Homem,Daila Rita Becker Nunes,Mulher,1
Claiton Correa,Homem,Dariane Abich,Mulher,1
Claiton Correa,Homem,Fernando Oliveira,Homem,1
Claiton Correa,Homem,Joaquim Assunção,Homem,1
Claiton Correa,Homem,Luciéli Tolfo Beque Guerra,Mulher,1
Claiton Correa,Homem,Moraes Neto,Homem,1
Claiton Correa,Homem,Rafael Parizi,Homem,1
Clara Marques Bodart,Mulher,Gabriel Nascimento,Homem,1
Clara Marques Bodart,Mulher,Márcia Gonçalves Oliveira,Mulher,1
Clara Marques Bodart,Mulher,Márcia Oliveira,Mulher,1
Clara Marques Bodart,Mulher,Mônica Silva,Mulher,1
Clara Marques Bodart,Mulher,Soraya Roberta dos Santos Medeiros,Mulher,1
Clara Scatena da Silva,Mulher,Claudia Santos Fernandes,Mulher,1
Clara Scatena da Silva,Mulher,Diane Rosa da Silva,Mulher,1
Clara Scatena da Silva,Mulher,Giovanna Mara Paes Franco,Mulher,1
Clara Scatena da Silva,Mulher,Luana Arfux de Castro Nogueira,Mulher,1
Clara Scatena da Silva,Mulher,Marcia Ferreira Cristaldo,Mulher,1
Clara Scatena da Silva,Mulher,Maria Eduarda Alves Barbosa,Mulher,1
Clara Scatena da Silva,Mulher,Marta Luzzi,Mulher,1
Clara Scatena da Silva,Mulher,Nayara Arruda Cunha,Mulher,1
Clara Scheffer Emerich,Mulher,Matheus Lorenzato Braga,Homem,1
Clara Scheffer Emerich,Mulher,Rafael Américo Fuhrich,Homem,1
Clara Scheffer Emerich,Mulher,Victor Martins de Sousa,Homem,1
Claudia Aparecida Martins,Mulher,Henrique Camacho Farias,Homem,1
Claudia Borges Coutinho,Mulher,Diego Zabot,Homem,1
Claudia Borges Coutinho,Mulher,Ecivaldo de Souza Matos,Homem,1
Claudia Borges Coutinho,Mulher,Gracielle Oliveira Tavares,Mulher,1
Claudia Borges Coutinho,Mulher,Juliana M. Oliveira dos Santos,Mulher,1
Claudia Borges Coutinho,Mulher,Leonardo Azevedo,Homem,1
Claudia Brandelero Rizzi,Mulher,Daniel Antonio Karling,Homem,1
Claudia Brandelero Rizzi,Mulher,Rogério Luis Rizzi,Homem,1
Claudia Lage Rebello da Motta,Mulher,Raquel Moreira Machado Fernandes,Mulher,1
Claudia Motta,Mulher,Daniel Menasch,Homem,1
Claudia Motta,Mulher,Felipe Assis,Homem,1
Claudia Motta,Mulher,Jefferson Simões,Homem,1
Claudia Motta,Mulher,João Pinheiro,Homem,1
Claudia Motta,Mulher,Marcus Amorim,Homem,1
Claudia Motta,Mulher,Paulo Roberto Filho,Homem,1
Claudia Motta,Mulher,Walkir Brito,Homem,1
Claudia Motta,Mulher,Zeca Borges,Homem,1
Claudia Rodrigues,Mulher,Cláudia Werner,Mulher,1
Claudia Rodrigues,Mulher,Diego Castro,Homem,1
Claudia Rodrigues,Mulher,Filipe C. Fernandes,Homem,1
Claudia Santos Fernandes,Mulher,Diane Rosa da Silva,Mulher,1
Claudia Santos Fernandes,Mulher,Giovanna Mara Paes Franco,Mulher,1
Claudia Santos Fernandes,Mulher,Luana Arfux de Castro Nogueira,Mulher,1
Claudia Santos Fernandes,Mulher,Marcia Ferreira Cristaldo,Mulher,1
Claudia Santos Fernandes,Mulher,Maria Eduarda Alves Barbosa,Mulher,1
Claudia Santos Fernandes,Mulher,Marta Luzzi,Mulher,1
Claudia Santos Fernandes,Mulher,Nayara Arruda Cunha,Mulher,1
Claudia Sousa Barbosa,Mulher,Lucas Lima Sousa Torres,Homem,1
Claudia Sousa Barbosa,Mulher,Maria Rodrigues Gomes,Mulher,1
Claudia Sousa Barbosa,Mulher,Simone de Oliveira Santos,Mulher,1
Claudia Susie Rodrigues,Mulher,Cláudia Werner,Mulher,1
Claudia Susie Rodrigues,Mulher,Mario Bonicenha,Homem,1
Claudia Susie Rodrigues,Mulher,Rebeca Motta,Mulher,1
Claudio L. Amorim,Homem,Flavia C. Delicato,Mulher,1
Claudio L. Amorim,Homem,Tiago C. de S. Xavier,Homem,1
Claudio Schepke,Homem,Natiele Lucca,Mulher,1
Claudomiro Sales,Homem,Reginaldo Santos,Homem,1
Claudomiro Sales,Homem,Renan Cunha,Homem,1
Claudson Bornstein,Homem,Jayme L. Szwarcfiter,Homem,3
Claudson Bornstein,Homem,José Wilson C. Pinto,Homem,1
Claudson Bornstein,Homem,Tanilson D. Santos,Homem,2
Claudson Bornstein,Homem,Ueverton Souza,Homem,1
Claudson Bornstein,Homem,Uéverton S. Souza,Homem,1
Clause Piana,Mulher,Johnny Marques,Homem,1
Clause Piana,Mulher,Luciana Foss,Mulher,2
Clause Piana,Mulher,Placida Oliveira,Mulher,1
Clause Piana,Mulher,Renata Reiser,Mulher,2
Clause Piana,Mulher,Simone Cavalheiro,Mulher,2
Clause Piana,Mulher,Simão Martin,Homem,1
Cleber S. Peter,Homem,Felipe Marques,Homem,2
Cleber S. Peter,Homem,Jorge Barbosa,Homem,1
Cleber S. Peter,Homem,Lucas Penning,Homem,2
Cleber Zanchettin,Homem,David Macedo,Homem,1
Cleber Zanchettin,Homem,Paulo F. C. Barbosa,Homem,1
Cleber Zanchettin,Homem,Renato M. de Moraes,Homem,1
Clebeson Canuto dos Santos,Homem,Felippe Mendonça de Queiroz,Homem,1
Clebeson Canuto dos Santos,Homem,Leonardo de Assis Silva,Homem,1
Clebeson Canuto dos Santos,Homem,Raquel Frizera Vassallo,Mulher,1
Cledja Rolim,Mulher,Isadora B. M. C. Ferreira,Mulher,1
Cledja Rolim,Mulher,Lucas Fonseca,Homem,1
Cleidiane Nunes,Mulher,Ivaldir Júnior,Homem,1
Cleidson Souza,Homem,Emanuel Rodrigues,Homem,1
Cleidson Souza,Homem,Fernando Figueira Filho,Homem,1
Cleidson Souza,Homem,Filipe Coelho,Homem,1
Cleidson Souza,Homem,Gustavo Pinto,Homem,1
Cleidson Souza,Homem,Leandro de Almeida Melo,Homem,1
Cleidson Souza,Homem,Leonardo Furtado,Homem,1
Cleidson Souza,Homem,Nelson Tenório Jr.,Homem,1
Cleiton M. Marques,Homem,Cristina Meinhardt,Mulher,1
Cleiton M. Marques,Homem,Paulo F. Butzen,Homem,1
Cleiton Soares Martins,Homem,Marcos Uryel F. de Farias,Homem,1
Cleiton Soares Martins,Homem,Sônia R. Fortes da Silva,Mulher,1
Cleverson Nahum,Homem,Lucas Nóvoa,Homem,1
Cleverson Nahum,Homem,Silvia Lins,Mulher,1
Cleverson Nahum,Homem,Virgínia Tavares,Mulher,1
Cleverton A. D. Silva,Homem,Fernanda Alencar,Mulher,1
Cleverton A. D. Silva,Homem,José Vinícius V. Lima,Homem,1
Cleverton A. D. Silva,Homem,Wladimir Filho,Homem,1
Clevi Rapkiewicz,Mulher,Hariel Souza,Homem,1
Clevi Rapkiewicz,Mulher,Letícia Gindri,Mulher,1
Clevi Rapkiewicz,Mulher,Nani Castilho,Mulher,1
Clevi Rapkiewicz,Mulher,Simone Fogazzi,Mulher,1
Cleyton Souza,Homem,Elaine Santos,Mulher,1
Cleyton Souza,Homem,Tamires Rocha,Mulher,1
Cleyton Souza,Homem,Vilson Júnior,Homem,1
Cláudia Linhares Sales,Mulher,Cláudio Carvalho,Homem,1
Cláudia Linhares Sales,Mulher,Efraim Rodrigues,Homem,1
Cláudia Linhares Sales,Mulher,Jonas Costa,Homem,1
Cláudia Linhares Sales,Mulher,Nicolas Nisse,Homem,1
Cláudia Linhares Sales,Mulher,Raul Lopes,Homem,1
Cláudia Werner,Mulher,Diego Castro,Homem,1
Cláudia Werner,Mulher,Filipe C. Fernandes,Homem,1
Cláudia Werner,Mulher,Mario Bonicenha,Homem,1
Cláudia Werner,Mulher,Rebeca Motta,Mulher,1
Cláudio Carvalho,Homem,Jonas Costa,Homem,1
Cláudio Carvalho,Homem,Nicolas Nisse,Homem,1
Cláudio Carvalho,Homem,Raul Lopes,Homem,1
Cláudio Fernando Fernando Resin Geyer,Homem,João Luiz Grave Gross,Homem,1
Cláudio Geyer,Homem,Eduardo Abreu,Homem,1
Cláudio Geyer,Homem,Gerson Cavalheiro,Homem,1
Cláudio Geyer,Homem,João Lopes,Homem,1
Cláudio Geyer,Homem,Lucas Silva,Homem,1
Cláudio Geyer,Homem,Valderi Leithardt,Homem,1
Cláudio Geyer,Homem,Wemerson Parreira,Homem,1
Cláudio Machado Diniz,Homem,Mateus Parker Porto,Homem,1
Cláudio T. Cristino,Homem,Gabriel Alves,Homem,1
Cláudio T. Cristino,Homem,José Diogo A. de Sousa,Homem,1
Cláudio T. Cristino,Homem,Juliana F. dos Santos,Mulher,1
Cláudio T. Cristino,Homem,Rafael Ferreira Mello,Homem,1
Cristian Koliver,Homem,Romulo Silva de Oliveira,Homem,1
Cristiana Bentes,Mulher,Lúcia Maria de A. Drummond,Mulher,1
Cristiana Bentes,Mulher,Pablo Carvalho,Homem,1
Cristiane Jorge L. Bonfim,Mulher,Luisa S. Ferreira,Mulher,1
Cristiane Jorge L. Bonfim,Mulher,Sylvana Karla S. L. Santos,Mulher,1
Cristiane N. Targa,Mulher,Daniel B. F. Conrado,Homem,1
Cristiane N. Targa,Mulher,Gabriel Novy,Homem,1
Cristiane N. Targa,Mulher,Lara Cadar Cunha,Mulher,1
Cristiane N. Targa,Mulher,Mateus F. L. Souza,Homem,1
Cristiane O. de Santana,Mulher,Jislane S. S. de Menezes,Mulher,1
Cristiane O. de Santana,Mulher,Kamille G. Bezerra,Mulher,1
Cristiane O. de Santana,Mulher,Leandro Santos Fraga,Homem,1
Cristiane da Silva Stamberg,Mulher,Samuel Müller Forrati,Homem,1
Cristiano A. da Costa,Homem,Emiliano S. Monteiro,Homem,1
Cristiano A. da Costa,Homem,Lucas Pfeiffer Salomão Dias,Homem,1
Cristiano A. da Costa,Homem,Luis A. Z. Pozenato,Homem,1
Cristiano A. da Costa,Homem,Maria Eloisa Mignoni,Mulher,1
Cristiano A. da Costa,Homem,Mateus Schmitz da Silveira,Homem,1
Cristiano A. da Costa,Homem,Rafael Kunst,Homem,1
Cristiano A. da Costa,Homem,Rodolfo Stoffel Antunes,Homem,1
Cristiano A. da Costa,Homem,Rodrigo R. Righi,Homem,2
Cristiano A. da Costa,Homem,Rodrigo da Rosa Righi,Homem,2
Cristiano A. da Costa,Homem,Thiago Roberto Lima Lopes,Homem,1
Cristiano A. da Costa,Homem,Uélison Jean L. Santos,Homem,1
Cristiano A. da Costa,Homem,Vinícius F. Rodrigues,Homem,1
Cristiano Galafassi,Homem,Eliseo Reategui,Homem,1
Cristiano Galafassi,Homem,Fabiane Galafassi,Mulher,1
Cristiano Galafassi,Homem,Rosa Vicari,Mulher,1
Cristiano Maciel,Homem,Eunice Pereira dos Santos Nunes,Mulher,1
Cristiano Maciel,Homem,Fernanda Pires,Mulher,1
Cristiano Maciel,Homem,Jean Rangel,Homem,1
Cristiano Maciel,Homem,João Bernado,Homem,1
Cristiano Maciel,Homem,Jéssica Azevedo,Mulher,2
Cristiano Maciel,Homem,Karen Ribeiro,Mulher,2
Cristiano Maciel,Homem,Karen da Silva Figueiredo,Mulher,2
Cristiano Maciel,Homem,Karen da Silva Figueiredo Medeiros Ribeiro,Mulher,2
Cristiano Maciel,Homem,Karla Pereira,Mulher,1
Cristiano Maciel,Homem,Karla de Souza e Silva,Mulher,1
Cristiano Maciel,Homem,Larissa Pessoa,Mulher,1
Cristiano Maciel,Homem,Leticia Santos Machado,Mulher,1
Cristiano Maciel,Homem,Luciana Bolan Frigo,Mulher,1
Cristiano Maciel,Homem,Maria Fernanda Abalem Franca Nunes,Mulher,1
Cristiano Maciel,Homem,Rosiane Freitas,Mulher,1
Cristiano Maciel,Homem,Sabrina B. Sassi,Mulher,2
Cristiano Maciel,Homem,Sabrina Bourscheid Sassi,Mulher,1
Cristiano Maciel,Homem,Silvia A. Bim,Mulher,2
Cristiano Maciel,Homem,Silvia Amelia Bim,Mulher,1
Cristiano Maciel,Homem,Vinícius Carvalho Pereira,Homem,2
Cristiano Maciel,Homem,Waleska Gonçalves de Lima,Mulher,1
Cristiano R. Cervi,Homem,Daniel M. Kuhn,Homem,1
Cristiano R. Cervi,Homem,Edimar Mânica,Homem,1
Cristina Ciferri,Mulher,Kalinka Branco,Mulher,1
Cristina Ciferri,Mulher,Viviana Noguera,Mulher,1
Cristina Fernandes,Mulher,Fábio Botler,Homem,1
Cristina Fernandes,Mulher,Juan Gutiérrez,Homem,1
Cristina Fernandes,Mulher,Mário César San Felice,Homem,2
Cristina Fernandes,Mulher,Rafael Pocai,Homem,1
Cristina Meinhardt,Mulher,Lígia Sell,Mulher,1
Cristina Meinhardt,Mulher,Paulo F. Butzen,Homem,1
Cristina Nunes,Mulher,Milene Silveira,Mulher,1
Criston P. S.,Homem,Emanuel F. C.,Homem,1
Criston P. S.,Homem,Fábio C. S. D.,Homem,1
Criston P. S.,Homem,Paulo Henrique M. A.,Homem,1
Criston P. S.,Homem,Wallesson C. S.,Homem,1
Cristopher Freitas,Homem,Givanildo Júnior,Homem,1
Cristopher Freitas,Homem,Heitor S. Ramos,Homem,1
Cristopher Freitas,Homem,Osvaldo A. Rosso,Homem,2
Cristopher Freitas,Homem,Raquel S. Cabral,Mulher,1
Críssia Marcelino,Mulher,Francisco Nascimento,Homem,1
Cássio Eckstein,Homem,Marcelo Trindade Rebonatto,Homem,1
Cândida Nunes da Silva,Mulher,Lucas Rigo Yoshimura,Homem,1
Cândida Nunes da Silva,Mulher,Maycon Sambinelli,Homem,1
Cândida Nunes da Silva,Mulher,Orlando Lee,Homem,4
Cândida Nunes da Silva,Mulher,Vinícius de Souza Carvalho,Homem,1
Cândida Silva,Mulher,Orlando Lee,Homem,1
César Alberto da Silva,Homem,Daniela Eloise Flôr,Mulher,1
César Alberto da Silva,Homem,Eduardo Henrique Molina da Cruz,Homem,1
César Alberto da Silva,Homem,Paulo César Gonçalves,Homem,1
César Alberto da Silva,Homem,Robson Brito Santos,Homem,1
César Alberto da Silva,Homem,Rodrigo Hübner,Homem,1
César França,Homem,Franciney O. Lima,Homem,1
César Perdigão Batista,Homem,Everton Cavalcante,Homem,1
César Perdigão Batista,Homem,Pedro Victor Silva,Homem,1
César Perdigão Batista,Homem,Thais Batista,Mulher,1
César Silva,Homem,Jessica Viana,Mulher,1
César Silva,Homem,Melissa Zanatta,Mulher,1
Daiane M. Pereira,Mulher,Rodrigo S. Couto,Homem,1
Daila Rita Becker Nunes,Mulher,Luciéli Tolfo Beque Guerra,Mulher,1
Dalcimar Casanova,Homem,Lucas Caldeira de Oliveira,Homem,1
Dalcimar Casanova,Homem,Marcelo Teixeira,Homem,1
Daniel Alves Gomes,Homem,Elisa de Fátima Andrade Soares,Mulher,1
Daniel Alves Gomes,Homem,Giovana Lorena Costa de Andrade,Mulher,1
Daniel Alves Gomes,Homem,Leonardo Bandeira de Lucena,Homem,1
Daniel Alves Gomes,Homem,Lígia Maria de Souza Dantas Batista,Mulher,1
Daniel Alves Gomes,Homem,Rommel Wladimir de Lima,Homem,1
Daniel Alves Gomes,Homem,Wilton Silva dos Santos Júnior,Homem,1
Daniel Alves Gomes,Homem,Álvaro Gabriel Gomes de Oliveira,Homem,1
Daniel Antonio Karling,Homem,Rogério Luis Rizzi,Homem,1
Daniel B. F. Conrado,Homem,Gabriel Novy,Homem,1
Daniel B. F. Conrado,Homem,Lara Cadar Cunha,Mulher,1
Daniel Barreiros de Farias,Homem,Fernando Silvano Gonçalves,Homem,1
Daniel Barreiros de Farias,Homem,Roberval Silva Bett,Homem,1
Daniel C. Cunha,Homem,Gabriel G. Silva,Homem,1
Daniel Carlos Guimarães Pedronette,Homem,Lucas Pascotti Valem,Homem,1
Daniel Carvalho,Homem,Francisco Airton Silva,Homem,1
Daniel Carvalho,Homem,Iure Fé,Homem,1
Daniel Cordeiro,Homem,Emilio Francesquini,Homem,1
Daniel Cordeiro,Homem,Francisco Wallison Rocha,Homem,1
Daniel Fernandes,Homem,Kaio Wagner,Homem,1
Daniel Figueiredo,Homem,Fábio Botler,Homem,1
Daniel Figueiredo,Homem,Giulio Iacobelli,Homem,1
Daniel Figueiredo,Homem,João Vitor B. Tavares,Homem,1
Daniel Figueiredo,Homem,Matheus Lemos,Homem,1
Daniel Figueiredo,Homem,Rafael G. Damasceno,Homem,1
Daniel Figueiredo,Homem,Ronald Souza,Homem,1
Daniel H. Dalip,Homem,Indra Matsiendra C. D. Ribeiro,Mulher,1
Daniel H. Dalip,Homem,Izabela A. Andrade,Mulher,1
Daniel H. Dalip,Homem,Julia M. M. Gonçalves,Mulher,1
Daniel H. Dalip,Homem,Luísa M. Laboissiere,Mulher,1
Daniel H. Dalip,Homem,Marcella D. Ferreira,Mulher,1
Daniel H. Dalip,Homem,Michele A. Brandão,Mulher,1
Daniel H. Dalip,Homem,Mirella M. Moro,Mulher,1
Daniel L. Ferrão,Homem,Heider Marconi G. Madureira,Homem,1
Daniel L. Ferrão,Homem,Marcos B. Hervé,Homem,1
Daniel L. Ferrão,Homem,Murilo P. Pessatti,Homem,1
Daniel L. Ferrão,Homem,Paulo A. Dal Fabbro,Homem,1
Daniel Lazkani Feferman,Homem,Juan Sebastian Mejia Vallejo,Homem,1
Daniel M. Kuhn,Homem,Edimar Mânica,Homem,1
Daniel M. Palomino,Homem,Marcelo S. Porto,Homem,1
Daniel M. Palomino,Homem,Wagner I. Penny,Homem,1
Daniel Menasch,Homem,Diego Ximenes,Homem,1
Daniel Menasch,Homem,Edmundo de Souza e Silva,Homem,1
Daniel Menasch,Homem,Felipe Assis,Homem,2
Daniel Menasch,Homem,Gabriel Mendonça,Homem,1
Daniel Menasch,Homem,Gustavo H. A. Santos,Homem,1
Daniel Menasch,Homem,Italo Cunha,Homem,2
Daniel Menasch,Homem,Jefferson Simões,Homem,1
Daniel Menasch,Homem,João Ismael Pinheiro,Homem,1
Daniel Menasch,Homem,João Pinheiro,Homem,1
Daniel Menasch,Homem,Leandro P. de Aguiar,Homem,3
Daniel Menasch,Homem,Marcus Amorim,Homem,1
Daniel Menasch,Homem,Mateus S. Nogueira,Homem,1
Daniel Menasch,Homem,Matheus Martins,Homem,1
Daniel Menasch,Homem,Miguel A. Bicudo,Homem,1
Daniel Menasch,Homem,Rosa M.M. Leão,Mulher,1
Daniel Mendes Barbosa,Homem,Fabrício A. Silva,Homem,1
Daniel Mendes Barbosa,Homem,Gláucia Braga e Silva,Mulher,1
Daniel O. Martínez-Rivillas,Homem,Ruy J. G. B. de Queiroz,Homem,1
Daniel Pinto,Homem,Eduarda Chagas,Mulher,1
Daniel Pinto,Homem,Gabriel Costa,Homem,1
Daniel Pinto,Homem,Kennedy Nunes,Homem,1
Daniel Pinto,Homem,Luis Rivero,Homem,1
Daniel Pinto,Homem,Ricardo Anchieta,Homem,1
Daniel Pinto,Homem,Simara Rocha,Mulher,1
Daniel R. F. Bonetti,Homem,Gesiel Rios Lopes,Homem,1
Daniel R. F. Bonetti,Homem,Gonzalo Travieso,Homem,1
Daniel R. F. Bonetti,Homem,Kalinka Branco,Mulher,1
Daniel R. F. Bonetti,Homem,Paulo S. L. Souza,Homem,1
Daniel Ratton Figueiredo,Homem,Franklin de L. Marquezino,Homem,1
Daniel Ratton Figueiredo,Homem,Henrique José dos S. Ferreira Júnior ,Homem,1
Daniel Ratton Figueiredo,Homem,José de Paula Neves Neto,Homem,1
Daniel Ratton Figueiredo,Homem,Matheus Guedes de Andrade,Homem,1
Daniel Ratton Figueiredo,Homem,Pamela Tabak,Mulher,1
Daniel S. Souza,Homem,Diego L. Cardoso,Homem,1
Daniel S. Souza,Homem,Igor W. A. Falcão,Homem,1
Daniel S. Souza,Homem,Marcos C. R. Seruffo,Homem,1
Daniel S. Souza,Homem,Paulo H. A. Pereira,Homem,1
Daniel S. Souza,Homem,Rafael F. Vieira,Homem,1
Daniel Sadoc Menasché,Homem,Romeu Lustosa Pires,Homem,1
Daniel Saraiva,Homem,Erica Gallindo,Mulher,1
Daniel Saraiva,Homem,Mércia Ferreira,Mulher,1
Daniel Saraiva,Homem,Reinaldo B. Braga,Homem,2
Daniel Saraiva,Homem,Silas Pereira,Homem,1
Daniel Victor Saraiva,Homem,Lindemberg Nascimento,Homem,1
Daniel Victor Saraiva,Homem,Reinaldo B. Braga,Homem,2
Daniel Victor Saraiva,Homem,Renato Alves,Homem,1
Daniel Victor Saraiva,Homem,Silas S. L. Pereira,Homem,1
Daniel Victor Teixeira Lima,Homem,Francisco de Albuquerque Júnior,Homem,1
Daniel Victor Teixeira Lima,Homem,Marcelino S. da Silva,Homem,1
Daniel Victor Teixeira Lima,Homem,Vanilze Vaz,Mulher,1
Daniel Xavier de Sousa,Homem,Marcos André Gonçalves,Homem,1
Daniel da A. Souza,Homem,Diego L. Cardoso,Homem,1
Daniel da A. Souza,Homem,Igor W. A. Falcão,Homem,1
Daniel da A. Souza,Homem,Paulo H. A. Pereira,Homem,1
Daniel da A. Souza,Homem,Rafael F. Vieira,Homem,1
Daniel da A. Souza,Homem,Rita de C. P. Cunha,Mulher,1
Daniel de Oliveira,Homem,Esther Pacitti,Mulher,1
Daniel de Oliveira,Homem,Rodrigo A. P. Silva,Homem,1
Daniel de Oliveira,Homem,Victor Olimpio,Homem,1
Daniel de Oliveira,Homem,Yuri Frota,Homem,1
Daniela C. Sena,Mulher,Francisco Chagas de Lima Júnior,Homem,1
Daniela C. Terra,Mulher,Isabella A. D. Melo,Mulher,1
Daniela C. Terra,Mulher,Leticia M. M. S. Cheloni,Mulher,1
Daniela C. Terra,Mulher,Raylla L. S. Gama,Mulher,1
Daniela C. Terra,Mulher,Suelen M. de Paula,Mulher,1
Daniela Eloise Flôr,Mulher,Eduardo Henrique Molina da Cruz,Homem,3
Daniela Eloise Flôr,Mulher,Natani Gabrieli Boço Cavalcante,Mulher,1
Daniela Eloise Flôr,Mulher,Paulo César Gonçalves,Homem,1
Daniela Eloise Flôr,Mulher,Rodrigo Hübner,Homem,1
Daniela Marques,Mulher,Gustavo Bartz Guedes,Homem,1
Daniela Ridel,Mulher,José Carlos Maldonado,Homem,1
Daniela Ridel,Mulher,Kalinka Castelo Branco,Mulher,1
Daniela Ridel,Mulher,Luiz Henrique Castelo Branco,Homem,1
Daniela Ridel,Mulher,Sabrina Tridico,Mulher,1
Daniela Sbizera Justo,Mulher,Rayana Prata Neves,Mulher,1
Daniela Trevisan,Mulher,Esteban Clua,Homem,1
Daniela Trevisan,Mulher,Thiago Porcino,Homem,1
Daniela de Souza Gomes,Mulher,Gabriel Philippe Pereira,Homem,1
Daniela de Souza Gomes,Mulher,Giovanni Ventorim Comarela,Homem,1
Daniela de Souza Gomes,Mulher,Marcos Henrique Fonseca Ribeiro,Homem,1
Danielle L. Pinto,Mulher,Hannah O. Plath,Mulher,1
Danielle L. Pinto,Mulher,Maria Estela O. Paiva,Mulher,1
Danielle L. Pinto,Mulher,Paula D. P. Costa,Mulher,1
Danielle Martins,Mulher,Fabiano Oliveira,Homem,1
Danielle Martins,Mulher,Jamille Silva,Mulher,1
Danielly Rayanne M. Lima,Mulher,Raissa Ohana F. O e Silva,Mulher,1
Danielly Rayanne M. Lima,Mulher,Álvaro Getúlio Medeiros,Homem,1
Danielo G. Gomes,Homem,Emanuel Coutinho,Homem,1
Danielo G. Gomes,Homem,José Neuman de Souza,Homem,1
Danielo G. Gomes,Homem,Leonardo Moreira,Homem,2
Danielo G. Gomes,Homem,Maurício M. Neto,Homem,1
Danielo G. Gomes,Homem,Michelle G. Cacais,Mulher,1
Danielo G. Gomes,Homem,Weslley L. Caldas,Homem,1
Danilo Vasconcelos,Homem,Rossana Andrade,Mulher,1
Danilo Vasconcelos,Homem,Valdenir Severino,Homem,1
Dannylo Johnathan,Homem,Mário Melo,Homem,1
Dannylo Johnathan,Homem,Rafael Queiroz,Homem,1
Dante A. C. Barone,Homem,Guilherme W. P. dos Santos,Homem,1
Dante A. C. Barone,Homem,Ives C. Passos,Homem,1
Dante A. C. Barone,Homem,Leonardo F. B. S. Carvalho,Homem,1
Danyllo W. Albuquerque,Homem,Gabrielly de S. Lima,Mulher,1
Danyllo W. Albuquerque,Homem,Maelly K. V. de Sousa,Mulher,2
Danyllo W. Albuquerque,Homem,Mirko Perkusich,Homem,1
Danyllo W. Albuquerque,Homem,Mirna C. O. Maia,Mulher,2
Danyllo W. Albuquerque,Homem,Raquel B. Leal,Mulher,3
Dariane Abich,Mulher,Moraes Neto,Homem,1
Dariane Abich,Mulher,Rafael Parizi,Homem,2
Darlan Eziquiel Felisberto da Silva,Homem,Karina Wiechork,Mulher,1
Darlan Eziquiel Felisberto da Silva,Homem,Marco Antoni,Homem,1
Dauan Ghisleni Zolinger,Homem,Laura Quevedo Jurginal,Mulher,1
Dauan Ghisleni Zolinger,Homem,Leomar Soares da Rosa Júnior,Homem,1
Dauan Ghisleni Zolinger,Homem,Marilton Sanchotene de Aguiar,Homem,1
Davi Romero de Vasconcelos,Homem,Maria Viviane Menezes,Mulher,1
Davi Romero de Vasconcelos,Homem,Robson Teixeira Paula,Homem,1
Davi Santos,Homem,Jéssica Mendes,Mulher,1
Davi Santos,Homem,Luis Rivero,Homem,1
Davi Santos,Homem,Rodrigo Santos,Homem,1
Davi Viana,Homem,Felipe Silva,Homem,1
Davi Viana,Homem,Flávia Carvalho,Mulher,1
Davi Viana,Homem,Flávio E. A. Horita,Homem,1
Davi Viana,Homem,Francisco A. Silva,Homem,1
Davi Viana,Homem,Gabriel Costa,Homem,1
Davi Viana,Homem,Inaldo Costa,Homem,1
Davi Viana,Homem,João B. Bottentuit Junior,Homem,1
Davi Viana,Homem,Luis Rivero,Homem,4
Davi Viana,Homem,Mohamad Kassab,Homem,1
Davi Viana,Homem,Rodrigo P. dos Santos,Homem,1
Davi Viana,Homem,Sebastião Santos,Homem,1
Davi Viana,Homem,Tercio Sousa,Homem,1
Davi Viana,Homem,Valdemar V. Graciano Neto,Homem,1
David B. F. Oliveira,Homem,Elaine H. T. Oliveira,Mulher,1
David B. F. Oliveira,Homem,Filipe Dwan Pereira,Homem,1
David B. F. Oliveira,Homem,Leandro S. G. Carvalho,Homem,1
David C. P. da Cunha,Homem,José C. F. M. Júnior,Homem,1
David Coelho dos Santos,Homem,João Carlos Xavier Júnior,Homem,1
David Macedo,Homem,Paulo F. C. Barbosa,Homem,1
David Macedo,Homem,Renato M. de Moraes,Homem,1
David Menotti,Homem,Rayson Laroca,Homem,1
David Moises Barreto dos Santos,Homem,Luiz Otávio Ramos Gavaza,Homem,1
David Moises Barreto dos Santos,Homem,Láıs do Nascimento Salvador,Mulher,1
David de M. Borges,Homem,Hilson G. V. de Andrade,Homem,1
David de M. Borges,Homem,João Lucas A. de Albuquerque,Homem,1
David de M. Borges,Homem,Leandro H. C. Bernardes,Homem,1
David de M. Borges,Homem,Luis Marcel G. A. de Almeida,Homem,1
Davy M. S. Gomes,Homem,Fernanda Castelo Branco Santana,Mulher,1
Davy M. S. Gomes,Homem,Fernanda Silveira,Mulher,1
Davy M. S. Gomes,Homem,Igo Amauri S. Luz,Homem,1
Davy M. S. Gomes,Homem,Luciano T. Silva,Homem,1
Davy M. S. Gomes,Homem,Rebeca dos Santos,Mulher,1
Dayvson Sales,Homem,Fábio J. Coutinho,Homem,1
Dayvson Sales,Homem,John Davi D. C. Pires,Homem,1
Dayvson Sales,Homem,Rebeca de Jesus Brandão,Mulher,1
Dayvson Sales,Homem,Samuel Lucas V. L. Barbosa,Homem,1
Dayvson Sales,Homem,Victor Accete,Homem,1
Dayvson Sales,Homem,Wagner Fontes,Homem,1
Deivid Eive Silva,Homem,Marialina Corrêa Sobrinho,Mulher,1
Deivid Eive Silva,Homem,Natasha Malveira C. Valentim,Mulher,1
Deivid Eive dos S. Silva,Homem,Guilherme Corredato Guerino,Homem,1
Deivid Eive dos S. Silva,Homem,Natasha Malveira C. Valentim,Mulher,1
Delano Maia,Homem,Emanuel Coutinho,Homem,1
Delano Maia,Homem,Wagner Braga Bezerra,Homem,1
Denilson Souza Bélo,Homem,Edson Midorikawa,Homem,1
Denilson Souza Bélo,Homem,Liria M. Sato,Mulher,1
Denis Carvalho,Homem,Fábio Martins,Homem,1
Denis Carvalho,Homem,Ricardo Pimentel,Homem,1
Denis G. Fantinato,Homem,Lucas F. Muniz,Homem,1
Denis Rosário,Homem,Derian Sobral,Homem,1
Denis Rosário,Homem,Eduardo Cerqueira,Homem,9
Denis Rosário,Homem,Eduardo Lima,Homem,1
Denis Rosário,Homem,Eduardo Nogueira,Homem,1
Denis Rosário,Homem,Elen Lobato,Mulher,1
Denis Rosário,Homem,Felipe Araújo,Homem,2
Denis Rosário,Homem,Francisco da Ponte,Homem,1
Denis Rosário,Homem,Fábio Araújo,Homem,1
Denis Rosário,Homem,Gabriel Galdino,Homem,1
Denis Rosário,Homem,Geam Pfeiff,Homem,1
Denis Rosário,Homem,Gilmar Moraes,Homem,1
Denis Rosário,Homem,Helder Oliveira,Homem,7
Denis Rosário,Homem,Hugo Santos,Homem,1
Denis Rosário,Homem,Iago Medeiros,Homem,1
Denis Rosário,Homem,Jean Moraes,Homem,2
Denis Rosário,Homem,Joaquim Celestino Jr,Homem,1
Denis Rosário,Homem,Leonardo Marques,Homem,1
Denis Rosário,Homem,Lucas B. Oliveira,Homem,1
Denis Rosário,Homem,Maria Tostes,Mulher,2
Denis Rosário,Homem,Nagib Matni,Homem,1
Denis Rosário,Homem,Paulo Eugênio,Homem,1
Denis Rosário,Homem,Rafael Gomes,Mulher,1
Denis Rosário,Homem,Rafael Lopes,Homem,2
Denis Rosário,Homem,Renato Mota,Homem,1
Denis Rosário,Homem,Stefany Pinheiro,Mulher,2
Denis Rosário,Homem,Ubiratan Bezerra,Homem,2
Denis Rosário,Homem,Wanderson Modesto,Homem,1
Denise Goya,Mulher,Lara Tenore,Mulher,1
Denise Goya,Mulher,Lidia Ferreira,Mulher,1
Denise Goya,Mulher,Maria Eduarda Brandão,Mulher,1
Denise Goya,Mulher,Melissa Lins,Mulher,1
Denise Goya,Mulher,Poliana Ferreira,Mulher,1
Denise Goya,Mulher,Rafaela V. Rocha,Mulher,1
Denise Goya,Mulher,Rosimeire Santana,Mulher,1
Denise Goya,Mulher,Sara B. O. G. Carturan,Mulher,1
Denise Siloto,Mulher,Elisa Rocha,Mulher,1
Denise Siloto,Mulher,Flávia Villela,Mulher,1
Denise Siloto,Mulher,Francisco Campos,Homem,1
Denise Siloto,Mulher,Gabriel SantClair,Homem,1
Denise Siloto,Mulher,Janaina Gomide,Mulher,1
Denise Siloto,Mulher,Julia Godinho,Mulher,1
Denise Siloto,Mulher,Júlia Marotti,Mulher,1
Denise Siloto,Mulher,Laura Emmanuella de Oliveira,Mulher,1
Denise Siloto,Mulher,Milena Estanislau,Mulher,1
Denise Siloto,Mulher,Tabatta Martins,Mulher,1
Denise Siloto,Mulher,Valeria Nunes Belmonte,Mulher,1
Denizar S. Souza,Homem,Rodrigo R. da Silva,Homem,1
Denizar S. Souza,Homem,Thales V. Maciel,Homem,1
Denizar S. Souza,Homem,Vinícius do N. Lampert,Homem,1
Derian Sobral,Homem,Fábio Araújo,Homem,1
Derian Sobral,Homem,Helder Oliveira,Homem,1
Derian Sobral,Homem,Stefany Pinheiro,Mulher,1
Derivaldo Machado da Silva,Homem,Viviane Almeida dos Santos,Mulher,1
Deógenes Silva Junior,Homem,Roberto Pereira,Homem,1
Diana Sasaki,Mulher,Ingrid Borchert,Mulher,1
Diana Sasaki,Mulher,Marcus T. Costa,Homem,1
Diana Sasaki,Mulher,Mariana M. F. da Cruz,Mulher,1
Diana Sasaki,Mulher,Matheus N. Adauto,Homem,1
Diana Sasaki,Mulher,Mauro N. Alves Junior,Homem,1
Diana Sasaki,Mulher,Mauro Nigro,Homem,2
Diana Sasaki,Mulher,Sérgio Fusquino,Homem,1
Diane Castonguay,Mulher,Luis Kowada,Homem,1
Diane Rosa da Silva,Mulher,Giovanna Mara Paes Franco,Mulher,1
Diane Rosa da Silva,Mulher,Luana Arfux de Castro Nogueira,Mulher,1
Diane Rosa da Silva,Mulher,Marcia Ferreira Cristaldo,Mulher,1
Diane Rosa da Silva,Mulher,Maria Eduarda Alves Barbosa,Mulher,1
Diane Rosa da Silva,Mulher,Marta Luzzi,Mulher,1
Diane Rosa da Silva,Mulher,Nayara Arruda Cunha,Mulher,1
Diego Carvalho,Homem,Leonardo Rocha,Homem,2
Diego Carvalho,Homem,Nícollas Silva,Homem,2
Diego Carvalho,Homem,Tiago Trotta,Homem,1
Diego Castro,Homem,Filipe C. Fernandes,Homem,1
Diego F. Pedroso,Homem,Emerson R. A. Barea,Homem,1
Diego F. Pedroso,Homem,Hermes Senger,Homem,1
Diego F. Silva,Homem,Gustavo E. A. P. A. Batista,Homem,1
Diego Hoss,Homem,Gil Andrade,Homem,2
Diego Hoss,Homem,Jonatas Nascimento,Homem,1
Diego Hoss,Homem,Josepher Silva,Homem,1
Diego Hoss,Homem,Lana Gomes,Mulher,1
Diego Hoss,Homem,Levy Silva,Homem,1
Diego Hoss,Homem,Roberta Suero,Mulher,1
Diego Jonathan Hoss,Homem,Gil Eduardo Andrade,Homem,1
Diego L. Cardoso,Homem,Igor W. A. Falcão,Homem,3
Diego L. Cardoso,Homem,Marcos C. R. Seruffo,Homem,2
Diego L. Cardoso,Homem,Paulo H. A. Pereira,Homem,2
Diego L. Cardoso,Homem,Rafael F. Vieira,Homem,3
Diego L. Cardoso,Homem,Rita de C. P. Cunha,Mulher,1
Diego Lisboa Cardoso,Homem,Diego de Lemos Brito da Silva,Homem,1
Diego Lisboa Cardoso,Homem,Fernando Augusto Ribeiro Costa,Homem,1
Diego Lisboa Cardoso,Homem,Flávio Rafael Trindade Moura,Homem,1
Diego Lisboa Cardoso,Homem,Harold Dias de Mello Junior,Homem,1
Diego Lisboa Cardoso,Homem,Karla Tereza Figueiredo Leite,Mulher,1
Diego Lisboa Cardoso,Homem,Marcos César da Rocha Seruffo,Homem,1
Diego Nunes Noceli,Homem,Matheus de Freitas Oliveira Baffa,Homem,1
Diego P. P. Mesquita,Homem,João P. P. Gomes,Homem,1
Diego P. Rubert,Homem,Eloi Araujo,Homem,1
Diego P. Rubert,Homem,Fábio H. V. Martinez,Homem,2
Diego P. Rubert,Homem,Helmuth O. M. Silva,Homem,1
Diego P. Rubert,Homem,Jens Stoye,Homem,1
Diego Rangel Piranga Costa,Homem,Phablo F. S. Moura,Homem,1
Diego Rangel Piranga Costa,Homem,Vinicius Fernandes dos Santos,Homem,1
Diego Ximenes,Homem,Edmundo de Souza e Silva,Homem,1
Diego Ximenes,Homem,Gabriel Mendonça,Homem,1
Diego Ximenes,Homem,Gustavo H. A. Santos,Homem,1
Diego Ximenes,Homem,Rosa M.M. Leão,Mulher,1
Diego Zabot,Homem,Ecivaldo de Souza Matos,Homem,2
Diego Zabot,Homem,Gracielle Oliveira Tavares,Mulher,2
Diego Zabot,Homem,Juliana M. Oliveira dos Santos,Mulher,2
Diego Zabot,Homem,Leonardo Azevedo,Homem,1
Diego de Lemos Brito da Silva,Homem,Fernando Augusto Ribeiro Costa,Homem,1
Diego de Lemos Brito da Silva,Homem,Flávio Rafael Trindade Moura,Homem,1
Diego de Lemos Brito da Silva,Homem,Harold Dias de Mello Junior,Homem,1
Diego de Lemos Brito da Silva,Homem,Karla Tereza Figueiredo Leite,Mulher,1
Diego de Lemos Brito da Silva,Homem,Marcos César da Rocha Seruffo,Homem,1
Dierli M. da R. Maschio,Homem,Jean Patric da Costa,Homem,1
Dierli M. da R. Maschio,Homem,Marcelo Teixeira,Homem,1
Dilma Da Silva,Mulher,Edison Ishikawa,Homem,1
Dilma Da Silva,Mulher,Ian Nery Bandeira,Homem,1
Dilma Da Silva,Mulher,Marcelo Mandelli,Homem,1
Dilma Da Silva,Mulher,Maristela Holanda,Mulher,2
Dilson José Lins Rabêlo Júnior,Homem,Luis Alves dos Santos Neto,Homem,1
Diogo Lima Silva,Homem,Julio Cezar Silva,Homem,1
Diogo M. F. Mattos,Homem,Tadeu N. Ferreira,Homem,1
Diogo Menezes Ferrazani Mattos,Homem,Luiz Claudio Schara Magalhães,Homem,1
Diórgenes Y. L. da Rosa,Homem,Ricardo B. Almeida,Homem,1
Diórgenes Y. L. da Rosa,Homem,Roger Machado,Homem,1
Domingos Sávio Ferreira de Melo,Homem,Emanuel Ferreira Coutinho,Homem,1
Dorgival Guedes,Homem,Nestor D. O. Volpini,Homem,2
Dorgival Guedes,Homem,Raphael L. Pontes,Homem,1
Dorgival Guedes,Homem,Vinicius S. Conceição,Homem,2
Dorgival da Silva Pereira Netto,Homem,Francesco Pagani Galvão,Homem,1
Dorgival da Silva Pereira Netto,Homem,Luiz Felipe de Souza Jimenez,Homem,1
Dorgival da Silva Pereira Netto,Homem,Renan Augusto Monteiro Duarte,Homem,1
Douglas Almonfrey,Homem,Felippe Mendonça de Queiroz,Homem,1
Douglas Almonfrey,Homem,Pedro Vinicius dos Santos Custodio,Homem,1
Douglas Almonfrey,Homem,Raquel Frizera Vassallo,Mulher,1
Douglas Almonfrey,Homem,Wagner Augusto Aranda Cotta,Homem,1
Douglas Cordeiro,Homem,Maicon Lima,Homem,1
Douglas Cordeiro,Homem,Melque Henrique Castro,Homem,1
Douglas Cordeiro,Homem,Nubia Rosa da Silva,Mulher,1
Douglas Cordeiro,Homem,Thiago Leite,Homem,1
Douglas F. Pereira,Homem,Marcelo de Souza Júnior,Homem,2
Douglas F. Pereira,Homem,Pedro H. Bugatti,Homem,2
Douglas F. Pereira,Homem,Priscila T. M. Saito,Mulher,2
Douglas F. Pereira,Homem,Rafael S. Bressan,Homem,2
Douglas Farias Cordeiro,Homem,Kátia Kelvis Cassiano,Mulher,1
Douglas Farias Cordeiro,Homem,Nubia Rosa da Silva,Mulher,1
Douglas Lima,Homem,Igor Dantas,Homem,1
Douglas Lima,Homem,Jose Neto,Homem,1
Douglas Lima,Homem,Lourival Neto,Homem,1
Douglas Lima,Homem,Lucas Silva,Homem,1
Douglas Lima,Homem,Thaíse Costa,Mulher,1
Douglas Siqueira,Homem,Francisco A. Silva,Homem,1
Douglas Siqueira,Homem,Paulo A. L. Rego,Homem,1
Douglas Siqueira,Homem,Paulo H. Rocha,Homem,1
Douglas Siqueira,Homem,Tomaz Bisneto,Homem,1
Dyego Carlos Sales de Morais,Homem,Flávia Mendes de Andrade e Peres,Mulher,1
Dyego Carlos Sales de Morais,Homem,Patrícia Cabral de Azevedo Restelli Tedesco,Mulher,1
Dyego Carlos Sales de Morais,Homem,Taciana Pontual Falcão,Mulher,1
Débora Abdalla,Mulher,Juliana M. Oliveira dos Santos,Mulher,1
Débora Abdalla Santos,Mulher,Emilly Tifanny Santos Conceição de Oliveira,Mulher,1
Débora Abdalla Santos,Mulher,Juliana M. Oliveira dos Santos,Mulher,2
Débora Abdalla Santos,Mulher,Karen A. dos S. Pereira,Mulher,1
Débora Guerra de S. Guinati,Mulher,Renata Luiza da Costa,Mulher,1
Débora Guerra de S. Guinati,Mulher,Stéfany de Castro Souza,Mulher,1
Débora Juliane Guerra Marques da Silva,Mulher,Graziela Ferreira Guarda,Mulher,1
Débora Juliane Guerra Marques da Silva,Mulher,Ione Ferrarini Goulart,Mulher,1
Débora Maria Barroso Paiva,Mulher,Gênesis Medeiros do Carmo,Homem,1
Débora Maria Barroso Paiva,Mulher,Maria Istela Cagnin,Mulher,1
Débora Maria Barroso Paiva,Mulher,Michele dos Santos Soares,Mulher,1
Débora Mattos,Mulher,Fabrícia Damando Santos,Mulher,1
Débora Mattos,Mulher,Luana Sperling Santana,Mulher,1
Débora Zumpichiatti,Mulher,Gabriel SantClair,Homem,1
Débora Zumpichiatti,Mulher,Janaina Gomide,Mulher,2
Débora Zumpichiatti,Mulher,João Pinheiro,Homem,1
Débora Zumpichiatti,Mulher,João Victor Moreira,Homem,1
Débora Zumpichiatti,Mulher,Julia Godinho,Mulher,1
Débora Zumpichiatti,Mulher,Yuri Guedes ,Homem,1
Déborah Kosak Klagenberg,Mulher,Kemely Kedny Pezzini,Mulher,1
Déborah Kosak Klagenberg,Mulher,Letícia Hümmelgen,Mulher,1
Déborah Kosak Klagenberg,Mulher,Nágila Cristina Hinckel,Mulher,1
Déborah Kosak Klagenberg,Mulher,Thainá Schroeder Ribeiro,Mulher,1
Ecivaldo Matos,Homem,Jean C. S. Rosa,Homem,1
Ecivaldo Matos,Homem,Jean Rosa,Homem,1
Ecivaldo Matos,Homem,Luana Carneiro,Mulher,1
Ecivaldo Matos,Homem,Marlo Souza,Homem,1
Ecivaldo de Souza Matos,Homem,Gracielle Oliveira Tavares,Mulher,2
Ecivaldo de Souza Matos,Homem,Juliana M. Oliveira dos Santos,Mulher,2
Ecivaldo de Souza Matos,Homem,Leonardo Azevedo,Homem,1
Ecivaldo de Souza Matos,Homem,Monica de Sousa Massa,Mulher,1
Edelberto Franco,Homem,Frederico O. Sales,Homem,1
Edgar Oliveira,Homem,Helen Ferreira,Mulher,1
Edgar Oliveira,Homem,Reinaldo B. Braga,Homem,1
Edgar Oliveira,Homem,Roberto A. Bittencourt,Homem,1
Ediana da Silva de Souza,Mulher,Isabela Gasparini,Mulher,1
Ediana da Silva de Souza,Mulher,Milene Selbach Silveira,Mulher,1
Ediana da Silva de Souza,Mulher,Rebeca Schroeder,Mulher,1
Ediana da Silva de Souza,Mulher,Simone Diniz Junqueira Barbosa,Mulher,1
Ediana da Silva de Souza,Mulher,Êrica Peters do Carmo,Mulher,1
Edilaine Santiago de Oliveira,Mulher,Pryscilla de Sousa Pereira,Mulher,1
Edilaine Santiago de Oliveira,Mulher,Ramires do Nascimento Moreira,Homem,1
Edimar Bauer,Homem,Saulo Queiroz,Homem,1
Edimar Roque Martello Junior,Homem,Ricardo Parizotto,Homem,1
Edio Roberto Manfio,Homem,Fabiane Cristina Altino,Mulher,1
Edio Roberto Manfio,Homem,Fábio Carlos Moreno,Homem,2
Edio Roberto Manfio,Homem,Marcelo Ozawa de Sousa,Homem,1
Edio Roberto Manfio,Homem,Maria Renata de Mira Gobbo,Mulher,1
Edison Ishikawa,Homem,Marcelo Mandelli,Homem,1
Edison Ishikawa,Homem,Maristela Holanda,Mulher,1
Edleno Silva de Moura,Homem,Gabriel Jordão,Homem,1
Edleno Silva de Moura,Homem,Gustavo Barreto Maia,Homem,1
Edleno Silva de Moura,Homem,Rafael Costa,Homem,1
Edmilson Barbalho C. Neto,Homem,Kadja Alleska S. de Lima,Mulher,1
Edmundo de Souza e Silva,Homem,Gabriel Mendonça,Homem,1
Edmundo de Souza e Silva,Homem,Gustavo H. A. Santos,Homem,1
Edmundo de Souza e Silva,Homem,Rosa M.M. Leão,Mulher,1
Edna Canedo,Mulher,Maristela Holanda,Mulher,1
Edna Canedo,Mulher,Mirella M. Moro,Mulher,1
Edna Canedo,Mulher,Roberta B. Oliveira,Mulher,1
Ednara Pereira,Mulher,Fernando Leite,Homem,1
Ednara Pereira,Mulher,Gabriel Cardoso,Homem,1
Ednara Pereira,Mulher,Geraldo Braz Junior,Homem,1
Ednara Pereira,Mulher,Igor Estrela,Homem,1
Ednara Pereira,Mulher,Luis Rivero,Homem,1
Edson Borin,Homem,Juliana F. Borin,Mulher,1
Edson Borin,Homem,Láıs V. Minchillo,Mulher,1
Edson L. Padoin,Homem,Jairo Panetta,Homem,1
Edson L. Padoin,Homem,Matheus da Silva Serpa,Homem,1
Edson L. Padoin,Homem,Pablo José Pavan,Homem,1
Edson L. Padoin,Homem,Philippe O. A. Navaux,Homem,2
Edson L. Padoin,Homem,Vinicius R. S. dos Santos,Homem,1
Edson L. Padoin,Homem,Víctor Martínez,Homem,1
Edson M. da Costa,Homem,Jailton W. Tavares,Homem,1
Edson M. da Costa,Homem,Patrícia P. Diniz,Mulher,1
Edson M. da Costa,Homem,Renato H. Torres,Homem,1
Edson M. da Costa,Homem,Wallyson O. das Mecês,Homem,1
Edson Midorikawa,Homem,Felipe V. de Almeida,Homem,1
Edson Midorikawa,Homem,Liria M. Sato,Mulher,2
Edson Midorikawa,Homem,Tatiana T. Torres,Mulher,1
Edson N. Cáceres,Homem,Rafael F. Schmid,Homem,1
Edson Neto,Homem,Julio Furtado,Homem,1
Edson OliveiraJr,Homem,Giovanna Bettin,Mulher,1
Edson OliveiraJr,Homem,Gislaine C. L. Leal,Mulher,1
Edson OliveiraJr,Homem,João Choma Neto,Homem,1
Edson OliveiraJr,Homem,Julio B. Herculani,Homem,1
Edson OliveiraJr,Homem,Marcelo Y. Shigenaga,Homem,1
Edson OliveiraJr,Homem,Renato Balancieri,Homem,1
Edson OliveiraJr,Homem,Simone R. S. Souza,Mulher,1
Edson OliveiraJr,Homem,Thelma E. Colanzi,Mulher,2
Eduarda Chagas,Mulher,Gabriel Costa,Homem,1
Eduarda Chagas,Mulher,Kennedy Nunes,Homem,1
Eduarda Chagas,Mulher,Luis Rivero,Homem,1
Eduarda Chagas,Mulher,Ricardo Anchieta,Homem,1
Eduarda Chagas,Mulher,Simara Rocha,Mulher,1
Eduarda T. C. Chagas,Mulher,Heitor S. Ramos,Homem,1
Eduardo A. da Silva,Homem,Elieser Ademir de Jesus,Homem,1
Eduardo A. da Silva,Homem,Natália Ellery Ribeiro Couto,Mulher,1
Eduardo A. da Silva,Homem,Pedro B. Velloso,Homem,1
Eduardo Abreu,Homem,Gerson Cavalheiro,Homem,1
Eduardo Abreu,Homem,João Lopes,Homem,1
Eduardo C. Almeida,Homem,Erick Takeshi Moraes,Homem,1
Eduardo C. Almeida,Homem,Larissa Mukuno,Mulher,1
Eduardo C. Almeida,Homem,Paulo R. L. de Almeida,Homem,1
Eduardo C. Almeida,Homem,Rafael Mansur Haddad,Homem,1
Eduardo C. Xavier,Homem,Flávio K. Miyazawa,Homem,1
Eduardo C. Xavier,Homem,Pedro Amorim,Homem,1
Eduardo Cambruzzi,Homem,Jessica de S. Santana,Mulher,1
Eduardo Candido Xavier,Homem,Flávio K. Miyazawa,Homem,1
Eduardo Cerqueira,Homem,Eduardo Lima,Homem,1
Eduardo Cerqueira,Homem,Eduardo Nogueira,Homem,1
Eduardo Cerqueira,Homem,Elen Lobato,Mulher,1
Eduardo Cerqueira,Homem,Felipe Araújo,Homem,2
Eduardo Cerqueira,Homem,Geam Pfeiff,Homem,1
Eduardo Cerqueira,Homem,Gilmar Moraes,Homem,1
Eduardo Cerqueira,Homem,Helder Oliveira,Homem,6
Eduardo Cerqueira,Homem,Hugo Santos,Homem,1
Eduardo Cerqueira,Homem,Iago Medeiros,Homem,1
Eduardo Cerqueira,Homem,Jean Moraes,Homem,2
Eduardo Cerqueira,Homem,Leonardo Marques,Homem,1
Eduardo Cerqueira,Homem,Maria Tostes,Mulher,2
Eduardo Cerqueira,Homem,Nagib Matni,Homem,1
Eduardo Cerqueira,Homem,Paulo Eugênio,Homem,1
Eduardo Cerqueira,Homem,Rafael Lopes,Homem,2
Eduardo Cerqueira,Homem,Stefany Pinheiro,Mulher,1
Eduardo Cerqueira,Homem,Ubiratan Bezerra,Homem,2
Eduardo Cerqueira,Homem,Wanderson Modesto,Homem,1
Eduardo Cunha de Almeida,Homem,Eduardo Henrique Monteiro Pena,Homem,1
Eduardo Dos Santos Barbosa,Homem,Natália Dal Pizzol,Mulher,1
Eduardo Dos Santos Barbosa,Homem,Soraia Raupp Musse,Mulher,1
Eduardo E. Mosca,Homem,Francisco A. Rocha,Homem,1
Eduardo E. Mosca,Homem,Gabriel G. Silva,Homem,1
Eduardo E. Mosca,Homem,Rafael Gomes,Mulher,1
Eduardo F. Nakamura,Homem,Fabíola G. Nakamura,Mulher,1
Eduardo F. Nakamura,Homem,João Reis,Homem,1
Eduardo Ferreira Baroni,Homem,Gabriel Medina Braga,Homem,1
Eduardo Figueiredo,Homem,Maurício Souza,Homem,1
Eduardo Figueiredo,Homem,Renata Moreira,Mulher,1
Eduardo Grampín,Homem,Erika Rosas,Mulher,1
Eduardo Grampín,Homem,Javier Baliosian,Homem,1
Eduardo Grampín,Homem,Martín Gutiérrez,Homem,1
Eduardo Grampín,Homem,Nicolás Hidalgo,Homem,1
Eduardo Grampín,Homem,Paulo R. Coelho,Homem,1
Eduardo Grampín,Homem,Rafael Pasquini,Homem,1
Eduardo Grampín,Homem,Rodrigo S. Miani,Homem,1
Eduardo H. Teixeira,Homem,Joel J. P. C. Rodrigues,Homem,1
Eduardo H. Teixeira,Homem,Mateus Manuel,Homem,1
Eduardo H. Teixeira,Homem,Renan Costa,Homem,1
Eduardo H. Teixeira,Homem,Samuel B. Mafra,Homem,1
Eduardo H. Teixeira,Homem,Werner A. A. N. da Silveira,Homem,1
Eduardo Henrique,Homem,Jéssica Laisa,Mulher,2
Eduardo Henrique,Homem,Wendell Oliveira,Homem,1
Eduardo Henrique Molina da Cruz,Homem,Natani Gabrieli Boço Cavalcante,Mulher,1
Eduardo Henrique Molina da Cruz,Homem,Paulo César Gonçalves,Homem,1
Eduardo Henrique Molina da Cruz,Homem,Rodrigo Hübner,Homem,1
Eduardo Henrique da Silva Aranha,Homem,Kleber Tavares Fernandes,Homem,1
Eduardo Henrique da Silva Aranha,Homem,Márcia Jacyntha Nunes Rodrigues Lucena,Mulher,1
Eduardo Lima,Homem,Helder Oliveira,Homem,1
Eduardo Lima,Homem,Jean Moraes,Homem,1
Eduardo Lima,Homem,Nagib Matni,Homem,1
Eduardo M. Pereira,Homem,Fernando Vinturin,Homem,1
Eduardo M. Pereira,Homem,Guilherme A. Zimeo Morais,Homem,1
Eduardo M. Pereira,Homem,Maickel Hubner,Homem,1
Eduardo M. Pereira,Homem,Marcelo Santos,Homem,1
Eduardo Maroñas Monks,Homem,Guilherme Bayer Scheneider,Homem,1
Eduardo Maroñas Monks,Homem,Helida Santos,Mulher,1
Eduardo Maroñas Monks,Homem,Renata Hax Sander Reiser,Mulher,1
Eduardo Monks,Homem,Patrick Fernandes,Homem,1
Eduardo Monks,Homem,Renata Reiser,Mulher,1
Eduardo Monks,Homem,Renato Dilli,Homem,1
Eduardo Nogueira,Homem,Helder Oliveira,Homem,1
Eduardo Nogueira,Homem,Hugo Santos,Homem,1
Eduardo Nogueira,Homem,Leonardo Marques,Homem,1
Eduardo Nogueira,Homem,Paulo Eugênio,Homem,1
Eduardo P. M. Câmara Júnior,Homem,Luiz F. M. Vieira,Homem,1
Eduardo P. M. Câmara Júnior,Homem,Marcos A. M. Vieira,Homem,1
Eduardo Silva,Homem,Eduardo Spies,Homem,1
Eduardo Silva,Homem,Victor Alves,Homem,1
Eduardo Souto,Homem,Leandro Carvalho,Homem,1
Eduardo Spies,Homem,Victor Alves,Homem,1
Edvar Afonso L. Filho,Homem,Miguel Elias M. Campista,Homem,1
Efrem Lousada,Homem,Fátima Duarte-Figueiredo,Mulher,2
Efrem Lousada,Homem,Guilherme Silva,Homem,1
Efrem Lousada,Homem,Raquel Mini,Mulher,2
Egina Lima Martins,Mulher,Jarbas Nunes Vidal-Filho,Homem,1
Elaine H. T. Oliveira,Mulher,Filipe Dwan Pereira,Homem,1
Elaine H. T. Oliveira,Mulher,Leandro S. G. Carvalho,Homem,1
Elaine Oliveira,Mulher,Fabíola G. Nakamura,Mulher,1
Elaine Oliveira,Mulher,Leandro Carvalho,Homem,1
Elaine R. Faria,Mulher,Fabíola S. F. Pereira,Mulher,1
Elaine R. Faria,Mulher,Gina M. B. Oliveira,Mulher,1
Elaine R. Faria,Mulher,Maria Adriana V. Lima,Mulher,1
Elaine R. Faria,Mulher,Maria Camila N. Barioni,Mulher,1
Elaine R. Faria,Mulher,Mirella S. Junqueira,Mulher,1
Elaine Rangel Seixas,Mulher,Flávio Luiz Seixas,Homem,1
Elaine S. França,Mulher,Oto B. Assunção,Homem,1
Elaine S. França,Mulher,Raquel O. Prates,Mulher,1
Elaine Santos,Mulher,Tamires Rocha,Mulher,1
Elaine Santos,Mulher,Vilson Júnior,Homem,1
Elen Lobato,Mulher,Jean Moraes,Homem,1
Elen Lobato,Mulher,Maria Tostes,Mulher,1
Elen Lobato,Mulher,Ubiratan Bezerra,Homem,1
Eliana Almeida,Mulher,Ester de Lima Pontes Andrade,Mulher,2
Eliana Almeida,Mulher,Kamila Almeida Benevides,Mulher,2
Eliana Almeida,Mulher,Kelly Bianca Araujo Silva,Mulher,2
Eliana Almeida,Mulher,Letícia Medeiros,Mulher,1
Eliana Almeida,Mulher,Lilian Giselly Pereira Santos,Mulher,1
Eliana Almeida,Mulher,Luana Júlia Nunes Ferreira,Mulher,2
Eliana Almeida,Mulher,Natália de Assis Sousa,Mulher,2
Eliana Almeida,Mulher,Pedro H. Barros,Homem,1
Eliana Almeida,Mulher,Rebeca de Jesus Brandão,Mulher,1
Eliana Almeida,Mulher,Sunny Kelma Oliveira Miranda,Mulher,1
Eliane Pozzebon,Mulher,Francielli Freitas Moro,Mulher,1
Eliane Pozzebon,Mulher,Luciana Bolan Frigo,Mulher,1
Eliane Pozzebon,Mulher,Rafaela Oliveira Padilha,Mulher,1
Elieser Ademir de Jesus,Homem,Natália Ellery Ribeiro Couto,Mulher,1
Elis Hernandes,Mulher,João Choma Neto,Homem,1
Elis Hernandes,Mulher,Leo Natan Paschoal,Homem,1
Elis Hernandes,Mulher,Simone R. S. Souza,Mulher,1
Elisa Rocha,Mulher,Flávia Villela,Mulher,1
Elisa Rocha,Mulher,Francisco Campos,Homem,1
Elisa Rocha,Mulher,Gabriel SantClair,Homem,1
Elisa Rocha,Mulher,Isabel Dillmann Nunes,Mulher,1
Elisa Rocha,Mulher,Janaina Gomide,Mulher,1
Elisa Rocha,Mulher,Joicy Daliane Oliveira,Mulher,1
Elisa Rocha,Mulher,Julia Godinho,Mulher,1
Elisa Rocha,Mulher,Júlia Marotti,Mulher,1
Elisa Rocha,Mulher,Laura Emmanuella de Oliveira,Mulher,1
Elisa Rocha,Mulher,Milena Estanislau,Mulher,1
Elisa Rocha,Mulher,Soraya Medeiros,Mulher,1
Elisa Rocha,Mulher,Tabatta Martins,Mulher,1
Elisa Rocha,Mulher,Thayrone Santos,Homem,1
Elisa Rocha,Mulher,Valeria Nunes Belmonte,Mulher,1
Elisa Yumi Nakagawa,Mulher,João Paulo K. S. Nunes,Homem,1
Elisa Yumi Nakagawa,Mulher,Thiago Bianchi,Homem,1
Elisa Yumi Nakagawa,Mulher,Valdemar Neto,Homem,1
Elisa Yumi Nakagawa,Mulher,Wallace Manzano,Homem,1
Elisa de Fátima Andrade Soares,Mulher,Giovana Lorena Costa de Andrade,Mulher,1
Elisa de Fátima Andrade Soares,Mulher,Leonardo Bandeira de Lucena,Homem,1
Elisa de Fátima Andrade Soares,Mulher,Lígia Maria de Souza Dantas Batista,Mulher,1
Elisa de Fátima Andrade Soares,Mulher,Rommel Wladimir de Lima,Homem,1
Elisa de Fátima Andrade Soares,Mulher,Wilton Silva dos Santos Júnior,Homem,1
Elisa de Fátima Andrade Soares,Mulher,Álvaro Gabriel Gomes de Oliveira,Homem,1
Elisandra Silva,Mulher,Sandra Oliveira,Homem,1
Elisandra Silva,Mulher,Thais Sousa,Mulher,1
Eliseo Reategui,Homem,Fabiane Galafassi,Mulher,1
Eliseo Reategui,Homem,Rosa Vicari,Mulher,1
Eliseu Germano,Homem,Sergio Carvalho,Homem,1
Elison Nascimento,Homem,Enio Monteiro,Homem,1
Elison Nascimento,Homem,Sandra Oliveira,Homem,1
Elisângela Dias,Mulher,Talita Ferreira,Mulher,1
Ellen Polliana Ramos Souza,Mulher,Júlio César da Costa Lopes,Homem,1
Ellen Polliana Ramos Souza,Mulher,Paulo Mello da Silva,Homem,1
Ellen Polliana Ramos Souza,Mulher,Rildo de Cássio Estácio da Silva,Homem,1
Ellen Polliana Ramos Souza,Mulher,Romário Elias da Silva Santos,Homem,1
Ellen Polliana Ramos Souza,Mulher,Zildomar Carlos Felix,Homem,1
Elloá Guedes,Mulher,Giovana Lucca,Mulher,1
Elloá Guedes,Mulher,Juliany Raiol,Mulher,1
Elloá Guedes,Mulher,Nicoli Araújo,Mulher,1
Elloá Guedes,Mulher,Rafaela Sousa,Mulher,1
Elmo de Faria,Homem,Eunice Nunes,Mulher,1
Elmo de Faria,Homem,Fernando Magalhães,Homem,1
Elmo de Faria,Homem,Jonas Boechat,Homem,1
Elmo de Faria,Homem,Luciana Borges,Mulher,1
Elmo de Faria,Homem,Otávio Dantas,Homem,1
Eloi Araujo,Homem,Fábio H. V. Martinez,Homem,1
Eloi Araujo,Homem,Helmuth O. M. Silva,Homem,1
Eloi Favero,Homem,João Santos,Homem,1
Elton F. de S. Soares,Homem,Leonardo Teteo,Homem,1
Elton F. de S. Soares,Homem,Pedro Moura,Homem,1
Elverton Fazzion,Homem,Osvaldo Fonseca ,Homem,1
Elverton Fazzion,Homem,Welton Augusto Rodrigues Santos,Homem,1
Emanuel Coutinho,Homem,Ernesto Trajano,Homem,1
Emanuel Coutinho,Homem,Francisco Gomes,Homem,1
Emanuel Coutinho,Homem,Gabriel Paillard,Homem,1
Emanuel Coutinho,Homem,Italo Santos,Homem,1
Emanuel Coutinho,Homem,Jerffeson Souza,Homem,2
Emanuel Coutinho,Homem,José Neuman de Souza,Homem,1
Emanuel Coutinho,Homem,Leonardo Moreira,Homem,3
Emanuel Coutinho,Homem,Maurício M. Neto,Homem,2
Emanuel Coutinho,Homem,Saori Costa,Mulher,1
Emanuel Coutinho,Homem,Wagner Braga Bezerra,Homem,1
Emanuel F. C.,Homem,Fábio C. S. D.,Homem,1
Emanuel F. C.,Homem,Paulo Henrique M. A.,Homem,1
Emanuel F. C.,Homem,Wallesson C. S.,Homem,1
Emanuel Felipe Duarte,Homem,Josiane Rosa de Oliveira Gaia Pimenta,Mulher,2
Emanuel Felipe Duarte,Homem,Maria Cecilia Calani Baranauskas,Mulher,2
Emanuel Oliveira da Silva,Homem,Taciana Pontual Falcão,Mulher,1
Emanuel Rodrigues,Homem,Filipe Coelho,Homem,1
Emerson R. A. Barea,Homem,Hermes Senger,Homem,1
Emiliano S. Monteiro,Homem,Maria Eloisa Mignoni,Mulher,1
Emiliano S. Monteiro,Homem,Rafael Kunst,Homem,1
Emiliano S. Monteiro,Homem,Rodrigo R. Righi,Homem,1
Emilio Francesquini,Homem,Francisco Wallison Rocha,Homem,1
Emilly Tifanny Santos Conceição de Oliveira,Mulher,Juliana M. Oliveira dos Santos,Mulher,1
Emily M. Amorim,Mulher,Kelren da Silva Rodrigues,Mulher,1
Emily M. Amorim,Mulher,Nirlene P. da Costa,Mulher,1
Emmerson S. Rita,Homem,Jucimar B. Souza,Homem,1
Emmerson S. Rita,Homem,Marcelo C. Machado,Homem,1
Emmerson S. Rita,Homem,Pedro Pequeno,Homem,1
Emmerson Silva,Homem,Marcia Martins,Mulher,1
Emmerson Silva,Homem,Miguel Oliveira,Homem,2
Emmerson Silva,Homem,Neila Xavier,Mulher,1
Emmilly Raianny Bezerra Ferreira,Mulher,Marcos Nascimento Júnior,Homem,1
Emmilly Raianny Bezerra Ferreira,Mulher,Maria Laysa Meneses da Silva,Mulher,1
Emmilly Raianny Bezerra Ferreira,Mulher,Mariana Marques Ferreira,Mulher,1
Emmilly Raianny Bezerra Ferreira,Mulher,Maurício Rabello Silva,Homem,1
Enio Monteiro,Homem,Sandra Oliveira,Homem,1
Enio Pimenta,Homem,Leonardo Medeiros,Homem,1
Enio Pimenta,Homem,Marcos Costa,Homem,1
Enio Pimenta,Homem,Taígo Pedrosa,Homem,1
Eric Hans M. da Silva,Homem,João Laterza,Homem,1
Eric Hans M. da Silva,Homem,Maristela Holanda,Mulher,1
Eric Hans M. da Silva,Homem,Roberta B. Oliveira,Mulher,1
Erica Gallindo,Mulher,Reinaldo B. Braga,Homem,1
Erica Gallindo,Mulher,Silas Pereira,Homem,1
Erick Gomez-Nieto,Homem,Luis Gustavo Nonato,Homem,1
Erick Hostin,Homem,Ivo Riegel,Homem,1
Erick Hostin,Homem,Jefferson Chaves,Homem,1
Erick Hostin,Homem,Jeliel Braz,Homem,1
Erick Hostin,Homem,Marcio Piffer,Homem,1
Erick Hostin,Homem,Yuri Salvador,Homem,1
Erick T. A. Silva,Homem,Melise M. V. Paula,Mulher,1
Erick T. A. Silva,Homem,Rafael M. D.,Homem,1
Erick T. A. Silva,Homem,Vanessa C. O. Souza,Mulher,1
Erick Takeshi Moraes,Homem,Larissa Mukuno,Mulher,1
Erick Takeshi Moraes,Homem,Rafael Mansur Haddad,Homem,1
Erickson R. Nascimento,Homem,João P. M. Ferreira,Homem,1
Erickson R. Nascimento,Homem,Mario F. M. Campos,Homem,1
Erickson R. Nascimento,Homem,Michel M. Silva,Homem,1
Erickson R. Nascimento,Homem,Renato Martins,Homem,1
Erika Coelho,Mulher,Márcia R. Cappelle,Mulher,1
Erika Coelho,Mulher,Otávio S. Mortosa,Homem,1
Erika Rosas,Mulher,Javier Baliosian,Homem,1
Erika Rosas,Mulher,Martín Gutiérrez,Homem,1
Erika Rosas,Mulher,Nicolás Hidalgo,Homem,1
Erika Rosas,Mulher,Paulo R. Coelho,Homem,1
Erika Rosas,Mulher,Rafael Pasquini,Homem,1
Erika Rosas,Mulher,Rodrigo S. Miani,Homem,1
Erlandson F. Saraiva,Homem,Guilherme G. Souza,Homem,1
Erlandson F. Saraiva,Homem,Ricardo R. Santos,Homem,1
Ermeson Andrade,Homem,Ewerton Queiroz,Homem,1
Ermeson Andrade,Homem,Francisco Airton Silva,Homem,1
Ermeson Andrade,Homem,Gabriel Alves,Homem,1
Ermeson Andrade,Homem,Gustavo Callou,Homem,1
Ermeson Andrade,Homem,Jorge Macêdo,Homem,1
Ermeson Andrade,Homem,Júlio Mendonça,Homem,2
Ermeson Andrade,Homem,Valdir Carvalho,Homem,1
Ermeson Andrade,Homem,Vicente Carvalho,Homem,1
Ermeson Andrade,Homem,Viviane Vasconcelos,Mulher,1
Ermeson Andrade,Homem,Wilson Medeiros,Homem,1
Ernane Martins,Homem,Luís Gouveia,Homem,2
Ernesto Trajano,Homem,Italo Santos,Homem,1
Esdras Bispo Jr.,Homem,Franciny Barreto,Mulher,1
Esdras Bispo Jr.,Homem,Liliane S. S. Fonseca,Mulher,1
Esdras Bispo Jr.,Homem,Lucas Costa,Homem,1
Esdras Bispo Jr.,Homem,Rafael Andrade,Homem,1
Esdras Bispo Jr.,Homem,Simone C. Santos,Mulher,1
Esteban Clua,Homem,Thiago Porcino,Homem,1
Estela Miranda Batista,Mulher,Gláucia Braga e Silva,Mulher,1
Estela Miranda Batista,Mulher,Thais Regina de Moura Braga Silva,Mulher,1
Estephane Mendes,Mulher,Giovanna Pavani,Mulher,1
Estephane Mendes,Mulher,Karla Silva,Mulher,1
Estephane Mendes,Mulher,Katia Salles,Mulher,1
Estephane Mendes,Mulher,Luis Rivero,Homem,1
Estephane Mendes,Mulher,Nathasha Pinto,Mulher,1
Estephane Mendes,Mulher,Raimundo Neto,Homem,1
Ester de Lima Pontes Andrade,Mulher,Kamila Almeida Benevides,Mulher,2
Ester de Lima Pontes Andrade,Mulher,Kelly Bianca Araujo Silva,Mulher,2
Ester de Lima Pontes Andrade,Mulher,Letícia Medeiros,Mulher,1
Ester de Lima Pontes Andrade,Mulher,Lilian Giselly Pereira Santos,Mulher,1
Ester de Lima Pontes Andrade,Mulher,Luana Júlia Nunes Ferreira,Mulher,2
Ester de Lima Pontes Andrade,Mulher,Natália de Assis Sousa,Mulher,2
Ester de Lima Pontes Andrade,Mulher,Rebeca de Jesus Brandão,Mulher,1
Ester de Lima Pontes Andrade,Mulher,Sunny Kelma Oliveira Miranda,Mulher,1
Esther Luna Colombini,Mulher,Rafael Anicet Zanini,Homem,1
Esther Pacitti,Mulher,Rodrigo A. P. Silva,Homem,1
Esther Pacitti,Mulher,Yuri Frota,Homem,1
Estêvão Bissoli Saleme,Homem,George Ghinea,Homem,1
Eudes de Souza Campos,Homem,Tiago do Carmo Nogueira,Homem,1
Eunice Nunes,Mulher,Fernando Magalhães,Homem,1
Eunice Nunes,Mulher,Jonas Boechat,Homem,1
Eunice Nunes,Mulher,Luciana Borges,Mulher,1
Eunice Nunes,Mulher,Otávio Dantas,Homem,1
Eunice Pereira dos Santos Nunes,Mulher,Karla de Souza e Silva,Mulher,1
Everton Cavalcante,Homem,Felipe Rocha,Homem,2
Everton Cavalcante,Homem,Jorge Pereira,Homem,1
Everton Cavalcante,Homem,José Gameleira Neto,Homem,1
Everton Cavalcante,Homem,João Victor Lopes,Homem,1
Everton Cavalcante,Homem,Luís Felipe Santos,Homem,1
Everton Cavalcante,Homem,Oswaldo de Oliveira,Homem,1
Everton Cavalcante,Homem,Pedro Victor Silva,Homem,1
Everton Cavalcante,Homem,Sâmela Ferreira,Mulher,1
Everton Cavalcante,Homem,Thais Batista,Mulher,4
Everton Oliveira,Homem,Henrique Ferreira,Homem,1
Everton Oliveira,Homem,Joelson Araújo,Homem,1
Everton Oliveira,Homem,Patricia Moser,Mulher,1
Evilasio Costa Junior,Homem,Leonardo Rocha,Homem,1
Evilasio Costa Junior,Homem,Rafael Gomes,Mulher,1
Evilasio Costa Junior,Homem,Rossana Andrade,Mulher,1
Ewerton Andrade,Homem,Matheus Dias Vieira,Homem,1
Ewerton Queiroz,Homem,Gustavo Callou,Homem,1
Ewerton Queiroz,Homem,Júlio Mendonça,Homem,1
Ewerton Queiroz,Homem,Valdir Carvalho,Homem,1
Fabiane Cristina Altino,Mulher,Fábio Carlos Moreno,Homem,1
Fabiane Cristina Altino,Mulher,Marcelo Ozawa de Sousa,Homem,1
Fabiane Cristina Altino,Mulher,Maria Renata de Mira Gobbo,Mulher,1
Fabiane Galafassi,Mulher,Rosa Vicari,Mulher,1
Fabiano L. de Sousa,Homem,Leonardo B. da Luz,Homem,1
Fabiano L. de Sousa,Homem,Ronan A. J. Chagas,Homem,1
Fabiano Oliveira,Homem,Flavia Bonomo,Mulher,1
Fabiano Oliveira,Homem,Flavia Bonomo-Braberman,Mulher,1
Fabiano Oliveira,Homem,Giancarlo F. Roberto,Homem,1
Fabiano Oliveira,Homem,Igor M. Coelho,Homem,1
Fabiano Oliveira,Homem,Jamille Silva,Mulher,1
Fabiano Oliveira,Homem,Jayme L. Szwarcfiter,Homem,5
Fabiano Oliveira,Homem,Jorge Goulart,Homem,1
Fabiano Oliveira,Homem,Juan P. A. Lopes,Homem,2
Fabiano Oliveira,Homem,Lívia S. Medeiros,Mulher,1
Fabiano Oliveira,Homem,María Pía Mazzoleni,Mulher,1
Fabiano Oliveira,Homem,Moysés S. Sampaio Jr.,Homem,3
Fabiano Oliveira,Homem,Paulo E. D. Pinto,Homem,2
Fabiano Oliveira,Homem,Paulo Eustáquio D. Pinto,Homem,1
Fabiano Oliveira,Homem,Paulo Pinto,Homem,1
Fabiano Oliveira,Homem,Raquel M. Souza,Mulher,1
Fabiano Oliveira,Homem,Valmir C. Barbosa,Homem,1
Fabiano Oliveira,Homem,Vitor T. F. de Luca,Homem,1
Fabiano de Souza Oliveira,Homem,Jayme L. Szwarcfiter,Homem,2
Fabiano de Souza Oliveira,Homem,Lívia Salgado Medeiros,Mulher,1
Fabiano de Souza Oliveira,Homem,Vitor Tocci Ferreira de Luca,Homem,1
Fabio Augusto Faria,Homem,Matheus Macedo Leonardo,Homem,1
Fabiola Guerra Nakamura,Mulher,Jeovana Leão,Mulher,2
Fabiola Guerra Nakamura,Mulher,Julis Figueira de Araújo,Homem,2
Fabiola Guerra Nakamura,Mulher,Kalil Ferreira,Homem,2
Fabiola Guerra Nakamura,Mulher,Mariana Barros,Mulher,2
Fabiola Guerra Nakamura,Mulher,Tanara Lauschner,Mulher,2
Fabricio Farias,Homem,Leonardo Gonçalves,Homem,1
Fabricio Farias,Homem,Rafael Santos,Homem,1
Fabricio J. B. Brito,Homem,Filipe C. Fernandes,Homem,1
Fabricio J. B. Brito,Homem,Ramon C. F. Araújo,Homem,1
Fabricio J. B. Brito,Homem,Rodrigo M. S. Oliveira,Homem,1
Fabricio Mendoza-Granada,Homem,Marcos Villagra,Homem,1
Fabricio Murai,Homem,Francisco Galuppo Azevedo,Homem,2
Fabrizio Franzoia,Homem,Fernanda Pires,Mulher,1
Fabrizio Franzoia,Homem,Marcela Pessoa,Mulher,1
Fabrícia Damando Santos,Mulher,Luana Sperling Santana,Mulher,1
Fabrício A. Silva,Homem,Germano B. dos Santos,Homem,1
Fabrício A. Silva,Homem,Gláucia Braga e Silva,Mulher,1
Fabrício A. Silva,Homem,Henrique S. Santana,Homem,1
Fabrício A. Silva,Homem,João Marcos A. M. Ramos,Homem,1
Fabrício A. Silva,Homem,Leonardo J. A. S. Figueiredo,Homem,1
Fabrício A. Silva,Homem,Leonardo Júnio A. dos Santos Figueiredo,Homem,1
Fabrício A. Silva,Homem,Leonardo Santos,Homem,1
Fabrício A. Silva,Homem,Luiz H. A. Correia,Homem,1
Fabrício A. Silva,Homem,Mateus Silva,Homem,1
Fabrício A. Silva,Homem,Raissa P. P. M. Souza,Mulher,1
Fabrício A. Silva,Homem,Raissa Souza,Mulher,1
Fabrício A. Silva,Homem,Thais R. M. B. Silva,Mulher,4
Fabrício A. Silva,Homem,Thais Silva,Mulher,1
Fabrício A. Silva,Homem,Vinícius G. J. Almeida,Homem,1
Fabrício Benevenuto,Homem,Julio C. S. Reis,Homem,1
Fabrício Neitzke Ferreira,Homem,Leonardo Costa Reichow,Homem,1
Fabrício Neitzke Ferreira,Homem,Renata Hax Sander Reiser,Mulher,1
Fabrício Neitzke Ferreira,Homem,Rodrigo Blanke Lambrecht,Homem,1
Fabrício Pinto,Homem,Paulo Silva,Homem,2
Fabrício Pinto,Homem,Rafael Queiroz,Homem,1
Fabíola G. Nakamura,Mulher,João Reis,Homem,1
Fabíola G. Nakamura,Mulher,Leandro Carvalho,Homem,1
Fabíola Pantoja O. Araújo,Mulher,Geisiane S. Matos,Mulher,2
Fabíola Pantoja O. Araújo,Mulher,Geisiane de Souza Matos,Mulher,1
Fabíola Pantoja O. Araújo,Mulher,Josivaldo S. Araújo,Homem,1
Fabíola Pantoja O. Araújo,Mulher,Maria Roselene A. Lima,Mulher,1
Fabíola Pantoja O. Araújo,Mulher,Rebeca Hilda Furtado Costa,Mulher,1
Fabíola Pantoja O. Araújo,Mulher,Sandy Hiorrana L. Farias,Mulher,1
Fabíola Pantoja O. Araújo,Mulher,Sara M. Silva,Mulher,2
Fabíola Pantoja O. Araújo,Mulher,Sara das Mercês Silva,Mulher,2
Fabíola Pantoja O. Araújo,Mulher,Tatiane A. Nascimento,Mulher,1
Fabíola S. F. Pereira,Mulher,Gina M. B. Oliveira,Mulher,1
Fabíola S. F. Pereira,Mulher,Maria Adriana V. Lima,Mulher,1
Fabíola S. F. Pereira,Mulher,Maria Camila N. Barioni,Mulher,1
Fabíola S. F. Pereira,Mulher,Mirella S. Junqueira,Mulher,1
Felipe A. Ferreira,Homem,Hélio Lopes,Homem,1
Felipe A. Ferreira,Homem,Rodrigo V. Kassick,Homem,1
Felipe A. Ferreira,Homem,Vinícius Furlan,Homem,1
Felipe A. L. Soares,Homem,Henrique C. Freitas,Homem,1
Felipe A. L. Soares,Homem,Humberto T. Marques-Neto,Homem,1
Felipe A. L. Soares,Homem,Tiago B. Silveira,Homem,1
Felipe A. Louza,Homem,Guilherme P. Telles,Homem,1
Felipe A. Louza,Homem,Simon Gog,Homem,1
Felipe Abrahão,Homem,Klaus Wehmuth,Homem,3
Felipe Araújo,Homem,Geam Pfeiff,Homem,1
Felipe Araújo,Homem,Helder Oliveira,Homem,1
Felipe Araújo,Homem,Iago Medeiros,Homem,1
Felipe Araújo,Homem,Maria Tostes,Mulher,1
Felipe Araújo,Homem,Stefany Pinheiro,Mulher,1
Felipe Araújo,Homem,Ubiratan Bezerra,Homem,1
Felipe Assis,Homem,Jefferson Simões,Homem,1
Felipe Assis,Homem,João Ismael Pinheiro,Homem,1
Felipe Assis,Homem,João Pinheiro,Homem,1
Felipe Assis,Homem,Marcus Amorim,Homem,1
Felipe Assis,Homem,Mateus S. Nogueira,Homem,1
Felipe Augusto Resende Viegas,Homem,Leonardo Chaves Dutra da Rocha,Homem,1
Felipe Augusto Resende Viegas,Homem,Washington Luiz Miranda da Cunha,Homem,1
Felipe Barbalho,Homem,Flavia C. Delicato,Mulher,1
Felipe Barbalho,Homem,Lucas Santos,Homem,1
Felipe Barbalho,Homem,Paulo F. Pires,Homem,1
Felipe Barbalho,Homem,Thais Batista,Mulher,1
Felipe Haertel,Homem,Jorge Barbosa,Homem,1
Felipe Haertel,Homem,João Lopes,Homem,1
Felipe Haertel,Homem,Leandro Camargo,Homem,2
Felipe Hiroshi Baron,Homem,Fábio Iaione,Homem,1
Felipe Lisboa,Homem,Juliana de Santi,Mulher,1
Felipe Lisboa,Homem,Keiko V. O. Fonseca,Mulher,1
Felipe Lúcio do Nascimento,Homem,Pedro Luis Saraiva Barbosa,Homem,1
Felipe Lúcio do Nascimento,Homem,Windson Viana,Homem,1
Felipe M. Sampaio,Homem,Jefferson P. de Almeida,Homem,1
Felipe Marques,Homem,Jorge Barbosa,Homem,1
Felipe Marques,Homem,Lucas Penning,Homem,2
Felipe Oliveira,Homem,Jean Araújo,Homem,1
Felipe Oliveira,Homem,Luan Lins,Homem,1
Felipe Rocha,Homem,José Gameleira Neto,Homem,1
Felipe Rocha,Homem,Luís Felipe Santos,Homem,1
Felipe Rocha,Homem,Oswaldo de Oliveira,Homem,1
Felipe Rocha,Homem,Pedro Paulo Balbi,Homem,1
Felipe Rocha,Homem,Sâmela Ferreira,Mulher,1
Felipe Rocha,Homem,Thais Batista,Mulher,2
Felipe Silva,Homem,Gabriel Costa,Homem,1
Felipe Silva,Homem,Geraldo Braz Junior,Homem,1
Felipe Silva,Homem,Italo Dovera,Homem,1
Felipe Silva,Homem,Luis Rivero,Homem,2
Felipe Silva,Homem,Matheus Bessa,Homem,1
Felipe Silva,Homem,Rafael Gomes,Mulher,1
Felipe V. de Almeida,Homem,Liria M. Sato,Mulher,1
Felipe V. de Almeida,Homem,Tatiana T. Torres,Mulher,1
Felipe Viegas,Homem,Leonardo Rocha,Homem,2
Felipe Viegas,Homem,Pablo Cecilio,Homem,1
Felipe de C. Pereira,Homem,Pedro J. de Rezende,Homem,1
Felipe de Melo Santos,Homem,Guilherme Gonçalves da Silva,Homem,1
Felipe de Melo Santos,Homem,Lucas Almeida Silva,Homem,1
Felipe de Melo Santos,Homem,Queilane da Conceição Rocha,Mulher,1
Felipe de Melo Santos,Homem,Yasmin Solrac Ribeiro dos Santos,Mulher,1
Felipe de Melo Santos,Homem,Érica Pereira Machado,Mulher,1
Felippe Mendonça de Queiroz,Homem,Leonardo de Assis Silva,Homem,1
Felippe Mendonça de Queiroz,Homem,Pedro Vinicius dos Santos Custodio,Homem,1
Felippe Mendonça de Queiroz,Homem,Raquel Frizera Vassallo,Mulher,2
Felippe Mendonça de Queiroz,Homem,Wagner Augusto Aranda Cotta,Homem,1
Fellipe Pereira Azevedo,Homem,José Elias de Jesus Dias,Homem,1
Felício Gobbi Hoffmann Santos Pereira,Homem,Graziela Santos de Araújo,Mulher,1
Felício Gobbi Hoffmann Santos Pereira,Homem,Heitor Batistela Zunta,Homem,1
Felício Gobbi Hoffmann Santos Pereira,Homem,Luciana Montera Cheung,Mulher,1
Fernanda Alencar,Mulher,José Vinícius V. Lima,Homem,1
Fernanda Alencar,Mulher,Wladimir Filho,Homem,1
Fernanda Campos,Mulher,Lucas Bressan,Homem,1
Fernanda Campos,Mulher,Regina Braga,Mulher,1
Fernanda Castelo Branco Santana,Mulher,Fernanda Silveira,Mulher,1
Fernanda Castelo Branco Santana,Mulher,Igo Amauri S. Luz,Homem,1
Fernanda Castelo Branco Santana,Mulher,Luciano T. Silva,Homem,1
Fernanda Castelo Branco Santana,Mulher,Rebeca dos Santos,Mulher,1
Fernanda Couto,Mulher,Ighor Bruno de Brito,Homem,1
Fernanda Couto,Mulher,Willian de Assis Sento Sé,Homem,1
Fernanda Nunes Deitos,Mulher,Fábio Yoshimitsu Okuyama,Homem,1
Fernanda Nunes Deitos,Mulher,Lilian Stavizki,Mulher,1
Fernanda Nunes Deitos,Mulher,Marcelo Augusto Rauh Schimitt,Homem,1
Fernanda Nunes Deitos,Mulher,Marlon Carvalho Mariano,Homem,1
Fernanda Nunes Deitos,Mulher,Márcia Häfele Islabão Franco,Mulher,1
Fernanda Nunes Deitos,Mulher,Silvia de Castro Bertagnolli,Mulher,1
Fernanda Pires,Mulher,Jean Rangel,Homem,1
Fernanda Pires,Mulher,João Bernado,Homem,1
Fernanda Pires,Mulher,Karla Pereira,Mulher,1
Fernanda Pires,Mulher,Karolayne Teixeira,Mulher,1
Fernanda Pires,Mulher,Larissa Pessoa,Mulher,1
Fernanda Pires,Mulher,Luiz Alencar,Homem,1
Fernanda Pires,Mulher,Marcela Pessoa,Mulher,3
Fernanda Pires,Mulher,Rosiane Freitas,Mulher,1
Fernanda Pires,Mulher,Silvia A. Bim,Mulher,1
Fernanda S. H. de Souza,Mulher,Geraldo R. Mateus,Homem,1
Fernanda S. H. de Souza,Mulher,Samuel M. A. Araújo,Homem,1
Fernanda Silveira,Mulher,Igo Amauri S. Luz,Homem,1
Fernanda Silveira,Mulher,Luciano T. Silva,Homem,1
Fernanda Silveira,Mulher,Rebeca dos Santos,Mulher,1
Fernanda de Mello,Mulher,Rafael de Mello,Homem,1
Fernanda de Sousa,Mulher,Maristela Holanda,Mulher,1
Fernanda de Sousa,Mulher,Roberta B. Oliveira,Mulher,1
Fernando A. Teixeira,Homem,Marconi de Arruda Pereira,Homem,1
Fernando A. Teixeira,Homem,Sérgio de Oliveira,Homem,1
Fernando Augusto Ferreira Lordão,Homem,Lafayette Batista Melo,Homem,1
Fernando Augusto Ferreira Lordão,Homem,Leandro Cavalcanti de Almeida,Homem,1
Fernando Augusto Ferreira Lordão,Homem,Marcílio de Paiva Onofre Filho,Homem,1
Fernando Augusto Ferreira Lordão,Homem,Paulo Roberto Santos Costa,Homem,1
Fernando Augusto Ribeiro Costa,Homem,Flávio Rafael Trindade Moura,Homem,1
Fernando Augusto Ribeiro Costa,Homem,Harold Dias de Mello Junior,Homem,1
Fernando Augusto Ribeiro Costa,Homem,Karla Tereza Figueiredo Leite,Mulher,1
Fernando Augusto Ribeiro Costa,Homem,Marcos César da Rocha Seruffo,Homem,1
Fernando Dione S. Lima,Homem,Francisco Lucas F. Pereira,Homem,1
Fernando Dione S. Lima,Homem,João P. P. Gomes,Homem,1
Fernando Dione S. Lima,Homem,Lucas G. M. Leite,Homem,1
Fernando Figueira Filho,Homem,Leandro de Almeida Melo,Homem,1
Fernando Figueira Filho,Homem,Nelson Tenório Jr.,Homem,1
Fernando Leite,Homem,Gabriel Cardoso,Homem,1
Fernando Leite,Homem,Geraldo Braz Junior,Homem,1
Fernando Leite,Homem,Igor Estrela,Homem,1
Fernando Leite,Homem,Luis Rivero,Homem,1
Fernando Magalhães,Homem,Jonas Boechat,Homem,1
Fernando Magalhães,Homem,Luciana Borges,Mulher,1
Fernando Magalhães,Homem,Otávio Dantas,Homem,1
Fernando Magno Quintão Pereira,Homem,Gleison Souza Diniz Mendonça,Homem,1
Fernando Magno Quintão Pereira,Homem,Marcos Yukio Siraichi,Homem,1
Fernando Magno Quintão Pereira,Homem,Vinicius F. Santos,Homem,1
Fernando Matos,Homem,Robertson Lima,Homem,1
Fernando Oliveira,Homem,Heberth Reinstein,Homem,1
Fernando Oliveira,Homem,Joaquim Assunção,Homem,1
Fernando Oliveira,Homem,Mateus Delatorre,Homem,1
Fernando P. Barbosa,Homem,Karina Wiechork,Mulher,1
Fernando P. Barbosa,Homem,Marlon L. S. Rodrigues,Homem,1
Fernando Silva Parreiras,Homem,Luiz Claudio Gomes Maia,Homem,1
Fernando Silvano Gonçalves,Homem,Roberval Silva Bett,Homem,1
Fernando Trinta,Homem,Ricardo Andrade,Homem,1
Fernando Trinta,Homem,Vitor Cortez,Homem,1
Fernando Trinta,Homem,Willian Almeida Rodrigues,Homem,1
Fernando Trinta,Homem,Windson Viana,Homem,1
Fernando Vinturin,Homem,Guilherme A. Zimeo Morais,Homem,1
Fernando Vinturin,Homem,Maickel Hubner,Homem,1
Fernando Vinturin,Homem,Marcelo Santos,Homem,1
Filipe Arantes Fernandes,Homem,Loham Santos da Silva,Homem,1
Filipe Arantes Fernandes,Homem,Otacílio José Pereira,Homem,1
Filipe Arantes Fernandes,Homem,Rossini Pena Abrantes,Homem,1
Filipe C. Fernandes,Homem,Loham da Silva,Homem,1
Filipe C. Fernandes,Homem,Otacílio José Pereira,Homem,1
Filipe C. Fernandes,Homem,Ramon C. F. Araújo,Homem,1
Filipe C. Fernandes,Homem,Rodrigo M. S. Oliveira,Homem,1
Filipe Dwan Pereira,Homem,Leandro S. G. Carvalho,Homem,1
Flavia Bonomo,Mulher,Jayme L. Szwarcfiter,Homem,1
Flavia Bonomo,Mulher,Moysés S. Sampaio Jr.,Homem,1
Flavia Bonomo-Braberman,Mulher,Jayme L. Szwarcfiter,Homem,1
Flavia Bonomo-Braberman,Mulher,Moysés S. Sampaio Jr.,Homem,1
Flavia C. Delicato,Mulher,Lucas Santos,Homem,1
Flavia C. Delicato,Mulher,Paulo F. Pires,Homem,1
Flavia C. Delicato,Mulher,Thais Batista,Mulher,1
Flavia C. Delicato,Mulher,Tiago C. de S. Xavier,Homem,1
Flavio Miyazawa,Homem,Thiago A. de Queiroz,Homem,1
Flavio Miyazawa,Homem,Vinícius Lima,Homem,1
Flavio Miyazawa,Homem,Yulle Borges,Mulher,1
Fláva Amim,Mulher,Jaqueline Moura,Mulher,1
Fláva Amim,Mulher,Karina Fernandes,Mulher,1
Fláva Amim,Mulher,Ketrin Vargas,Mulher,1
Flávia Carvalho,Mulher,Luis Rivero,Homem,1
Flávia Carvalho,Mulher,Sebastião Santos,Homem,1
Flávia Delicato,Mulher,Jose Souza,Homem,1
Flávia Mendes de Andrade e Peres,Mulher,Patrícia Cabral de Azevedo Restelli Tedesco,Mulher,1
Flávia Mendes de Andrade e Peres,Mulher,Taciana Pontual Falcão,Mulher,1
Flávia Roldan Viana,Mulher,Gabriel Vieira Barreto,Homem,1
Flávia Villela,Mulher,Francisco Campos,Homem,1
Flávia Villela,Mulher,Gabriel SantClair,Homem,1
Flávia Villela,Mulher,Janaina Gomide,Mulher,1
Flávia Villela,Mulher,Julia Godinho,Mulher,1
Flávia Villela,Mulher,Júlia Marotti,Mulher,1
Flávia Villela,Mulher,Laura Emmanuella de Oliveira,Mulher,1
Flávia Villela,Mulher,Milena Estanislau,Mulher,1
Flávia Villela,Mulher,Tabatta Martins,Mulher,1
Flávia Villela,Mulher,Valeria Nunes Belmonte,Mulher,1
Flávio Coutinho,Homem,Glívia Barbosa,Mulher,1
Flávio Coutinho,Homem,Ismael Silva,Homem,1
Flávio Coutinho,Homem,Laura Ribeiro,Mulher,1
Flávio Coutinho,Homem,Natália Santos,Mulher,1
Flávio E. A. Horita,Homem,João Porto de Albuquerque,Homem,1
Flávio E. A. Horita,Homem,Mohamad Kassab,Homem,1
Flávio E. A. Horita,Homem,Rodrigo P. dos Santos,Homem,1
Flávio E. A. Horita,Homem,Valdemar V. Graciano Neto,Homem,1
Flávio K. Miyazawa,Homem,Francisco A. Silva,Homem,1
Flávio K. Miyazawa,Homem,Matheus J. Ota,Homem,1
Flávio K. Miyazawa,Homem,Pedro Amorim,Homem,1
Flávio K. Miyazawa,Homem,Phablo F. S. Moura,Homem,1
Flávio K. Miyazawa,Homem,Rafael C. S. Schoeury,Homem,1
Flávio K. Miyazawa,Homem,Thiago A. de Queiroz,Homem,1
Flávio K. Miyazawa,Homem,Vinícius L. de Lima,Homem,1
Flávio R. C. Souza,Homem,Nídia G. S. Campos,Mulher,1
Flávio R. C. Souza,Homem,Sayonara S. Araújo,Mulher,1
Flávio Rafael Trindade Moura,Homem,Harold Dias de Mello Junior,Homem,1
Flávio Rafael Trindade Moura,Homem,Karla Tereza Figueiredo Leite,Mulher,1
Flávio Rafael Trindade Moura,Homem,Marcos César da Rocha Seruffo,Homem,1
Flávio Rocha,Homem,Hudson Lopes,Homem,1
Flávio Rocha,Homem,Maykon Renan Pereira da Silva,Homem,1
Flávio Rocha,Homem,Ricardo Bruno de Oliveira,Homem,1
Flávio Rocha,Homem,Évelynn Rosa,Mulher,1
Flávio de Almeida Andrade Lico,Homem,Gilberto Pereira da Silva,Homem,1
Flávio de Almeida Andrade Lico,Homem,Marco Antonio Augusto de Andrade,Homem,1
Francesco Pagani Galvão,Homem,Luiz Felipe de Souza Jimenez,Homem,1
Francesco Pagani Galvão,Homem,Renan Augusto Monteiro Duarte,Homem,1
Francielli Freitas Moro,Mulher,Luciana Bolan Frigo,Mulher,2
Francielli Freitas Moro,Mulher,Rafaela Oliveira Padilha,Mulher,2
Franciely Souza,Mulher,Hugo Santos,Homem,1
Franciely Souza,Mulher,Irandir Amorim,Homem,1
Franciely Souza,Mulher,Maria Silva,Mulher,1
Franciny Barreto,Mulher,Jhonatan T. Cabral Néry,Homem,1
Franciny Barreto,Mulher,Joslaine C. Jeske de Freitas,Mulher,1
Franciny Barreto,Mulher,Rafael Andrade,Homem,1
Francisca Aparecida P. Pinto,Mulher,Henrique J. A. Holanda,Homem,1
Francisco A. Rocha,Homem,Gabriel G. Silva,Homem,1
Francisco A. Rocha,Homem,Rafael Gomes,Mulher,1
Francisco A. Silva,Homem,Inaldo Costa,Homem,1
Francisco A. Silva,Homem,Luis Rivero,Homem,1
Francisco A. Silva,Homem,Paulo A. L. Rego,Homem,1
Francisco A. Silva,Homem,Paulo H. Rocha,Homem,1
Francisco A. Silva,Homem,Rafael C. S. Schoeury,Homem,1
Francisco A. Silva,Homem,Tercio Sousa,Homem,1
Francisco A. Silva,Homem,Tomaz Bisneto,Homem,1
Francisco Airton Silva,Homem,Glauber Dias Gonçalves,Homem,1
Francisco Airton Silva,Homem,Guto Leoni,Homem,1
Francisco Airton Silva,Homem,Igor Gonçalves,Homem,1
Francisco Airton Silva,Homem,Iure Fé,Homem,3
Francisco Airton Silva,Homem,Jorge Macêdo,Homem,1
Francisco Airton Silva,Homem,Jussara Almeida,Mulher,1
Francisco Airton Silva,Homem,Laécio Rodrigues,Homem,3
Francisco Airton Silva,Homem,Lucas Santos,Homem,2
Francisco Airton Silva,Homem,Matheus Torquato,Homem,1
Francisco Airton Silva,Homem,Patricia Takako Endo,Mulher,1
Francisco Airton Silva,Homem,Patrícia Endo,Mulher,1
Francisco Airton Silva,Homem,Paulo Henrique Rocha,Homem,1
Francisco Airton Silva,Homem,Samuel de Oliveira Ribeiro,Homem,1
Francisco Airton Silva,Homem,Vicente Carvalho,Homem,1
Francisco Alan de O. Santos,Homem,Pedro A. Fontes Neto,Homem,1
Francisco Campos,Homem,Gabriel SantClair,Homem,1
Francisco Campos,Homem,Janaina Gomide,Mulher,1
Francisco Campos,Homem,Julia Godinho,Mulher,1
Francisco Campos,Homem,Júlia Marotti,Mulher,1
Francisco Campos,Homem,Laura Emmanuella de Oliveira,Mulher,1
Francisco Campos,Homem,Milena Estanislau,Mulher,1
Francisco Campos,Homem,Tabatta Martins,Mulher,1
Francisco Campos,Homem,Valeria Nunes Belmonte,Mulher,1
Francisco Cleber da Conceição Feitosa,Homem,Francisco Gauberto Barros dos Santos,Homem,1
Francisco Cleber da Conceição Feitosa,Homem,Francisco Rondynelle Rodrigues Sousa,Homem,1
Francisco Cleber da Conceição Feitosa,Homem,Guilherme Álvaro Rodrigues Maia Esmeraldo,Homem,1
Francisco Cleber da Conceição Feitosa,Homem,Robson Gonçalves Fechine Feitosa,Homem,1
Francisco Gauberto Barros dos Santos,Homem,Francisco Rondynelle Rodrigues Sousa,Homem,1
Francisco Gauberto Barros dos Santos,Homem,Guilherme Álvaro Rodrigues Maia Esmeraldo,Homem,1
Francisco Gauberto Barros dos Santos,Homem,Robson Gonçalves Fechine Feitosa,Homem,1
Francisco Gomes,Homem,Jerffeson Souza,Homem,1
Francisco Gomes,Homem,Saori Costa,Mulher,1
Francisco Henrique Ferreira,Homem,Marcio Imamura,Homem,1
Francisco Henrique Ferreira,Homem,Rodrigo Pereira dos Santos,Homem,1
Francisco José Monaco,Homem,Lourenço Alves Pereira Júnior,Homem,1
Francisco José Monaco,Homem,Marcos José Santana,Homem,1
Francisco José Monaco,Homem,Regina H. Carlucci Sanatana,Mulher,1
Francisco Lucas F. Pereira,Homem,João P. P. Gomes,Homem,1
Francisco Lucas F. Pereira,Homem,Lucas G. M. Leite,Homem,1
Francisco Luciano Quirino da Silva,Homem,Tatiane F. Figueiredo,Mulher,1
Francisco Marcos da Silva Rocha,Homem,Fábio de Jesus Lima Gomes,Homem,1
Francisco Nivando Bezerra,Homem,Savio Lopes Rabelo,Homem,1
Francisco Nivando Bezerra,Homem,Tamara Arruda Pereira,Mulher,1
Francisco Rondynelle Rodrigues Sousa,Homem,Guilherme Álvaro Rodrigues Maia Esmeraldo,Homem,1
Francisco Rondynelle Rodrigues Sousa,Homem,Robson Gonçalves Fechine Feitosa,Homem,1
Francisco S. Júnior,Homem,Henrique V. Oliveira,Homem,1
Francisco S. Júnior,Homem,Matheus D. de Oliveira,Homem,1
Francisco S. Júnior,Homem,Renato A. C. Freitas,Homem,1
Francisco S. Júnior,Homem,Silvio R. Evangelista,Homem,1
Francisco Victor S. de Lima,Homem,Francisco Victor da S. Pinheiro,Homem,1
Francisco Victor S. de Lima,Homem,Ronier da S. Lima,Homem,1
Francisco Victor S. de Lima,Homem,Wladimir Araújo Tavares,Homem,1
Francisco Victor da S. Pinheiro,Homem,Ronier da S. Lima,Homem,1
Francisco Victor da S. Pinheiro,Homem,Wladimir Araújo Tavares,Homem,1
Francisco da Ponte,Homem,Gabriel Galdino,Homem,1
Francisco da Ponte,Homem,Joaquim Celestino Jr,Homem,1
Francisco da Ponte,Homem,Rafael Gomes,Mulher,1
Francisco de Albuquerque Júnior,Homem,Marcelino S. da Silva,Homem,1
Francisco de Albuquerque Júnior,Homem,Vanilze Vaz,Mulher,1
Francisco de Assis Boldt,Homem,Hilário Tomaz Alves de Oliveira,Homem,1
Francisco de Assis Boldt,Homem,Israel de Morais Madalena,Homem,1
Francisco de Assis Boldt,Homem,Jefferson Oliveira Andrade,Homem,1
Francisco de Assis Boldt,Homem,Karin Satie Komati,Mulher,1
Francisco de Assis Boldt,Homem,Leandro Baêta Lustosa Pontes,Homem,1
Francisco de Assis Boldt,Homem,Leandro Rodrigues Ramos,Homem,1
Francisco de Assis Zampirolli,Homem,Leandro Silva Galvão de Carvalho,Homem,1
Francisco de Assis Zampirolli,Homem,Miguel Jonathan,Homem,1
Francisco de Assis Zampirolli,Homem,Ronaldo Celso Messias Correia,Homem,1
Franklin Barcellos,Homem,Rodrigo Lambrecht,Homem,2
Franklin Barcellos,Homem,Rogério Albandes,Homem,2
Franklin de L. Marquezino,Homem,Luis A. B. Kowada,Homem,1
Franklin de L. Marquezino,Homem,Matheus Guedes de Andrade,Homem,1
Franklin de L. Marquezino,Homem,Renato Portugal,Homem,1
Frederico Severo Miranda,Homem,Paulo Cezar Stadzisz,Homem,1
Fábio Araújo,Homem,Helder Oliveira,Homem,1
Fábio Araújo,Homem,Stefany Pinheiro,Mulher,1
Fábio Bezerra,Homem,Paulo Cerqueira,Homem,1
Fábio Bezerra,Homem,Rafael Santos,Homem,1
Fábio Botler,Homem,Guilherme Mota,Homem,1
Fábio Botler,Homem,João Pedro de Souza,Homem,1
Fábio Botler,Homem,Juan Gutiérrez,Homem,1
Fábio Botler,Homem,Lucas Colucci,Homem,2
Fábio Botler,Homem,Luiz Hoffmann,Homem,1
Fábio Botler,Homem,Matheus Lemos,Homem,1
Fábio Botler,Homem,Matheus Secco,Homem,1
Fábio Botler,Homem,Paulo Matias,Homem,1
Fábio Botler,Homem,Phablo Moura,Homem,1
Fábio Botler,Homem,Roberto Parente,Homem,1
Fábio Botler,Homem,Tássio Naia,Homem,1
Fábio Botler,Homem,Wanderson Lomenha,Homem,1
Fábio Botler,Homem,Yoshiharu Kohayakawa,Homem,1
Fábio C. S. D.,Homem,Paulo Henrique M. A.,Homem,1
Fábio C. S. D.,Homem,Wallesson C. S.,Homem,1
Fábio Carlos Moreno,Homem,Marcelo Ozawa de Sousa,Homem,1
Fábio Carlos Moreno,Homem,Maria Renata de Mira Gobbo,Mulher,1
Fábio H. V. Martinez,Homem,Helmuth O. M. Silva,Homem,1
Fábio H. V. Martinez,Homem,Jens Stoye,Homem,1
Fábio Iaione,Homem,Natyelle Oliveira Silotti,Mulher,1
Fábio J. Coutinho,Homem,John Davi D. C. Pires,Homem,1
Fábio J. Coutinho,Homem,Rebeca de Jesus Brandão,Mulher,1
Fábio J. Coutinho,Homem,Samuel Lucas V. L. Barbosa,Homem,1
Fábio J. Coutinho,Homem,Victor Accete,Homem,1
Fábio J. Coutinho,Homem,Wagner Fontes,Homem,1
Fábio José Alves,Homem,Gabryella Rocha Rodrigues,Mulher,1
Fábio José Alves,Homem,Leonardo da Silva Moraes,Homem,1
Fábio José Alves,Homem,Rita Rocha Kasahara,Mulher,1
Fábio Luiz Usberti,Homem,Matheus Diógenes Andrade,Homem,1
Fábio Luiz Usberti,Homem,Mário César San Felice,Homem,1
Fábio M. Costa,Homem,Roberto Rodrigues Filho,Homem,1
Fábio Martins,Homem,Ricardo Pimentel,Homem,1
Fábio Protti,Homem,João Guilherme Martinez,Homem,1
Fábio Protti,Homem,Lorrana F. de Castro,Mulher,1
Fábio Protti,Homem,Rodolfo A. de Oliveira,Homem,1
Fábio Protti,Homem,Rodrigo Lamblet Mafort,Homem,1
Fábio Protti,Homem,Rosiane Freitas,Mulher,1
Fábio Rodrigues de la Rocha,Homem,Michelle Wangham,Mulher,1
Fábio Silva,Homem,Raquel Bravo,Mulher,1
Fábio Silva,Homem,Rodolfo Oliveira,Homem,1
Fábio Silva,Homem,Ueverton Souza,Homem,1
Fábio Yoshimitsu Okuyama,Homem,Lilian Stavizki,Mulher,1
Fábio Yoshimitsu Okuyama,Homem,Marcelo Augusto Rauh Schimitt,Homem,1
Fábio Yoshimitsu Okuyama,Homem,Marlon Carvalho Mariano,Homem,1
Fábio Yoshimitsu Okuyama,Homem,Márcia Häfele Islabão Franco,Mulher,1
Fábio Yoshimitsu Okuyama,Homem,Silvia de Castro Bertagnolli,Mulher,1
Fábio da Cunha Garcia,Homem,Gilberto Fonseca Barroso,Homem,1
Fábio da Cunha Garcia,Homem,Roberto Colistete Júnior,Homem,1
Fábio da Cunha Garcia,Homem,Rodolfo da Silva Villaça,Homem,1
Fátima Duarte-Figueiredo,Mulher,Guilherme Silva,Homem,1
Fátima Duarte-Figueiredo,Mulher,Raquel Mini,Mulher,2
Gabriel A. D. Miranda,Homem,Gustavo Y. S. Azevedo,Homem,1
Gabriel A. D. Miranda,Homem,Lillia S. B. Silva,Mulher,1
Gabriel A. D. Miranda,Homem,Matheus S. Garofolo,Homem,1
Gabriel A. G. Sobral,Homem,Yoshiko Wakabayashi,Mulher,1
Gabriel Alves,Homem,José Diogo A. de Sousa,Homem,2
Gabriel Alves,Homem,Juliana F. dos Santos,Mulher,2
Gabriel Alves,Homem,Júlio Mendonça,Homem,1
Gabriel Alves,Homem,Rafael Ferreira Mello,Homem,1
Gabriel Alves,Homem,Wilson Medeiros,Homem,1
Gabriel Ammes Pinho,Homem,Renato P. Ribas,Homem,1
Gabriel B. Moro,Homem,Lucas Mello Schnorr,Homem,1
Gabriel C. Carrara,Homem,Isabele B. Prates,Mulher,1
Gabriel C. Carrara,Homem,João Gabriel R. Silva,Homem,1
Gabriel C. Carrara,Homem,Letícia C. T. Nascimento,Mulher,1
Gabriel C. Carrara,Homem,Pedro H. O. Souza,Homem,1
Gabriel C. Carrara,Homem,Renato C. Cani,Homem,1
Gabriel C. Carrara,Homem,Thiago R. Almeida,Homem,1
Gabriel Cardoso,Homem,Geraldo Braz Junior,Homem,1
Gabriel Cardoso,Homem,Igor Estrela,Homem,1
Gabriel Cardoso,Homem,Luis Rivero,Homem,1
Gabriel Costa,Homem,Kennedy Nunes,Homem,1
Gabriel Costa,Homem,Luis Rivero,Homem,2
Gabriel Costa,Homem,Ricardo Anchieta,Homem,1
Gabriel Costa,Homem,Simara Rocha,Mulher,1
Gabriel Delallo Caus,Homem,Ivonei Freitas da Silva,Homem,1
Gabriel Delallo Caus,Homem,Luiz Antonio Rodrigues,Homem,1
Gabriel Delallo Caus,Homem,Marcelo Roger Meneghatti,Homem,1
Gabriel Delallo Caus,Homem,Maria da Piedade Araújo,Mulher,1
Gabriel Delallo Caus,Homem,Sandra Mara Stocker Lago,Mulher,1
Gabriel G. Silva,Homem,Rafael Gomes,Mulher,1
Gabriel Galdino,Homem,Joaquim Celestino Jr,Homem,1
Gabriel Galdino,Homem,Rafael Gomes,Mulher,1
Gabriel H. Nunes,Homem,Mário S. Alvim,Homem,1
Gabriel Hellen de Sousa,Homem,José Robertty de Freitas Costa,Homem,1
Gabriel Hellen de Sousa,Homem,Manoel Campêlo,Homem,1
Gabriel Jordão,Homem,Gustavo Barreto Maia,Homem,1
Gabriel Jordão,Homem,Rafael Costa,Homem,1
Gabriel Mendonça,Homem,Gustavo H. A. Santos,Homem,1
Gabriel Mendonça,Homem,Rosa M.M. Leão,Mulher,1
Gabriel Moreira,Homem,Giorgia Mattos,Mulher,1
Gabriel Moreira,Homem,Josilene Aires,Mulher,1
Gabriel Moreira,Homem,Sanny Alves,Mulher,1
Gabriel Moreira,Homem,Thiago Coelho,Homem,1
Gabriel Nascimento,Homem,Márcia Oliveira,Mulher,2
Gabriel Nascimento,Homem,Mônica Silva,Mulher,1
Gabriel Nascimento,Homem,Vania Marquiori,Mulher,1
Gabriel Novy,Homem,Lara Cadar Cunha,Mulher,1
Gabriel Oliveira Ferreira,Homem,Luís Filipe Pereira Silva,Homem,1
Gabriel P. Oliveira,Homem,Mirella M. Moro,Mulher,1
Gabriel Paillard,Homem,Leonardo Moreira,Homem,1
Gabriel Philippe Pereira,Homem,Giovanni Ventorim Comarela,Homem,1
Gabriel Philippe Pereira,Homem,Marcos Henrique Fonseca Ribeiro,Homem,1
Gabriel SantClair,Homem,Janaina Gomide,Mulher,2
Gabriel SantClair,Homem,João Victor Moreira,Homem,1
Gabriel SantClair,Homem,Julia Godinho,Mulher,1
Gabriel SantClair,Homem,Júlia Marotti,Mulher,1
Gabriel SantClair,Homem,Laura Emmanuella de Oliveira,Mulher,1
Gabriel SantClair,Homem,Milena Estanislau,Mulher,1
Gabriel SantClair,Homem,Tabatta Martins,Mulher,1
Gabriel SantClair,Homem,Valeria Nunes Belmonte,Mulher,1
Gabriel Siqueira,Homem,Zanoni Dias,Homem,1
Gabriel Vaz Igarashi,Homem,Vinicius Struginski Pereira,Homem,1
Gabriela Aguiar,Mulher,Lailson Menezes,Homem,1
Gabriela Cardoso Montes,Mulher,Ivy Oliveira Magesti,Mulher,1
Gabriela Cardoso Montes,Mulher,Julie Silva Pereira,Mulher,1
Gabriela Cardoso Montes,Mulher,Luiza Rosa de Moura,Mulher,1
Gabriela Cardoso Montes,Mulher,Nurian Maria Amâncio Coelho,Mulher,1
Gabriela Felipa Souza,Mulher,Patrícia Araújo de Oliveira,Mulher,1
Gabriela Moutinho de Souza Dias,Mulher,Gustavo Claudio Karl Couto,Homem,1
Gabriela Moutinho de Souza Dias,Mulher,Ronaldo Moreira Salles,Homem,1
Gabriela Souza Maximino,Mulher,Isadora Mendes dos Santos,Mulher,1
Gabriela Souza Maximino,Mulher,Marcelle Pereira Mota,Mulher,1
Gabrielly de S. Lima,Mulher,Raquel B. Leal,Mulher,1
Gabryella Rocha Rodrigues,Mulher,Leonardo da Silva Moraes,Homem,1
Gabryella Rocha Rodrigues,Mulher,Rita Rocha Kasahara,Mulher,1
Gabryella da S. Garcia,Mulher,Letícia S. Camargo,Mulher,1
Gabryella da S. Garcia,Mulher,Maria Alice N. Silva,Mulher,1
Gabryella da S. Garcia,Mulher,Natália C. Louzada,Mulher,1
Gabryella da S. Garcia,Mulher,Ramayane B. Braga,Mulher,1
Gabryella da S. Garcia,Mulher,Sara L. de Farias,Mulher,1
Gabryella da S. Garcia,Mulher,Thalia S. Santana,Mulher,1
Geam Pfeiff,Homem,Helder Oliveira,Homem,1
Geber Lisboa Ramalho,Homem,Rodrigo Pessoa Medeiros,Homem,2
Geber Lisboa Ramalho,Homem,Taciana Pontual Falcão,Mulher,2
Geisiane S. Matos,Mulher,Maria Roselene A. Lima,Mulher,1
Geisiane S. Matos,Mulher,Sara M. Silva,Mulher,1
Geisiane S. Matos,Mulher,Sara das Mercês Silva,Mulher,1
Geisiane S. Matos,Mulher,Tatiane A. Nascimento,Mulher,1
Geisiane de Souza Matos,Mulher,Josivaldo S. Araújo,Homem,1
Geisiane de Souza Matos,Mulher,Sandy Hiorrana L. Farias,Mulher,1
Geisiane de Souza Matos,Mulher,Sara M. Silva,Mulher,1
Geovane F. Piccinin,Homem,Mirella M. Moro,Mulher,1
Geovanna Evelyn Taype Espinoza,Mulher,Maria Cecilia Calani Baranauskas,Mulher,1
Geraldo Braz Junior,Homem,Igor Estrela,Homem,1
Geraldo Braz Junior,Homem,Italo Dovera,Homem,1
Geraldo Braz Junior,Homem,Kennedy Nunes,Homem,1
Geraldo Braz Junior,Homem,Luis Rivero,Homem,3
Geraldo Braz Junior,Homem,Maikon Costa,Homem,1
Geraldo Braz Junior,Homem,Matheus Bessa,Homem,1
Geraldo Braz Junior,Homem,Nathasha Pinto,Mulher,1
Geraldo Braz Junior,Homem,Rafael Gomes,Mulher,1
Geraldo Braz Junior,Homem,Simara Rocha,Mulher,1
Geraldo R. Mateus,Homem,Samuel M. A. Araújo,Homem,1
Germano B. dos Santos,Homem,Leonardo J. A. S. Figueiredo,Homem,1
Germano B. dos Santos,Homem,Raissa P. P. M. Souza,Mulher,1
Germano B. dos Santos,Homem,Thais R. M. B. Silva,Mulher,1
Gerson Cavalheiro,Homem,João Lopes,Homem,2
Gerson Cavalheiro,Homem,Leonardo João,Homem,1
Gerson Cavalheiro,Homem,Roger Machado,Homem,1
Gerson Cavalheiro,Homem,Verônica Tabim,Mulher,1
Gerson Zaverucha,Homem,Rodrigo Azevedo Santos,Homem,1
Gesiel Rios Lopes,Homem,Gonzalo Travieso,Homem,1
Gesiel Rios Lopes,Homem,Kalinka Branco,Mulher,1
Gesiel Rios Lopes,Homem,Paulo S. L. Souza,Homem,1
Giancarlo F. Roberto,Homem,Igor M. Coelho,Homem,1
Giancarlo F. Roberto,Homem,Paulo Eustáquio D. Pinto,Homem,1
Giani Petri,Mulher,Mercedes Ruiz,Mulher,1
Gil Andrade,Homem,Jonatas Nascimento,Homem,1
Gil Andrade,Homem,Josepher Silva,Homem,1
Gil Andrade,Homem,Lana Gomes,Mulher,1
Gil Andrade,Homem,Levy Silva,Homem,1
Gil Andrade,Homem,Roberta Suero,Mulher,1
Gilberto Fonseca Barroso,Homem,Roberto Colistete Júnior,Homem,1
Gilberto Fonseca Barroso,Homem,Rodolfo da Silva Villaça,Homem,1
Gilberto Müller,Homem,Michelle Martins,Mulher,1
Gilberto Pereira da Silva,Homem,Marco Antonio Augusto de Andrade,Homem,1
Gilmar Moraes,Homem,Helder Oliveira,Homem,1
Gilson Helfer,Homem,Jorge Barbosa,Homem,1
Gilson Helfer,Homem,Reginaldo Santos,Homem,1
Gilvaneide Francisca Gomes,Mulher,Ricardo André Cavalcante de Souza,Homem,1
Gina M. B. Oliveira,Mulher,Maria Adriana V. Lima,Mulher,1
Gina M. B. Oliveira,Mulher,Maria Camila N. Barioni,Mulher,1
Gina M. B. Oliveira,Mulher,Mirella S. Junqueira,Mulher,1
Giorgia Mattos,Mulher,Josilene A. Moreira,Mulher,1
Giorgia Mattos,Mulher,Josilene Aires,Mulher,1
Giorgia Mattos,Mulher,Laura L. A. O. Campos,Mulher,1
Giorgia Mattos,Mulher,Luyza E. D. Nascimento,Mulher,1
Giorgia Mattos,Mulher,Maria L. M. Calixto,Mulher,1
Giorgia Mattos,Mulher,Sanny Alves,Mulher,1
Giorgia Mattos,Mulher,Thiago Coelho,Homem,1
Giorgia Mattos,Mulher,Tiago E. S. Araujo,Homem,1
Giorgia Mattos,Mulher,Vanessa G. L. Pessoa,Mulher,1
Giorgia de O. Mattos,Mulher,Josilene A. Moreira,Mulher,2
Giorgia de O. Mattos,Mulher,Thiago Henrique C. Tavares,Homem,1
Giovana Lorena Costa de Andrade,Mulher,Leonardo Bandeira de Lucena,Homem,1
Giovana Lorena Costa de Andrade,Mulher,Lígia Maria de Souza Dantas Batista,Mulher,1
Giovana Lorena Costa de Andrade,Mulher,Rommel Wladimir de Lima,Homem,1
Giovana Lorena Costa de Andrade,Mulher,Wilton Silva dos Santos Júnior,Homem,1
Giovana Lorena Costa de Andrade,Mulher,Álvaro Gabriel Gomes de Oliveira,Homem,1
Giovana Lucca,Mulher,Juliany Raiol,Mulher,1
Giovana Lucca,Mulher,Nicoli Araújo,Mulher,1
Giovana Lucca,Mulher,Rafaela Sousa,Mulher,1
Giovanna Bettin,Mulher,Gislaine C. L. Leal,Mulher,1
Giovanna Bettin,Mulher,Julio B. Herculani,Homem,1
Giovanna Bettin,Mulher,Marcelo Y. Shigenaga,Homem,1
Giovanna Bettin,Mulher,Renato Balancieri,Homem,1
Giovanna Bettin,Mulher,Thelma E. Colanzi,Mulher,1
Giovanna Mara Paes Franco,Mulher,Luana Arfux de Castro Nogueira,Mulher,1
Giovanna Mara Paes Franco,Mulher,Marcia Ferreira Cristaldo,Mulher,1
Giovanna Mara Paes Franco,Mulher,Maria Eduarda Alves Barbosa,Mulher,1
Giovanna Mara Paes Franco,Mulher,Marta Luzzi,Mulher,1
Giovanna Mara Paes Franco,Mulher,Nayara Arruda Cunha,Mulher,1
Giovanna Pavani,Mulher,Karla Silva,Mulher,1
Giovanna Pavani,Mulher,Katia Salles,Mulher,1
Giovanna Pavani,Mulher,Luis Rivero,Homem,1
Giovanna Pavani,Mulher,Nathasha Pinto,Mulher,1
Giovanna Pavani,Mulher,Raimundo Neto,Homem,1
Giovanni Ventorim Comarela,Homem,Marcos Henrique Fonseca Ribeiro,Homem,1
Gisele Marinho,Mulher,Simone Fagundes,Mulher,1
Gislaine C. L. Leal,Mulher,Julio B. Herculani,Homem,1
Gislaine C. L. Leal,Mulher,Marcelo Y. Shigenaga,Homem,1
Gislaine C. L. Leal,Mulher,Renato Balancieri,Homem,1
Gislaine C. L. Leal,Mulher,Thelma E. Colanzi,Mulher,1
Gislainy Crisostomo Velasco,Mulher,Sergio Carvalho,Homem,1
Giulio Iacobelli,Homem,João Vitor B. Tavares,Homem,1
Givanildo Júnior,Homem,Osvaldo A. Rosso,Homem,1
Glauber Dias Gonçalves,Homem,Jussara Almeida,Mulher,1
Glauber Dias Gonçalves,Homem,Samuel de Oliveira Ribeiro,Homem,1
Glauber Ferreira Cintra,Homem,Luis Filipe de Lima Sales,Homem,1
Glauber Ferreira Cintra,Homem,Raimundo Azevedo Neto,Homem,1
Glederson Santos,Homem,Pedro Mietliki,Homem,1
Glácio S. Araújo,Homem,Joel J. P. C. Rodrigues,Homem,1
Glácio S. Araújo,Homem,Mário W. L. Moreira,Homem,1
Glácio S. Araújo,Homem,Rhayane S. Monteiro,Mulher,1
Glácio S. Araújo,Homem,Victor Hugo C. de Albuquerque,Homem,1
Gláucia Braga e Silva,Mulher,Maria Dalila Vieira,Mulher,1
Gláucia Braga e Silva,Mulher,Maria Theresa Arruda Henriques,Mulher,1
Gláucia Braga e Silva,Mulher,Taianne Valerie Alves Motta,Mulher,1
Gláucia Braga e Silva,Mulher,Thais Regina de M. B. Silva,Mulher,2
Gláucia Braga e Silva,Mulher,Thais Regina de Moura Braga Silva,Mulher,2
Glívia Barbosa,Mulher,Ismael Silva,Homem,1
Glívia Barbosa,Mulher,Kecia Ferreira,Mulher,1
Glívia Barbosa,Mulher,Laura Ribeiro,Mulher,1
Glívia Barbosa,Mulher,Natália Santos,Mulher,1
Glívia Barbosa,Mulher,Silvia Albuquerque,Mulher,1
Gonzalo Travieso,Homem,Kalinka Branco,Mulher,1
Gonzalo Travieso,Homem,Paulo S. L. Souza,Homem,1
Gracielle Oliveira Tavares,Mulher,Juliana M. Oliveira dos Santos,Mulher,2
Gracielle Oliveira Tavares,Mulher,Leonardo Azevedo,Homem,1
Graziela Ferreira Guarda,Mulher,Ione Ferrarini Goulart,Mulher,1
Graziela Santos de Araújo,Mulher,Heitor Batistela Zunta,Homem,1
Graziela Santos de Araújo,Mulher,Luciana Montera Cheung,Mulher,1
Greice P. Dal Molin,Mulher,Nina N. Zahn,Mulher,1
Greice P. Dal Molin,Mulher,Soraia R. Musse,Mulher,1
Guilherme A. Zimeo Morais,Homem,Maickel Hubner,Homem,1
Guilherme A. Zimeo Morais,Homem,Marcelo Santos,Homem,1
Guilherme Andrade,Homem,Leonardo Rocha,Homem,2
Guilherme Bayer Scheneider,Homem,Helida Santos,Mulher,1
Guilherme Bayer Scheneider,Homem,Renata Hax Sander Reiser,Mulher,1
Guilherme Corredato Guerino,Homem,Natasha Malveira C. Valentim,Mulher,1
Guilherme G. Arcencio,Homem,Matheus T. Mattioli,Homem,1
Guilherme G. Arcencio,Homem,Mário César San Felice,Homem,1
Guilherme G. Arcencio,Homem,Pedro H. D. B. Hokama,Homem,1
Guilherme G. Souza,Homem,Ricardo R. Santos,Homem,1
Guilherme Gonçalves da Silva,Homem,Lucas Almeida Silva,Homem,1
Guilherme Gonçalves da Silva,Homem,Queilane da Conceição Rocha,Mulher,1
Guilherme Gonçalves da Silva,Homem,Yasmin Solrac Ribeiro dos Santos,Mulher,1
Guilherme Gonçalves da Silva,Homem,Érica Pereira Machado,Mulher,1
Guilherme Londe,Homem,Jorge dos Santos,Homem,1
Guilherme Londe,Homem,Welverton da Silva,Homem,1
Guilherme Mota,Homem,Hugo M. Vicente,Homem,1
Guilherme Mota,Homem,Lucas Colucci,Homem,1
Guilherme Mota,Homem,Matheus Secco,Homem,1
Guilherme Mota,Homem,Maurício Collares,Homem,1
Guilherme Mota,Homem,Paulo Matias,Homem,1
Guilherme Mota,Homem,Roberto Parente,Homem,1
Guilherme P. Telles,Homem,Simon Gog,Homem,1
Guilherme Silva,Homem,Raquel Mini,Mulher,1
Guilherme W. P. dos Santos,Homem,Ives C. Passos,Homem,1
Guilherme W. P. dos Santos,Homem,Leonardo F. B. S. Carvalho,Homem,1
Guilherme de C. M. Gomes,Homem,Jayme L. Szwarcfiter,Homem,2
Guilherme de C. M. Gomes,Homem,Paulo E. D. Pinto,Homem,2
Guilherme de C. M. Gomes,Homem,Vinicius F. Santos,Homem,2
Guilherme Álvaro Rodrigues Maia Esmeraldo,Homem,Robson Gonçalves Fechine Feitosa,Homem,1
Guillermo Cámara Chávez,Homem,Hugo Eduardo Ziviani,Homem,1
Guillermo Cámara Chávez,Homem,Mateus Coelho Silva,Homem,1
Gustavo Barreto Maia,Homem,Rafael Costa,Homem,1
Gustavo Bittencourt Machado,Homem,Izabela Lorena Azevedo,Mulher,1
Gustavo Bittencourt Machado,Homem,Larissa Kiana Santos Azevedo Martins,Mulher,1
Gustavo Bittencourt Machado,Homem,Nayana Borges das Mercês,Mulher,1
Gustavo Bittencourt Machado,Homem,Tayana Nery Franca,Mulher,1
Gustavo Bittencourt Machado,Homem,Taís Pinheiro Borges Silva,Mulher,1
Gustavo Bittencourt Machado,Homem,Vanessa Michalsky Barbosa,Mulher,1
Gustavo Callou,Homem,Júlio Mendonça,Homem,1
Gustavo Callou,Homem,Valdir Carvalho,Homem,1
Gustavo Claudio Karl Couto,Homem,Ronaldo Moreira Salles,Homem,1
Gustavo F. Camilo,Homem,Luis Henrique M. K. Costa,Homem,1
Gustavo F. Camilo,Homem,Miguel Elias M. Campista,Homem,1
Gustavo F. Camilo,Homem,Otto Carlos M. B. Duarte,Homem,1
Gustavo H. A. Santos,Homem,Rosa M.M. Leão,Mulher,1
Gustavo Henrique da Silva Alexandre,Homem,Jesiel Viana da Silva,Homem,1
Gustavo Ivens Oliveira Silva,Homem,José Robertty de Freitas Costa,Homem,1
Gustavo Ivens Oliveira Silva,Homem,Paulo Miranda e Silva Sousa,Homem,1
Gustavo Ivens Oliveira Silva,Homem,Victor de Souza Lima,Homem,1
Gustavo Ivens Oliveira Silva,Homem,Wladimir Araújo Tavares,Homem,1
Gustavo José da Silva,Homem,Ramon Gustavo Teodoro Marques da Silva,Homem,1
Gustavo José da Silva,Homem,Ricardo Vasconcellos de Carvalho Remédio,Homem,1
Gustavo Kira,Homem,Luiz Ernesto Merkle,Homem,1
Gustavo M. D. Vieira,Homem,William B. Mingardi,Homem,1
Gustavo Martins,Homem,Rosiane Freitas,Mulher,1
Gustavo Pinto,Homem,Leonardo Furtado,Homem,1
Gustavo S. Carnivali,Homem,Paulo A. A. Esquef,Homem,1
Gustavo Y. S. Azevedo,Homem,Lillia S. B. Silva,Mulher,1
Gustavo Y. S. Azevedo,Homem,Matheus S. Garofolo,Homem,1
Gustavo de Castro Salvador,Homem,Marcelo Fernando Rauber,Homem,1
Guto Leoni,Homem,Iure Fé,Homem,1
Guto Leoni,Homem,Laécio Rodrigues,Homem,1
Gênesis Medeiros do Carmo,Homem,Maria Istela Cagnin,Mulher,1
Gênesis Medeiros do Carmo,Homem,Michele dos Santos Soares,Mulher,1
Halysson Júnior,Homem,Joel Rodrigues,Homem,1
Halysson Júnior,Homem,José Sobral,Homem,1
Halysson Júnior,Homem,Ricardo Rabêlo,Homem,1
Hanna Alves,Mulher,Jerffeson Souza,Homem,1
Hanna Alves,Mulher,Levi da Silva,Homem,1
Hannah O. Plath,Mulher,Maria Estela O. Paiva,Mulher,1
Hannah O. Plath,Mulher,Paula D. P. Costa,Mulher,1
Hariel Souza,Homem,Letícia Gindri,Mulher,1
Harold Dias de Mello Junior,Homem,Karla Tereza Figueiredo Leite,Mulher,1
Harold Dias de Mello Junior,Homem,Marcos César da Rocha Seruffo,Homem,1
Haroldo Amaral,Homem,Lilian Pereira Teixeira,Mulher,1
Haroldo Amaral,Homem,Marcia Kniphoff da Cruz,Mulher,1
Haroldo Amaral,Homem,Rozelma França,Mulher,1
Haroldo Amaral,Homem,Wilk Oliveira,Homem,1
Heberth Reinstein,Homem,Mateus Delatorre,Homem,1
Heider Marconi G. Madureira,Homem,Marcos B. Hervé,Homem,1
Heider Marconi G. Madureira,Homem,Murilo P. Pessatti,Homem,1
Heider Marconi G. Madureira,Homem,Paulo A. Dal Fabbro,Homem,1
Heitor Batistela Zunta,Homem,Luciana Montera Cheung,Mulher,1
Heitor S. Ramos,Homem,Osvaldo A. Rosso,Homem,1
Heitor S. Ramos,Homem,Raquel S. Cabral,Mulher,1
Heitor Werneck,Homem,Leonardo Rocha,Homem,1
Heitor Werneck,Homem,Nícollas Silva,Homem,1
Helder Oliveira,Homem,Hugo Santos,Homem,1
Helder Oliveira,Homem,Jean Moraes,Homem,1
Helder Oliveira,Homem,Leonardo Marques,Homem,1
Helder Oliveira,Homem,Nagib Matni,Homem,1
Helder Oliveira,Homem,Paulo Eugênio,Homem,1
Helder Oliveira,Homem,Rafael Lopes,Homem,2
Helder Oliveira,Homem,Stefany Pinheiro,Mulher,1
Helen Abdala R. Ferreira,Mulher,Marcia N. Viana,Mulher,1
Helen Abdala R. Ferreira,Mulher,Reinaldo B. Braga,Homem,1
Helen Ferreira,Mulher,Reinaldo B. Braga,Homem,1
Helen França Medeiros,Mulher,Jennifer Gonçalves do Amaral,Mulher,1
Helen França Medeiros,Mulher,Márcia Gonçalves Oliveira,Mulher,1
Helen França Medeiros,Mulher,Mônica F. da Silva Lopes,Mulher,1
Heleno Fülber,Homem,João Ferreira,Homem,1
Heleno Fülber,Homem,Leonardo Zamprogno,Homem,1
Helida Santos,Mulher,Renata Hax Sander Reiser,Mulher,1
Helio Pedrini,Homem,Marcos Roberto e Souza,Homem,1
Heloise Acco Tives,Mulher,Roberto Pereira,Homem,1
Heloneida Coelho,Mulher,Olavo Brito Neto,Homem,1
Helton Maia,Homem,John Victor Alves Luiz,Homem,1
Helton Maia,Homem,Mateus Eloi da Silva Bastos,Homem,1
Helton Maia,Homem,Richardson Santiago Teles de Menezes,Homem,2
Helton Maia,Homem,Rossana Moreno Santa Cruz,Mulher,1
Helton Maia,Homem,Vitor Yeso Fidelis Freitas,Homem,1
Henrique C. Freitas,Homem,Humberto T. Marques-Neto,Homem,1
Henrique C. Freitas,Homem,Tiago B. Silveira,Homem,1
Henrique Ferreira,Homem,Joelson Araújo,Homem,1
Henrique Ferreira,Homem,Patricia Moser,Mulher,1
Henrique Hepp,Homem,Leandro M. Zatesko,Homem,1
Henrique Hepp,Homem,Murilo V. G. da Silva,Homem,1
Henrique Nunes,Homem,Israel Junior,Homem,1
Henrique Nunes,Homem,Luciano Cabral,Homem,1
Henrique Nunes,Homem,Manoel Neto,Homem,1
Henrique Nunes,Homem,Marlysson Oliveira,Homem,1
Henrique S. Santana,Homem,João Marcos A. M. Ramos,Homem,1
Henrique S. Santana,Homem,Thais R. M. B. Silva,Mulher,1
Henrique S. Santana,Homem,Vinícius G. J. Almeida,Homem,1
Henrique V. Oliveira,Homem,Matheus D. de Oliveira,Homem,1
Henrique V. Oliveira,Homem,Renato A. C. Freitas,Homem,1
Henrique V. Oliveira,Homem,Silvio R. Evangelista,Homem,1
Heremita Lima,Mulher,Laís Lima,Mulher,1
Heremita Lima,Mulher,Márcio Júnior,Homem,1
Heremita Lima,Mulher,Nicoly Almeida,Mulher,1
Heremita Lima,Mulher,Petrus Bento,Homem,1
Herik S. Lorenção,Homem,Rafael V. M. Santos,Homem,1
Herleson Paiva Pontes,Homem,Juliana Pereira Cabral,Mulher,1
Heyder Vágner Ramos,Homem,Marize Lyra Silva Passos,Mulher,1
Heyder Vágner Ramos,Homem,Márcia Oliveira,Mulher,1
Heyder Vágner Ramos,Homem,Rodolfo dos Reis Fontes Novais,Homem,1
Hilson G. V. de Andrade,Homem,João Lucas A. de Albuquerque,Homem,1
Hilson G. V. de Andrade,Homem,Leandro H. C. Bernardes,Homem,1
Hilson G. V. de Andrade,Homem,Luis Marcel G. A. de Almeida,Homem,1
Hilário Tomaz Alves de Oliveira,Homem,Leandro Baêta Lustosa Pontes,Homem,1
Hiran Ferreira,Homem,Tiago Cherchiglia,Homem,1
Hiran Ferreira,Homem,Vinícius Alves Silva,Homem,1
Hudson Lopes,Homem,Ricardo Bruno de Oliveira,Homem,1
Hugo Eduardo Ziviani,Homem,Mateus Coelho Silva,Homem,1
Hugo Kuribayashi,Homem,Isaac Barros,Homem,2
Hugo Kuribayashi,Homem,João Barbosa,Homem,1
Hugo Kuribayashi,Homem,João Carmona,Homem,2
Hugo Kuribayashi,Homem,Warley Junior,Homem,2
Hugo Kuribayashi,Homem,Wendel Serra,Homem,2
Hugo M. Vicente,Homem,Maurício Collares,Homem,1
Hugo Rosado,Homem,Marcelo Benedito,Homem,1
Hugo Sadok,Homem,Luis Henrique M. K. Costa,Homem,1
Hugo Sadok,Homem,Miguel Elias M. Campista,Homem,1
Hugo Santos,Homem,Irandir Amorim,Homem,1
Hugo Santos,Homem,Leonardo Marques,Homem,1
Hugo Santos,Homem,Maria Silva,Mulher,1
Hugo Santos,Homem,Paulo Eugênio,Homem,1
Humberto A. P. Zanetti,Homem,Ivan L. M. Ricarte,Homem,1
Humberto A. P. Zanetti,Homem,Marcos A. F. Borges,Homem,1
Humberto T. Marques-Neto,Homem,Tiago B. Silveira,Homem,1
Hádria de W. Santos Farias,Mulher,Josivaldo S. Araújo,Homem,1
Hádria de W. Santos Farias,Mulher,Roberto B. de Almeida Jr.,Homem,1
Hélio Lopes,Homem,Rodrigo V. Kassick,Homem,1
Hélio Lopes,Homem,Vinícius Furlan,Homem,1
Iago Medeiros,Homem,Maria Tostes,Mulher,1
Iago Medeiros,Homem,Stefany Pinheiro,Mulher,1
Iago Medeiros,Homem,Ubiratan Bezerra,Homem,1
Ialy C. Sousa,Mulher,Iana Daya C. F. Passos,Mulher,1
Ialy C. Sousa,Mulher,Jerry A. Souza,Homem,1
Ialy C. Sousa,Mulher,Lílian H. Teixeira,Mulher,1
Ialy C. Sousa,Mulher,Mary Karlla A. Guimarães,Mulher,1
Ialy C. Sousa,Mulher,Moacy P. Silva,Homem,1
Ian Nery Bandeira,Homem,Maristela Holanda,Mulher,1
Iana Daya C. F. Passos,Mulher,Jerry A. Souza,Homem,1
Iana Daya C. F. Passos,Mulher,Lílian H. Teixeira,Mulher,1
Iana Daya C. F. Passos,Mulher,Mary Karlla A. Guimarães,Mulher,1
Iana Daya C. F. Passos,Mulher,Moacy P. Silva,Homem,1
Ianka Assis,Mulher,Natália C. Louzada,Mulher,1
Ianka Assis,Mulher,Ramayane B. Braga,Mulher,1
Ianka Assis,Mulher,Thalia S. Santana,Mulher,1
Iara S. Edgel,Mulher,Josiane N. S. Lopes,Mulher,1
Iara S. Edgel,Mulher,Jozeane P. A. Silva,Mulher,1
Iara S. Edgel,Mulher,Viviane A. Souza,Mulher,1
Iara S. Edgel,Mulher,Yasmin S. Néu,Mulher,1
Ighor Bruno de Brito,Homem,Willian de Assis Sento Sé,Homem,1
Igo Amauri S. Luz,Homem,Luciano T. Silva,Homem,1
Igo Amauri S. Luz,Homem,Rebeca dos Santos,Mulher,1
Igor Batista,Homem,Kalline Freitas,Mulher,1
Igor Batista,Homem,Priscylla Silva,Mulher,1
Igor Batista,Homem,Ricardo Ribeiro,Homem,1
Igor Batista,Homem,Wanessa Lima,Mulher,1
Igor C. Sodré,Homem,Pedro B. Pio,Homem,1
Igor C. Sodré,Homem,Vinicius R. P. Borges,Homem,1
Igor Dantas,Homem,Jose Neto,Homem,1
Igor Dantas,Homem,Lourival Neto,Homem,1
Igor Dantas,Homem,Lucas Silva,Homem,1
Igor Dantas,Homem,Thaíse Costa,Mulher,1
Igor Estrela,Homem,Luis Rivero,Homem,1
Igor Gonçalves,Homem,Iure Fé,Homem,1
Igor Gonçalves,Homem,Laécio Rodrigues,Homem,1
Igor Gonçalves,Homem,Patrícia Endo,Mulher,1
Igor M. Coelho,Homem,Paulo Eustáquio D. Pinto,Homem,1
Igor Moraes,Homem,Júlio César Resende,Homem,1
Igor Moraes,Homem,Leonardo Rocha,Homem,1
Igor Muzetti Pereira,Homem,Vicente José Peixoto de Amorim,Homem,1
Igor Santos,Homem,Luís Orleans,Homem,1
Igor Santos,Homem,Natália Silva,Mulher,1
Igor W. A. Falcão,Homem,Marcos C. R. Seruffo,Homem,2
Igor W. A. Falcão,Homem,Paulo H. A. Pereira,Homem,2
Igor W. A. Falcão,Homem,Rafael F. Vieira,Homem,3
Igor W. A. Falcão,Homem,Rita de C. P. Cunha,Mulher,1
Igor de A. Lima,Homem,Lilian B. B. Gomes,Mulher,1
Igor de A. Lima,Homem,Lucas H. F. Pavão,Homem,1
Igor de A. Lima,Homem,Marco A. O. Domingues,Homem,1
Igor de A. Lima,Homem,Mateus H. S. Ferraz,Homem,1
Ildenê F. S. Mota,Mulher,Kamilla Taiwhscki B. Silva,Mulher,1
Ildenê F. S. Mota,Mulher,Viviane A. Santos,Mulher,1
Inaldo Costa,Homem,Luis Rivero,Homem,1
Inaldo Costa,Homem,Tercio Sousa,Homem,1
Indra Matsiendra C. D. Ribeiro,Mulher,Izabela A. Andrade,Mulher,1
Indra Matsiendra C. D. Ribeiro,Mulher,Julia M. M. Gonçalves,Mulher,1
Indra Matsiendra C. D. Ribeiro,Mulher,Luísa M. Laboissiere,Mulher,1
Indra Matsiendra C. D. Ribeiro,Mulher,Marcella D. Ferreira,Mulher,1
Indra Matsiendra C. D. Ribeiro,Mulher,Michele A. Brandão,Mulher,1
Indra Matsiendra C. D. Ribeiro,Mulher,Mirella M. Moro,Mulher,1
Ingrid Borchert,Mulher,Mauro Nigro,Homem,1
Ingrid Borchert,Mulher,Sérgio Fusquino,Homem,1
Ingrid Nunes,Mulher,Jhonny Mertz,Homem,1
Ingrid Santos,Mulher,Isabelly Oliveira,Mulher,1
Ingrid Santos,Mulher,Karla Susiane Pereira,Mulher,1
Ingrid Santos,Mulher,Larissa Pessoa,Mulher,1
Ingrid Santos,Mulher,Rosiane Freitas,Mulher,1
Ingrid Santos,Mulher,Tanara Lauschner,Mulher,1
Inácio G. Medeiros,Homem,Soraya R. S. Medeiros,Mulher,1
Irandir Amorim,Homem,Maria Silva,Mulher,1
Isa Neves,Mulher,Laila Pereira Mota,Mulher,1
Isaac Barros,Homem,João Barbosa,Homem,1
Isaac Barros,Homem,João Carmona,Homem,2
Isaac Barros,Homem,Warley Junior,Homem,2
Isaac Barros,Homem,Wendel Serra,Homem,2
Isabel Dillmann Nunes,Mulher,Joicy Daliane Oliveira,Mulher,1
Isabel Dillmann Nunes,Mulher,Soraya Medeiros,Mulher,1
Isabel Dillmann Nunes,Mulher,Thayrone Santos,Homem,1
Isabel P. Matos,Mulher,Júlia F. G. Prado,Mulher,1
Isabel P. Matos,Mulher,Lucila Ishitani,Mulher,1
Isabel P. Matos,Mulher,Mônica C. Machado,Mulher,1
Isabela Gasparini,Mulher,Milene Selbach Silveira,Mulher,1
Isabela Gasparini,Mulher,Rebeca Schroeder,Mulher,1
Isabela Gasparini,Mulher,Silvia Amelia Bim,Mulher,2
Isabela Gasparini,Mulher,Simone Diniz Junqueira Barbosa,Mulher,1
Isabela Gasparini,Mulher,Suzany Angeli,Mulher,2
Isabela Gasparini,Mulher,Êrica Peters do Carmo,Mulher,1
Isabela Reinhold,Mulher,Maria Tereza de Almeida Wippel,Mulher,1
Isabele B. Prates,Mulher,João Gabriel R. Silva,Homem,1
Isabele B. Prates,Mulher,Letícia C. T. Nascimento,Mulher,1
Isabele B. Prates,Mulher,Pedro H. O. Souza,Homem,1
Isabele B. Prates,Mulher,Renato C. Cani,Homem,1
Isabele B. Prates,Mulher,Thiago R. Almeida,Homem,1
Isabella A. D. Melo,Mulher,Leticia M. M. S. Cheloni,Mulher,1
Isabella A. D. Melo,Mulher,Raylla L. S. Gama,Mulher,1
Isabella A. D. Melo,Mulher,Suelen M. de Paula,Mulher,1
Isabelly Oliveira,Mulher,Karla Susiane Pereira,Mulher,1
Isabelly Oliveira,Mulher,Larissa Pessoa,Mulher,1
Isabelly Oliveira,Mulher,Rosiane Freitas,Mulher,1
Isabelly Oliveira,Mulher,Tanara Lauschner,Mulher,1
Isadora B. M. C. Ferreira,Mulher,Lucas Fonseca,Homem,1
Isadora Garcia Ferrão,Mulher,Kalinka R. L. J. C. Branco,Mulher,1
Isadora Mendes dos Santos,Mulher,Marcelle Pereira Mota,Mulher,1
Ismael Araújo Ramos,Homem,Márcio André Baima Amora,Homem,1
Ismael Silva,Homem,Laura Ribeiro,Mulher,1
Ismael Silva,Homem,Natália Santos,Mulher,1
Israel Junior,Homem,Luciano Cabral,Homem,1
Israel Junior,Homem,Manoel Neto,Homem,1
Israel Junior,Homem,Marlysson Oliveira,Homem,1
Italo Cunha,Homem,Leandro P. de Aguiar,Homem,2
Italo Dovera,Homem,Luis Rivero,Homem,1
Italo Dovera,Homem,Matheus Bessa,Homem,1
Italo Dovera,Homem,Rafael Gomes,Mulher,1
Italo Santos,Homem,Simone R. S. Souza,Mulher,1
Iure Fé,Homem,Laécio Rodrigues,Homem,2
Iure Fé,Homem,Patrícia Endo,Mulher,1
Ivaldir de Farias Junior,Homem,Jeferson Vieira,Homem,1
Ivaldir de Farias Junior,Homem,Valéria Silva,Mulher,1
Ivan L. M. Ricarte,Homem,Marcos A. F. Borges,Homem,1
Ivan Machado,Homem,Joselito Mota Júnior,Homem,1
Ives C. Passos,Homem,Leonardo F. B. S. Carvalho,Homem,1
Ivo Riegel,Homem,Jefferson Chaves,Homem,1
Ivo Riegel,Homem,Jeliel Braz,Homem,1
Ivo Riegel,Homem,Marcio Piffer,Homem,1
Ivo Riegel,Homem,Yuri Salvador,Homem,1
Ivonei Freitas da Silva,Homem,Luiz Antonio Rodrigues,Homem,1
Ivonei Freitas da Silva,Homem,Marcelo Roger Meneghatti,Homem,1
Ivonei Freitas da Silva,Homem,Maria da Piedade Araújo,Mulher,1
Ivonei Freitas da Silva,Homem,Sandra Mara Stocker Lago,Mulher,1
Ivonildo Neto,Homem,Matheus Oliveira,Homem,1
Ivy Oliveira Magesti,Mulher,Julie Silva Pereira,Mulher,1
Ivy Oliveira Magesti,Mulher,Luiza Rosa de Moura,Mulher,1
Ivy Oliveira Magesti,Mulher,Nurian Maria Amâncio Coelho,Mulher,1
Ivyna R. S. Alves,Mulher,Lívia M. R. S. Campos,Mulher,1
Ivyna R. S. Alves,Mulher,Marcella M. S. C. de Almeida,Mulher,1
Ivyna Rayany Santino Alves,Mulher,Lana Gomes,Mulher,1
Ivyna Rayany Santino Alves,Mulher,Marcella Medeiros Siqueira C. de Almeida,Mulher,1
Ivyna Rayany Santino Alves,Mulher,Vanessa Dantas,Mulher,1
Izabela A. Andrade,Mulher,Julia M. M. Gonçalves,Mulher,1
Izabela A. Andrade,Mulher,Luísa M. Laboissiere,Mulher,1
Izabela A. Andrade,Mulher,Marcella D. Ferreira,Mulher,1
Izabela A. Andrade,Mulher,Michele A. Brandão,Mulher,1
Izabela A. Andrade,Mulher,Mirella M. Moro,Mulher,1
Izabela Lorena Azevedo,Mulher,Larissa Kiana Santos Azevedo Martins,Mulher,1
Izabela Lorena Azevedo,Mulher,Nayana Borges das Mercês,Mulher,1
Izabela Lorena Azevedo,Mulher,Tayana Nery Franca,Mulher,1
Izabela Lorena Azevedo,Mulher,Taís Pinheiro Borges Silva,Mulher,1
Izabela Lorena Azevedo,Mulher,Vanessa Michalsky Barbosa,Mulher,1
Jaciana B. da Silva,Mulher,Reinaldo B. Braga,Homem,1
Jacilane de H. Rabelo,Mulher,Kalinka Castelo Branco,Mulher,1
Jacilane de H. Rabelo,Mulher,Lauana M. C. de Oliveira,Mulher,2
Jacilane de H. Rabelo,Mulher,Maria Elanne M. Rodrigues,Mulher,1
Jacilane de H. Rabelo,Mulher,Maria Victoria S. Fiori,Mulher,2
Jacilane de H. Rabelo,Mulher,Marina da S. Rocha,Mulher,2
Jacilane de H. Rabelo,Mulher,Victoria Gabriella R. Pereira,Mulher,1
Jacqueline Cardozo,Mulher,Ramon Mayor Martins,Homem,1
Jacques André Grings,Homem,Naira Kaieski,Mulher,1
Jacques André Grings,Homem,Paula Nunes,Mulher,1
Jacques Wainer,Homem,Ramon Pires,Homem,1
Jailma da silva,Mulher,Renata Figueiredo,Mulher,1
Jailma da silva,Mulher,Sheyla Medeiros,Mulher,1
Jailma da silva,Mulher,Thaíse Costa,Mulher,1
Jailma da silva,Mulher,Vanessa Dantas,Mulher,1
Jailton W. Tavares,Homem,Patrícia P. Diniz,Mulher,1
Jailton W. Tavares,Homem,Renato H. Torres,Homem,1
Jailton W. Tavares,Homem,Wallyson O. das Mecês,Homem,1
Jair Leite,Homem,Leandro Galvão,Homem,1
Jairo Panetta,Homem,Matheus da Silva Serpa,Homem,1
Jairo Panetta,Homem,Pablo José Pavan,Homem,1
Jairo Panetta,Homem,Philippe O. A. Navaux,Homem,1
Jairo Panetta,Homem,Víctor Martínez,Homem,1
Janaina Gomide,Mulher,João Pinheiro,Homem,1
Janaina Gomide,Mulher,João Victor Moreira,Homem,1
Janaina Gomide,Mulher,Julia Godinho,Mulher,2
Janaina Gomide,Mulher,Júlia Marotti,Mulher,1
Janaina Gomide,Mulher,Laura Emmanuella de Oliveira,Mulher,1
Janaina Gomide,Mulher,Milena Estanislau,Mulher,1
Janaina Gomide,Mulher,Tabatta Martins,Mulher,1
Janaina Gomide,Mulher,Valeria Nunes Belmonte,Mulher,1
Janaina Gomide,Mulher,Yuri Guedes ,Homem,1
Janio Carlos Nascimento Silva,Homem,Luiz Satoru Ochi,Homem,1
Janio Carlos Nascimento Silva,Homem,Uéverton dos Santos Souza,Homem,1
Jaqueline Moura,Mulher,Karina Fernandes,Mulher,1
Jaqueline Moura,Mulher,Ketrin Vargas,Mulher,1
Jasiel G. Bahia,Homem,Miguel Elias M. Campista,Homem,1
Javier Baliosian,Homem,Martín Gutiérrez,Homem,1
Javier Baliosian,Homem,Nicolás Hidalgo,Homem,1
Javier Baliosian,Homem,Paulo R. Coelho,Homem,1
Javier Baliosian,Homem,Rafael Pasquini,Homem,1
Javier Baliosian,Homem,Rodrigo S. Miani,Homem,1
Javier Guillot Jiménez,Homem,Luiz André P. Paes Leme,Homem,1
Javier Guillot Jiménez,Homem,Marco A. Casanova,Homem,1
Javier Marenco,Homem,Nelson Maculan,Homem,1
Javier Marenco,Homem,Rosiane Freitas,Mulher,1
Jayme L. Szwarcfiter,Homem,José Wilson C. Pinto,Homem,1
Jayme L. Szwarcfiter,Homem,Lívia S. Medeiros,Mulher,1
Jayme L. Szwarcfiter,Homem,Lívia Salgado Medeiros,Mulher,1
Jayme L. Szwarcfiter,Homem,María Pía Mazzoleni,Mulher,1
Jayme L. Szwarcfiter,Homem,Moysés S. Sampaio Jr.,Homem,3
Jayme L. Szwarcfiter,Homem,Paulo E. D. Pinto,Homem,3
Jayme L. Szwarcfiter,Homem,Paulo Pinto,Homem,1
Jayme L. Szwarcfiter,Homem,Tanilson D. Santos,Homem,2
Jayme L. Szwarcfiter,Homem,Ueverton Souza,Homem,1
Jayme L. Szwarcfiter,Homem,Uéverton S. Souza,Homem,1
Jayme L. Szwarcfiter,Homem,Vinicius F. Santos,Homem,2
Jayme L. Szwarcfiter,Homem,Vitor T. F. de Luca,Homem,1
Jayme L. Szwarcfiter,Homem,Vitor Tocci Ferreira de Luca,Homem,1
Jean Araújo,Homem,Luan Lins,Homem,1
Jean Luca Bez,Homem,Philippe O. A. Navaux,Homem,1
Jean Moraes,Homem,Maria Tostes,Mulher,1
Jean Moraes,Homem,Nagib Matni,Homem,1
Jean Moraes,Homem,Ubiratan Bezerra,Homem,1
Jean Patric da Costa,Homem,Marcelo Teixeira,Homem,1
Jean Rangel,Homem,João Bernado,Homem,1
Jean Rangel,Homem,Karla Pereira,Mulher,1
Jean Rangel,Homem,Larissa Pessoa,Mulher,1
Jean Rangel,Homem,Rosiane Freitas,Mulher,1
Jean Rangel,Homem,Silvia A. Bim,Mulher,1
Jean Rosa,Homem,Luana Carneiro,Mulher,1
Jean Rosa,Homem,Marlo Souza,Homem,1
Jeferson V. L. Albino,Homem,Newton C. Will,Homem,1
Jeferson V. L. Albino,Homem,Rafael A. P. de Oliveira,Homem,1
Jeferson Vieira,Homem,Valéria Silva,Mulher,1
Jefferson Andrade,Homem,Jonathan R. da Silva,Homem,1
Jefferson Andrade,Homem,Karin Komati,Mulher,2
Jefferson Andrade,Homem,Leandro C. Resendo,Homem,1
Jefferson Andrade,Homem,Luiz Pinto,Homem,1
Jefferson Chaves,Homem,Jeliel Braz,Homem,1
Jefferson Chaves,Homem,Marcio Piffer,Homem,1
Jefferson Chaves,Homem,Yuri Salvador,Homem,1
Jefferson Oliveira Andrade,Homem,Joubert Alexandrino de Souza,Homem,1
Jefferson Oliveira Andrade,Homem,Karin Satie Komati,Mulher,2
Jefferson Oliveira Andrade,Homem,Leandro Rodrigues Ramos,Homem,1
Jefferson Simões,Homem,João Pinheiro,Homem,1
Jefferson Simões,Homem,Marcus Amorim,Homem,1
Jefferson de Oliveira Chaves,Homem,Leandro Marcos Salgado Alves,Homem,1
Jefferson de Oliveira Chaves,Homem,Michel Luís Rohr,Homem,1
Jeliel Braz,Homem,Marcio Piffer,Homem,1
Jeliel Braz,Homem,Yuri Salvador,Homem,1
Jennifer Gonçalves do Amaral,Mulher,Márcia Gonçalves Oliveira,Mulher,1
Jennifer Gonçalves do Amaral,Mulher,Mônica F. da Silva Lopes,Mulher,1
Jennyfer Araújo,Mulher,Leonardo Fronza,Homem,1
Jennyfer Araújo,Mulher,Luciana P. de Araújo Kohler,Mulher,1
Jeovana Leão,Mulher,Julis Figueira de Araújo,Homem,2
Jeovana Leão,Mulher,Kalil Ferreira,Homem,2
Jeovana Leão,Mulher,Mariana Barros,Mulher,2
Jeovana Leão,Mulher,Tanara Lauschner,Mulher,2
Jerffeson Souza,Homem,Levi da Silva,Homem,1
Jerffeson Souza,Homem,Saori Costa,Mulher,1
Jerry A. Souza,Homem,Lílian H. Teixeira,Mulher,1
Jerry A. Souza,Homem,Mary Karlla A. Guimarães,Mulher,1
Jerry A. Souza,Homem,Moacy P. Silva,Homem,1
Jessica Viana,Mulher,Melissa Zanatta,Mulher,1
Jhonatan T. Cabral Néry,Homem,Joslaine C. Jeske de Freitas,Mulher,1
Jislane S. S. de Menezes,Mulher,Kamille G. Bezerra,Mulher,1
Jislane S. S. de Menezes,Mulher,Leandro Santos Fraga,Homem,1
Joana Silva,Mulher,Joyce Santos,Mulher,1
Joaquim Celestino Jr,Homem,Rafael Gomes,Mulher,1
Joel J. P. C. Rodrigues,Homem,Mário W. L. Moreira,Homem,1
Joel J. P. C. Rodrigues,Homem,Rhayane S. Monteiro,Mulher,1
Joel J. P. C. Rodrigues,Homem,Samuel B. Mafra,Homem,2
Joel J. P. C. Rodrigues,Homem,Victor Hugo C. de Albuquerque,Homem,1
Joel J. P. C. Rodrigues,Homem,Vitor A.C. Figueiredo,Homem,1
Joel J. P. C. Rodrigues,Homem,Werner A. A. N. da Silveira,Homem,1
Joel Rodrigues,Homem,José Sobral,Homem,1
Joel Rodrigues,Homem,Ricardo Rabêlo,Homem,1
Joelson Araújo,Homem,Patricia Moser,Mulher,1
John Davi D. C. Pires,Homem,Rebeca de Jesus Brandão,Mulher,1
John Davi D. C. Pires,Homem,Samuel Lucas V. L. Barbosa,Homem,1
John Davi D. C. Pires,Homem,Victor Accete,Homem,1
John Davi D. C. Pires,Homem,Wagner Fontes,Homem,1
John Victor Alves Luiz,Homem,Richardson Santiago Teles de Menezes,Homem,1
John Victor Alves Luiz,Homem,Rossana Moreno Santa Cruz,Mulher,1
Johnny Marques,Homem,Lilian Barros,Mulher,1
Johnny Marques,Homem,Luciana Foss,Mulher,1
Johnny Marques,Homem,Placida Oliveira,Mulher,1
Johnny Marques,Homem,Renata Reiser,Mulher,1
Johnny Marques,Homem,Simone Cavalheiro,Mulher,1
Johnny Marques,Homem,Talita Slavov,Mulher,1
Joicy Daliane Oliveira,Mulher,Soraya Medeiros,Mulher,1
Joicy Daliane Oliveira,Mulher,Thayrone Santos,Homem,1
Joilson Oliveira Telles,Homem,Lara Mello do Nascimento,Mulher,1
Joilson Oliveira Telles,Homem,Leonardo Renner Koppe,Homem,1
Joilson Oliveira Telles,Homem,Naira Kaieski,Mulher,1
Joilson Oliveira Telles,Homem,William Augusto Pez,Homem,1
Jonas B. C. Máximo,Homem,Marcelo M. Silva,Homem,1
Jonas B. C. Máximo,Homem,Maria Simone Nunes,Mulher,1
Jonas B. C. Máximo,Homem,Marianna Severo,Mulher,1
Jonas B. C. Máximo,Homem,Paulo A. C. Aguilar,Homem,1
Jonas B. C. Máximo,Homem,Valdemir de Queiroz Neto,Homem,1
Jonas Boechat,Homem,Luciana Borges,Mulher,1
Jonas Boechat,Homem,Otávio Dantas,Homem,1
Jonas Costa,Homem,Nicolas Nisse,Homem,1
Jonas Costa,Homem,Raul Lopes,Homem,2
Jonatas Nascimento,Homem,Josepher Silva,Homem,1
Jonatas Nascimento,Homem,Levy Silva,Homem,1
Jonatas Nascimento,Homem,Roberta Suero,Mulher,1
Jonathan Nau,Homem,Rudimar Luís Scaranto Dazzi,Homem,1
Jonathan R. da Silva,Homem,Karin Komati,Mulher,1
Jonathan R. da Silva,Homem,Leandro C. Resendo,Homem,1
Jonice Oliveira,Mulher,Luiz Paulo Carvalho,Homem,1
Jorge A. Wagner Filho,Homem,Luciana Nedel,Mulher,1
Jorge Aranda,Homem,Jorge Barbosa,Homem,1
Jorge Aranda,Homem,Juliano Carvalho,Homem,1
Jorge Aranda,Homem,Lucas Dias,Homem,1
Jorge Aranda,Homem,Mauricio Tavares,Homem,1
Jorge Barbosa,Homem,João Lopes,Homem,1
Jorge Barbosa,Homem,João Tavares,Homem,1
Jorge Barbosa,Homem,Juliano Carvalho,Homem,1
Jorge Barbosa,Homem,Leandro Camargo,Homem,1
Jorge Barbosa,Homem,Lucas Dias,Homem,1
Jorge Barbosa,Homem,Lucas Penning,Homem,1
Jorge Barbosa,Homem,Mauricio Tavares,Homem,1
Jorge Barbosa,Homem,Reginaldo Santos,Homem,1
Jorge Barbosa,Homem,Rodrigo Bavaresco,Homem,1
Jorge Barbosa,Homem,Rodrigo Real,Homem,1
Jorge Goulart,Homem,Paulo Pinto,Homem,1
Jorge Macêdo,Homem,Vicente Carvalho,Homem,1
Jorge Pereira,Homem,João Victor Lopes,Homem,1
Jorge Pereira,Homem,Thais Batista,Mulher,1
Jorge dos Santos,Homem,Welverton da Silva,Homem,1
Jose Neto,Homem,Lourival Neto,Homem,1
Jose Neto,Homem,Lucas Silva,Homem,1
Jose Neto,Homem,Thaíse Costa,Mulher,1
Joseane O. V. Paiva,Mulher,Rainara M. Carvalho,Mulher,1
Joseane O. V. Paiva,Mulher,Rossana M. C. Andrade,Mulher,1
Josely Cubero,Mulher,Julia Passos,Mulher,1
Josely Cubero,Mulher,Karina Huh,Mulher,1
Josely Cubero,Mulher,Lais Cavalheiro,Mulher,1
Josely Cubero,Mulher,Marcelo M. Eler,Homem,1
Josely Cubero,Mulher,Sarajane M. Peres,Mulher,1
Josely Cubero,Mulher,Yasmin Gonçalves,Mulher,1
Josepher Silva,Homem,Levy Silva,Homem,1
Josepher Silva,Homem,Roberta Suero,Mulher,1
Josiane N. S. Lopes,Mulher,Jozeane P. A. Silva,Mulher,1
Josiane N. S. Lopes,Mulher,Viviane A. Souza,Mulher,1
Josiane N. S. Lopes,Mulher,Yasmin S. Néu,Mulher,1
Josiane Porto,Mulher,Tiago Lima,Homem,1
Josiane Rosa de Oliveira Gaia Pimenta,Mulher,Maria Cecilia Calani Baranauskas,Mulher,2
Josilene A. Moreira,Mulher,Laura L. A. O. Campos,Mulher,1
Josilene A. Moreira,Mulher,Luyza E. D. Nascimento,Mulher,1
Josilene A. Moreira,Mulher,Maria Eulina P. Carvalho,Mulher,1
Josilene A. Moreira,Mulher,Maria L. M. Calixto,Mulher,1
Josilene A. Moreira,Mulher,Ricardo M. Silva,Homem,1
Josilene A. Moreira,Mulher,Thiago Henrique C. Tavares,Homem,1
Josilene A. Moreira,Mulher,Tiago E. S. Araujo,Homem,1
Josilene A. Moreira,Mulher,Vanessa G. L. Pessoa,Mulher,1
Josilene Aires,Mulher,Sanny Alves,Mulher,1
Josilene Aires,Mulher,Thiago Coelho,Homem,1
Josinaldo Pontes,Homem,José Adson Cunha,Homem,1
Josinaldo Pontes,Homem,Mirelly da Silva,Mulher,1
Josivaldo S. Araújo,Homem,Roberto B. de Almeida Jr.,Homem,1
Josivaldo S. Araújo,Homem,Sandy Hiorrana L. Farias,Mulher,1
Josivaldo S. Araújo,Homem,Sara M. Silva,Mulher,1
Josivaldo de Souza Araújo,Homem,Roberto Barbosa de Almeida Júnior,Homem,1
Josivan R. Reis,Homem,Luiz Henrique C. Nunes,Homem,1
Josivan R. Reis,Homem,Mariana W. B. Nascimento,Mulher,1
Josivan R. Reis,Homem,Márcio J. M. Ponte,Homem,1
Josivan R. Reis,Homem,Roberto P. Nascimento,Homem,1
Joslaine Cristina J. de Freitas,Mulher,Marcos Wagner de Souza Ribeiro,Homem,1
Joslaine Cristina J. de Freitas,Mulher,Tamara Cristina Ferreira,Mulher,1
José Adson Cunha,Homem,Mirelly da Silva,Mulher,1
José Adson Oliveira Guedes da Cunha,Homem,José Jorge Lima Dias Jr.,Homem,1
José Andersson S. da Silva,Homem,Sônia R. Fortes da Silva,Mulher,1
José Augusto Fabri,Homem,Kefferson Ricardi,Homem,1
José Augusto Fabri,Homem,Marco Aurélio Graciotto Silva,Homem,1
José Augusto Fabri,Homem,Soraia Silva Prietch,Mulher,1
José Augusto Fabri,Homem,Yuri Rafael Grajefe Feitosa,Homem,1
José Carlos Maldonado,Homem,Kalinka Castelo Branco,Mulher,1
José Carlos Maldonado,Homem,Luiz Henrique Castelo Branco,Homem,1
José Carlos Maldonado,Homem,Sabrina Tridico,Mulher,1
José Cunha,Homem,Juliana Saraiva,Mulher,1
José Cunha,Homem,Wellington Lemos,Homem,1
José Diogo A. de Sousa,Homem,Juliana F. dos Santos,Mulher,2
José Diogo A. de Sousa,Homem,Rafael Ferreira Mello,Homem,1
José Gameleira Neto,Homem,Luís Felipe Santos,Homem,1
José Gameleira Neto,Homem,Thais Batista,Mulher,1
José Henrique R. Cruz,Homem,Maurício Arimoto,Homem,1
José Neuman de Souza,Homem,Leonardo Moreira,Homem,1
José Neuman de Souza,Homem,Maurício M. Neto,Homem,1
José Quaresma,Homem,Marianne Eliasquevici,Mulher,1
José Quaresma,Homem,Sandra Oliveira,Homem,1
José Robertty de Freitas Costa,Homem,Manoel Campêlo,Homem,1
José Robertty de Freitas Costa,Homem,Mateus Lima Alves,Homem,1
José Robertty de Freitas Costa,Homem,Paulo Miranda e Silva Sousa,Homem,1
José Robertty de Freitas Costa,Homem,Victor de Souza Lima,Homem,1
José Robertty de Freitas Costa,Homem,Wladimir Araújo Tavares,Homem,1
José Samuel Assunção Luz,Homem,Juliana Aragão,Mulher,1
José Silva,Homem,Letícia Oliveira,Mulher,1
José Sobral,Homem,Ricardo Rabêlo,Homem,1
José Vinícius V. Lima,Homem,Wladimir Filho,Homem,1
José Viterbo,Homem,Luciana Cardoso de Castro Salgado,Mulher,1
Joubert Alexandrino de Souza,Homem,Karin Satie Komati,Mulher,1
Joyce Nayne Araújo Nascimento,Mulher,Maria Tassiane Barros de Lima,Mulher,1
Joyce Nayne Araújo Nascimento,Mulher,Nayara Maria Costa de Mesquita,Mulher,1
Joyce Nayne Araújo Nascimento,Mulher,Paulo de Tarso Guerra Oliveira,Homem,1
Jozeane P. A. Silva,Mulher,Viviane A. Souza,Mulher,1
Jozeane P. A. Silva,Mulher,Yasmin S. Néu,Mulher,1
João B. Bottentuit Junior,Homem,Luis Rivero,Homem,1
João Barbosa,Homem,João Carmona,Homem,1
João Barbosa,Homem,Warley Junior,Homem,1
João Barbosa,Homem,Wendel Serra,Homem,1
João Bernado,Homem,Karla Pereira,Mulher,1
João Bernado,Homem,Larissa Pessoa,Mulher,1
João Bernado,Homem,Rosiane Freitas,Mulher,1
João Bernado,Homem,Silvia A. Bim,Mulher,1
João C. P. da Silva,Homem,Karen Torres Teixeira,Mulher,1
João C. P. da Silva,Homem,Maria Luiza Machado Campos,Mulher,1
João Carmona,Homem,Warley Junior,Homem,2
João Carmona,Homem,Wendel Serra,Homem,2
João Choma Neto,Homem,Leo Natan Paschoal,Homem,1
João Choma Neto,Homem,Simone R. S. Souza,Mulher,2
João Choma Neto,Homem,Thelma E. Colanzi,Mulher,1
João Eduardo Montandon,Homem,Marco Túlio Valente,Homem,1
João Fernando Machry Sarubbi,Homem,Marcelo Fonseca Faraj,Homem,1
João Fernando Machry Sarubbi,Homem,Sebastián Urrutia,Homem,1
João Ferreira,Homem,Leonardo Zamprogno,Homem,1
João G. R. Silva,Homem,Juliana S. Silva,Mulher,1
João G. R. Silva,Homem,Samuel O. S. Bianch,Homem,1
João Gabriel R. Silva,Homem,Letícia C. T. Nascimento,Mulher,1
João Gabriel R. Silva,Homem,Maria Júlia M. Schettini,Mulher,1
João Gabriel R. Silva,Homem,Pedro H. O. Souza,Homem,1
João Gabriel R. Silva,Homem,Renato C. Cani,Homem,1
João Gabriel R. Silva,Homem,Samuel O. Silva,Homem,1
João Gabriel R. Silva,Homem,Thiago R. Almeida,Homem,1
João Guilherme Martinez,Homem,Rosiane Freitas,Mulher,1
João Gustavo Kienen,Homem,Julia Luiza da Conceição,Mulher,1
João Gustavo Kienen,Homem,Rosiane Freitas,Mulher,1
João Gustavo Kienen,Homem,Sérgio Anders,Homem,1
João Henrique Berssanette,Homem,Lavínia de Oliveira Martins,Mulher,1
João Henrique Berssanette,Homem,Natália Gallo Ribeiro,Mulher,1
João Ismael Pinheiro,Homem,Mateus S. Nogueira,Homem,1
João Ladislau Lopes,Homem,Ricardo B. Almeida,Homem,1
João Ladislau Lopes,Homem,Roger Machado,Homem,1
João Laterza,Homem,Maristela Holanda,Mulher,1
João Laterza,Homem,Roberta B. Oliveira,Mulher,1
João Lopes,Homem,Leandro Camargo,Homem,1
João Lopes,Homem,Leonardo João,Homem,1
João Lopes,Homem,Roger Machado,Homem,2
João Lopes,Homem,Rogério Albandes,Homem,1
João Lopes,Homem,Verônica Tabim,Mulher,1
João Lucas A. de Albuquerque,Homem,Leandro H. C. Bernardes,Homem,1
João Lucas A. de Albuquerque,Homem,Luis Marcel G. A. de Almeida,Homem,1
João M. M. C. Cota,Homem,Raquel O. Prates,Mulher,1
João Marcos A. M. Ramos,Homem,Thais R. M. B. Silva,Mulher,1
João Marcos A. M. Ramos,Homem,Vinícius G. J. Almeida,Homem,1
João Marcos Cavalcanti,Homem,Marcela Pessoa,Mulher,1
João Marcos Cavalcanti,Homem,Robson Melo,Homem,1
João Marcos Cavalcanti,Homem,Sergio Cleger,Homem,1
João Neto,Homem,Robson Bonidia,Homem,1
João P. M. Ferreira,Homem,Renato Martins,Homem,1
João P. P. Gomes,Homem,Lucas G. M. Leite,Homem,1
João Paulo K. S. Nunes,Homem,Thiago Bianchi,Homem,1
João Paulo de S. Rodrigues,Homem,Kleverton Robson da Silva Cordovil,Homem,1
João Paulo de S. Rodrigues,Homem,Orlando Shigueo Ohashi Junior,Homem,1
João Paulo de S. Rodrigues,Homem,Renato Hidaka Torres,Homem,1
João Pedro Cavalcanti Uchoa,Homem,Rafael Ferreira Mello,Homem,1
João Pedro Cavalcanti Uchoa,Homem,Samuel Souza Wagner,Homem,1
João Pedro Cavalcanti Uchoa,Homem,Taciana Pontual Falcão,Mulher,1
João Pedro Cavalcanti Uchoa,Homem,Victoria Luisi,Mulher,1
João Pedro W. Bernardi,Homem,Leandro M. Zatesko,Homem,1
João Pedro W. Bernardi,Homem,Sheila M. Almeida,Mulher,1
João Pedro de Souza,Homem,Wanderson Lomenha,Homem,1
João Pinheiro,Homem,Julia Godinho,Mulher,1
João Pinheiro,Homem,Marcus Amorim,Homem,1
João Pinheiro,Homem,Yuri Guedes ,Homem,1
João Ricardo dos S. Rosa,Homem,Natasha Malveira C. Valentim,Mulher,1
João Tavares,Homem,Rodrigo Real,Homem,1
João V. S. Leite,Homem,Marcos Bedo,Homem,1
João V. S. Leite,Homem,Rodolfo A. de Oliveira,Homem,1
João Victor Lopes,Homem,Thais Batista,Mulher,1
João Vitor Ferraz,Homem,Matheus Lima Viana,Homem,1
João Vitor Ferraz,Homem,Maísa Soares dos Santos Lopes,Mulher,1
João Vitor Ferraz,Homem,Rodrigo Silva Lima,Homem,1
João Vitor Ferraz,Homem,Roque Mendes Prado Trindade,Homem,1
João Vítor M. Santos,Homem,Pedro Enrique M. Santos,Homem,1
Juan Colonna,Homem,Marco Cristo,Homem,1
Juan Colonna,Homem,Nabson Silva,Homem,1
Juan Gutiérrez,Homem,Luis Chahua,Homem,1
Juan P. A. Lopes,Homem,Paulo E. D. Pinto,Homem,1
Juan P. A. Lopes,Homem,Valmir C. Barbosa,Homem,1
Jucimar B. Souza,Homem,Marcelo C. Machado,Homem,1
Jucimar B. Souza,Homem,Pedro Pequeno,Homem,1
Julia Godinho,Mulher,Júlia Marotti,Mulher,1
Julia Godinho,Mulher,Laura Emmanuella de Oliveira,Mulher,1
Julia Godinho,Mulher,Milena Estanislau,Mulher,1
Julia Godinho,Mulher,Tabatta Martins,Mulher,1
Julia Godinho,Mulher,Valeria Nunes Belmonte,Mulher,1
Julia Godinho,Mulher,Yuri Guedes ,Homem,1
Julia Luiza da Conceição,Mulher,Juliana Magalhães,Mulher,1
Julia Luiza da Conceição,Mulher,Rosiane Freitas,Mulher,2
Julia Luiza da Conceição,Mulher,Sérgio Anders,Homem,1
Julia M. M. Gonçalves,Mulher,Luísa M. Laboissiere,Mulher,1
Julia M. M. Gonçalves,Mulher,Marcella D. Ferreira,Mulher,1
Julia M. M. Gonçalves,Mulher,Michele A. Brandão,Mulher,1
Julia M. M. Gonçalves,Mulher,Mirella M. Moro,Mulher,1
Julia Passos,Mulher,Karina Huh,Mulher,1
Julia Passos,Mulher,Lais Cavalheiro,Mulher,1
Julia Passos,Mulher,Marcelo M. Eler,Homem,1
Julia Passos,Mulher,Sarajane M. Peres,Mulher,1
Julia Passos,Mulher,Yasmin Gonçalves,Mulher,1
Juliana C. S. do Outão,Mulher,Rodrigo Pereira dos Santos,Homem,1
Juliana C. S. do Outão,Mulher,Sofia M. B. Machado,Mulher,1
Juliana C. S. do Outão,Mulher,Victor M. G. Chaves,Homem,1
Juliana Espíndola Botelho,Mulher,Mirella M. Moro,Mulher,1
Juliana F. Borin,Mulher,Luís E. T. Forquesato,Homem,1
Juliana F. Borin,Mulher,Láıs V. Minchillo,Mulher,1
Juliana F. dos Santos,Mulher,Rafael Ferreira Mello,Homem,1
Juliana Freire,Mulher,Laís M. A. Rocha,Mulher,1
Juliana Freire,Mulher,Mirella M. Moro,Mulher,1
Juliana Freitag Borin,Mulher,Leonardo Alves de Melo,Homem,1
Juliana Freitag Borin,Mulher,Luis Fernando Gomez Gonzalez,Homem,1
Juliana M. Oliveira dos Santos,Mulher,Karen A. dos S. Pereira,Mulher,1
Juliana M. Oliveira dos Santos,Mulher,Leonardo Azevedo,Homem,1
Juliana Magalhães,Mulher,Rosiane Freitas,Mulher,1
Juliana S. Silva,Mulher,Samuel O. S. Bianch,Homem,1
Juliana Saraiva,Mulher,Vanessa Dantas,Mulher,1
Juliana Saraiva,Mulher,Wellington Lemos,Homem,1
Juliana de Santi,Mulher,Keiko V. O. Fonseca,Mulher,1
Juliano Carvalho,Homem,Lucas Dias,Homem,1
Juliano Carvalho,Homem,Mauricio Tavares,Homem,1
Juliano F. Kazienko,Homem,Silvio E. Quincozes,Homem,1
Juliano F. Kazienko,Homem,Vagner E. Quincozes,Homem,1
Juliany Raiol,Mulher,Nicoli Araújo,Mulher,1
Juliany Raiol,Mulher,Rafaela Sousa,Mulher,1
Julie Silva Pereira,Mulher,Luiza Rosa de Moura,Mulher,1
Julie Silva Pereira,Mulher,Nurian Maria Amâncio Coelho,Mulher,1
Julio Araujo,Homem,Rayane Castro,Mulher,1
Julio Araujo,Homem,Vinicius Fernandes dos Santos,Homem,1
Julio B. Herculani,Homem,Marcelo Y. Shigenaga,Homem,1
Julio B. Herculani,Homem,Renato Balancieri,Homem,1
Julio B. Herculani,Homem,Thelma E. Colanzi,Mulher,1
Julio Cesar S. de Souza,Homem,Luiz Phillip Q. da Silva,Homem,1
Julio Cesar S. de Souza,Homem,Milton Brown Do C. Filho,Homem,1
Julis Figueira de Araújo,Homem,Kalil Ferreira,Homem,2
Julis Figueira de Araújo,Homem,Mariana Barros,Mulher,2
Julis Figueira de Araújo,Homem,Tanara Lauschner,Mulher,2
Jussara Almeida,Mulher,Samuel de Oliveira Ribeiro,Homem,1
Jéssica Azevedo,Mulher,Karen Ribeiro,Mulher,1
Jéssica Azevedo,Mulher,Karen da Silva Figueiredo,Mulher,1
Jéssica Azevedo,Mulher,Silvia A. Bim,Mulher,1
Jéssica Gabrieli Schmitz Hahn,Mulher,Leandro von Borstel Assmann,Homem,1
Jéssica Gabrieli Schmitz Hahn,Mulher,Renata Luiza Muller,Mulher,1
Jéssica Gabrieli Schmitz Hahn,Mulher,Vanessa Petró,Mulher,1
Jéssica Gabrieli Schmitz Hahn,Mulher,Vinicius Hartmann Ferreira,Homem,1
Jéssica Laisa,Mulher,Wendell Oliveira,Homem,1
Jéssica Mendes,Mulher,Luis Rivero,Homem,1
Jéssica Mendes,Mulher,Rodrigo Santos,Homem,1
Jônatas Wehrmann,Homem,Rodrigo C. Barros,Homem,1
Júlia F. G. Prado,Mulher,Lucila Ishitani,Mulher,1
Júlia F. G. Prado,Mulher,Mônica C. Machado,Mulher,1
Júlia Marotti,Mulher,Laura Emmanuella de Oliveira,Mulher,1
Júlia Marotti,Mulher,Milena Estanislau,Mulher,1
Júlia Marotti,Mulher,Tabatta Martins,Mulher,1
Júlia Marotti,Mulher,Valeria Nunes Belmonte,Mulher,1
Júlia Veiga da Silva,Mulher,Luciana Foss,Mulher,1
Júlia Veiga da Silva,Mulher,Simone André da Costa Cavalheiro,Mulher,1
Júlia de Avila dos Santos,Mulher,Leomar S. da Rosa Jr.,Homem,1
Júlia de Avila dos Santos,Mulher,Luciana Foss,Mulher,1
Júlia de Avila dos Santos,Mulher,Simone André da Costa Cavalheiro,Mulher,1
Júlio Araújo,Homem,Vinicius F. Santos,Homem,1
Júlio C. S. Araújo,Homem,Marcio C. Santos,Homem,1
Júlio C. S. Mendes,Homem,Karina M. Johansson,Mulher,1
Júlio C. S. Mendes,Homem,Livy Real,Mulher,1
Júlio C. S. Mendes,Homem,Márcio T. I. Oshiro,Homem,1
Júlio César Resende,Homem,Leonardo Rocha,Homem,1
Júlio César da Costa Lopes,Homem,Paulo Mello da Silva,Homem,1
Júlio César da Costa Lopes,Homem,Rildo de Cássio Estácio da Silva,Homem,1
Júlio César da Costa Lopes,Homem,Romário Elias da Silva Santos,Homem,1
Júlio César da Costa Lopes,Homem,Zildomar Carlos Felix,Homem,1
Júlio Mendonça,Homem,Valdir Carvalho,Homem,1
Júlio Mendonça,Homem,Wilson Medeiros,Homem,1
Júllian Luz,Homem,Letycia Duarte,Mulher,1
Júllian Luz,Homem,Simone Los,Mulher,1
Júllian Luz,Homem,Tiago Nogueira,Homem,1
Kadidja Valéria R. Oliveira,Mulher,Sylvana Karla S. L. Santos,Mulher,1
Kailany Ketulhe,Mulher,Maristela Holanda,Mulher,1
Kailany Ketulhe,Mulher,Roberta B. Oliveira,Mulher,1
Kalil Ferreira,Homem,Mariana Barros,Mulher,2
Kalil Ferreira,Homem,Tanara Lauschner,Mulher,2
Kalinka Branco,Mulher,Maria Mendes,Mulher,1
Kalinka Branco,Mulher,Paulo S. L. Souza,Homem,1
Kalinka Branco,Mulher,Valéria Pinheiro,Mulher,1
Kalinka Branco,Mulher,Viviana Noguera,Mulher,1
Kalinka Castelo Branco,Mulher,Lauana M. C. de Oliveira,Mulher,1
Kalinka Castelo Branco,Mulher,Luiz Henrique Castelo Branco,Homem,1
Kalinka Castelo Branco,Mulher,Maria Victoria S. Fiori,Mulher,3
Kalinka Castelo Branco,Mulher,Marina da S. Rocha,Mulher,2
Kalinka Castelo Branco,Mulher,Sabrina Tridico,Mulher,1
Kalinka Castelo Branco,Mulher,Valéria Maria Pinheiro,Mulher,1
Kalline Freitas,Mulher,Priscylla Silva,Mulher,1
Kalline Freitas,Mulher,Ricardo Ribeiro,Homem,1
Kalline Freitas,Mulher,Wanessa Lima,Mulher,1
Kamila Almeida Benevides,Mulher,Kelly Bianca Araujo Silva,Mulher,2
Kamila Almeida Benevides,Mulher,Letícia Medeiros,Mulher,1
Kamila Almeida Benevides,Mulher,Lilian Giselly Pereira Santos,Mulher,1
Kamila Almeida Benevides,Mulher,Luana Júlia Nunes Ferreira,Mulher,2
Kamila Almeida Benevides,Mulher,Natália de Assis Sousa,Mulher,2
Kamila Almeida Benevides,Mulher,Rebeca de Jesus Brandão,Mulher,1
Kamila Almeida Benevides,Mulher,Sunny Kelma Oliveira Miranda,Mulher,1
Kamilla Taiwhscki B. Silva,Mulher,Viviane A. Santos,Mulher,1
Kamille G. Bezerra,Mulher,Leandro Santos Fraga,Homem,1
Karen Ribeiro,Mulher,Silvia A. Bim,Mulher,1
Karen Torres Teixeira,Mulher,Maria Luiza Machado Campos,Mulher,1
Karen da Silva Figueiredo,Mulher,Suellen Barros Ramos,Mulher,1
Karen da Silva Figueiredo Medeiros Ribeiro,Mulher,Leticia Santos Machado,Mulher,1
Karen da Silva Figueiredo Medeiros Ribeiro,Mulher,Luciana Bolan Frigo,Mulher,1
Karen da Silva Figueiredo Medeiros Ribeiro,Mulher,Silvia Amelia Bim,Mulher,1
Karin Komati,Mulher,Kelly Gazolli,Mulher,1
Karin Komati,Mulher,Leandro C. Resendo,Homem,1
Karin Komati,Mulher,Luiz Pinto,Homem,1
Karin Komati,Mulher,Rosana Jesus,Mulher,1
Karin Komati,Mulher,Sérgio Nery Simões,Homem,1
Karin Komati,Mulher,Wander Fernandes Junior,Homem,1
Karin Satie Komati,Mulher,Leandro Rodrigues Ramos,Homem,1
Karina Fernandes,Mulher,Ketrin Vargas,Mulher,1
Karina Huh,Mulher,Lais Cavalheiro,Mulher,1
Karina Huh,Mulher,Marcelo M. Eler,Homem,1
Karina Huh,Mulher,Sarajane M. Peres,Mulher,1
Karina Huh,Mulher,Yasmin Gonçalves,Mulher,1
Karina M. Johansson,Mulher,Livy Real,Mulher,1
Karina M. Johansson,Mulher,Márcio T. I. Oshiro,Homem,1
Karina Wiechork,Mulher,Marco Antoni,Homem,1
Karina Wiechork,Mulher,Marlon L. S. Rodrigues,Homem,1
Karine Costa,Mulher,Tibério Rezende,Homem,1
Karine Costa,Mulher,Victor D'Ávila,Homem,1
Karla Figueiredo,Mulher,Walkir A. T. Brito,Homem,1
Karla Pereira,Mulher,Larissa Pessoa,Mulher,1
Karla Pereira,Mulher,Rosiane Freitas,Mulher,1
Karla Pereira,Mulher,Silvia A. Bim,Mulher,1
Karla Silva,Mulher,Katia Salles,Mulher,1
Karla Silva,Mulher,Luis Rivero,Homem,1
Karla Silva,Mulher,Nathasha Pinto,Mulher,1
Karla Silva,Mulher,Raimundo Neto,Homem,1
Karla Sophia Santana da Cruz,Mulher,Lilian Giselly Pereira Santos,Mulher,1
Karla Sophia Santana da Cruz,Mulher,Lívia de Maria Calado Machado Soares,Mulher,1
Karla Sophia Santana da Cruz,Mulher,Nayse da Silva Fagundes,Mulher,1
Karla Sophia Santana da Cruz,Mulher,Raquel da Silva Cabral,Mulher,1
Karla Sophia Santana da Cruz,Mulher,Suzy Kamylla de Oliveira Menezes,Mulher,1
Karla Susiane Pereira,Mulher,Larissa Pessoa,Mulher,1
Karla Susiane Pereira,Mulher,Rosiane Freitas,Mulher,1
Karla Susiane Pereira,Mulher,Tanara Lauschner,Mulher,1
Karla Tereza Figueiredo Leite,Mulher,Marcos César da Rocha Seruffo,Homem,1
Karolayne Teixeira,Mulher,Marcela Pessoa,Mulher,1
Katia Salles,Mulher,Luis Rivero,Homem,1
Katia Salles,Mulher,Nathasha Pinto,Mulher,1
Katia Salles,Mulher,Raimundo Neto,Homem,1
Katriny Zamproni,Mulher,Marcos Carrero,Homem,1
Katriny Zamproni,Mulher,Martin A. Musicante,Homem,1
Kecia Ferreira,Mulher,Silvia Albuquerque,Mulher,1
Kefferson Ricardi,Homem,Soraia Silva Prietch,Mulher,1
Kelly Bianca Araujo Silva,Mulher,Letícia Medeiros,Mulher,1
Kelly Bianca Araujo Silva,Mulher,Lilian Giselly Pereira Santos,Mulher,1
Kelly Bianca Araujo Silva,Mulher,Luana Júlia Nunes Ferreira,Mulher,2
Kelly Bianca Araujo Silva,Mulher,Natália de Assis Sousa,Mulher,2
Kelly Bianca Araujo Silva,Mulher,Rebeca de Jesus Brandão,Mulher,1
Kelly Bianca Araujo Silva,Mulher,Sunny Kelma Oliveira Miranda,Mulher,1
Kelly Gazolli,Mulher,Wander Fernandes Junior,Homem,1
Kelren da Silva Rodrigues,Mulher,Nirlene P. da Costa,Mulher,1
Kemely Kedny Pezzini,Mulher,Letícia Hümmelgen,Mulher,1
Kemely Kedny Pezzini,Mulher,Nágila Cristina Hinckel,Mulher,1
Kemely Kedny Pezzini,Mulher,Thainá Schroeder Ribeiro,Mulher,1
Kennedy Nunes,Homem,Luis Rivero,Homem,2
Kennedy Nunes,Homem,Maikon Costa,Homem,1
Kennedy Nunes,Homem,Nathasha Pinto,Mulher,1
Kennedy Nunes,Homem,Ricardo Anchieta,Homem,1
Kennedy Nunes,Homem,Simara Rocha,Mulher,2
Kenny Domingues,Homem,Yuri Silva de Oliveira,Homem,1
Ketrin Diovana Alves Rodrigues Vargas,Mulher,Letícia Gindri,Mulher,1
Ketrin Diovana Alves Rodrigues Vargas,Mulher,Marina Braun Otokovieski,Mulher,1
Ketrin Diovana Alves Rodrigues Vargas,Mulher,Patrícia Araújo de Oliveira,Mulher,1
Ketrin Diovana Alves Rodrigues Vargas,Mulher,Raniely dos Anjos,Mulher,1
Kleber Tavares Fernandes,Homem,Márcia Jacyntha Nunes Rodrigues Lucena,Mulher,1
Kleverton Robson da Silva Cordovil,Homem,Orlando Shigueo Ohashi Junior,Homem,1
Kleverton Robson da Silva Cordovil,Homem,Renato Hidaka Torres,Homem,1
Kátia Kelvis Cassiano,Mulher,Nubia Rosa da Silva,Mulher,1
Lafayette Batista Melo,Homem,Leandro Cavalcanti de Almeida,Homem,1
Lafayette Batista Melo,Homem,Marcílio de Paiva Onofre Filho,Homem,1
Lafayette Batista Melo,Homem,Paulo Roberto Santos Costa,Homem,1
Lahis Almeida,Mulher,Wilson Neto,Homem,1
Lais Cavalheiro,Mulher,Marcelo M. Eler,Homem,1
Lais Cavalheiro,Mulher,Sarajane M. Peres,Mulher,1
Lais Cavalheiro,Mulher,Yasmin Gonçalves,Mulher,1
Lana Gomes,Mulher,Marcella Medeiros Siqueira C. de Almeida,Mulher,1
Lana Gomes,Mulher,Vanessa Dantas,Mulher,1
Lara Mello do Nascimento,Mulher,Leonardo Renner Koppe,Homem,1
Lara Mello do Nascimento,Mulher,Naira Kaieski,Mulher,1
Lara Mello do Nascimento,Mulher,William Augusto Pez,Homem,1
Lara Morgado da Silva Santos,Mulher,Mayara Dal Vesco Hoger,Mulher,2
Lara Morgado da Silva Santos,Mulher,Patricia Abe Turato,Mulher,2
Lara Morgado da Silva Santos,Mulher,Rita Cristina Galarraga Berardi,Mulher,2
Lara Morgado da Silva Santos,Mulher,Silvia Amelia Bim,Mulher,2
Lara Tenore,Mulher,Lidia Ferreira,Mulher,1
Lara Tenore,Mulher,Maria Eduarda Brandão,Mulher,1
Lara Tenore,Mulher,Melissa Lins,Mulher,1
Lara Tenore,Mulher,Poliana Ferreira,Mulher,1
Lara Tenore,Mulher,Rafaela V. Rocha,Mulher,1
Lara Tenore,Mulher,Rosimeire Santana,Mulher,1
Larissa F. S. Britto,Mulher,Luciano D. S. Pacífico,Homem,2
Larissa F. S. Britto,Mulher,Teresa B. Ludermir,Mulher,2
Larissa Kiana Santos Azevedo Martins,Mulher,Nayana Borges das Mercês,Mulher,1
Larissa Kiana Santos Azevedo Martins,Mulher,Tayana Nery Franca,Mulher,1
Larissa Kiana Santos Azevedo Martins,Mulher,Taís Pinheiro Borges Silva,Mulher,1
Larissa Kiana Santos Azevedo Martins,Mulher,Vanessa Michalsky Barbosa,Mulher,1
Larissa M. R. Alves,Mulher,Samara Martins Nascimento,Mulher,1
Larissa M. R. Alves,Mulher,Veronica M. L. Silva,Mulher,1
Larissa M. da F. Galeno,Mulher,Maria Eduarda H. Lucena,Mulher,1
Larissa M. da F. Galeno,Mulher,Maria Luiza M. Campos,Mulher,1
Larissa M. da F. Galeno,Mulher,Tainá da S. Lima,Mulher,1
Larissa Mukuno,Mulher,Rafael Mansur Haddad,Homem,1
Larissa Pessoa,Mulher,Lia Martins,Mulher,1
Larissa Pessoa,Mulher,Raquel Folz,Mulher,1
Larissa Pessoa,Mulher,Rosiane Freitas,Mulher,3
Larissa Pessoa,Mulher,Silvia A. Bim,Mulher,1
Larissa Pessoa,Mulher,Tanara Lauschner,Mulher,1
Larissa Pessoa,Mulher,Victória Guimarães,Mulher,1
Larissa Roder,Mulher,Luciana A. F. Martimiano,Mulher,1
Larissa Roder,Mulher,Nikaelly V. de Lima,Mulher,1
Larissa Roder,Mulher,Valéria D. Feltrim,Mulher,1
Larissa Sorato Magnus,Mulher,Luhan da Silva Nunes,Homem,1
Larissa Sorato Magnus,Mulher,Lívia Silva Marques,Mulher,1
Larissa Sorato Magnus,Mulher,Matheus Lorenzato Braga,Homem,1
Larissa Sorato Magnus,Mulher,Matheus da Silva Coelho,Homem,1
Larissa Sorato Magnus,Mulher,Victor Martins de Sousa,Homem,1
Lauana M. C. de Oliveira,Mulher,Maria Elanne M. Rodrigues,Mulher,2
Lauana M. C. de Oliveira,Mulher,Maria Victoria S. Fiori,Mulher,2
Lauana M. C. de Oliveira,Mulher,Marina da S. Rocha,Mulher,3
Lauana M. C. de Oliveira,Mulher,Victoria Gabriella R. Pereira,Mulher,1
Laura Damaceno de Almeida,Mulher,Poliana Nascimento Ferreira,Mulher,1
Laura Emmanuella de Oliveira,Mulher,Milena Estanislau,Mulher,1
Laura Emmanuella de Oliveira,Mulher,Tabatta Martins,Mulher,1
Laura Emmanuella de Oliveira,Mulher,Valeria Nunes Belmonte,Mulher,1
Laura L. A. O. Campos,Mulher,Luyza E. D. Nascimento,Mulher,1
Laura L. A. O. Campos,Mulher,Maria L. M. Calixto,Mulher,1
Laura L. A. O. Campos,Mulher,Tiago E. S. Araujo,Homem,1
Laura L. A. O. Campos,Mulher,Vanessa G. L. Pessoa,Mulher,1
Laura Quevedo Jurginal,Mulher,Leomar Soares da Rosa Júnior,Homem,1
Laura Quevedo Jurginal,Mulher,Marilton Sanchotene de Aguiar,Homem,1
Laura Ribeiro,Mulher,Natália Santos,Mulher,1
Laura Shibukawa,Mulher,Mayara Yamanoe,Mulher,1
Laura Sánchez García,Mulher,Ludmilla Fernandes Oliveira Galvão,Mulher,1
Laura Sánchez García,Mulher,Tanya Amara Felipe,Mulher,1
Lauri P. Laux Jr,Homem,Roberto A. Hexsel,Homem,1
Lavínia de Oliveira Martins,Mulher,Natália Gallo Ribeiro,Mulher,1
Laécio Rodrigues,Homem,Lucas Santos,Homem,1
Laécio Rodrigues,Homem,Matheus Torquato,Homem,1
Laécio Rodrigues,Homem,Patrícia Endo,Mulher,1
Laís Lima,Mulher,Márcio Júnior,Homem,1
Laís Lima,Mulher,Nicoly Almeida,Mulher,1
Laís Lima,Mulher,Petrus Bento,Homem,1
Laís M. A. Rocha,Mulher,Mirella M. Moro,Mulher,1
Leander de Oliveira,Homem,Mariana Michels Fontoura,Mulher,1
Leander de Oliveira,Homem,Marília A. Amaral,Mulher,1
Leandro Cavalcanti de Almeida,Homem,Marcílio de Paiva Onofre Filho,Homem,1
Leandro Cavalcanti de Almeida,Homem,Paulo Roberto Santos Costa,Homem,1
Leandro Galvão,Homem,Simone Martins,Mulher,1
Leandro H. C. Bernardes,Homem,Luis Marcel G. A. de Almeida,Homem,1
Leandro M. Zatesko,Homem,Murilo V. G. da Silva,Homem,1
Leandro M. Zatesko,Homem,Renato Carmo,Homem,1
Leandro M. Zatesko,Homem,Sheila M. Almeida,Mulher,2
Leandro Marcos Salgado Alves,Homem,Michel Luís Rohr,Homem,1
Leandro P. de Aguiar,Homem,Matheus Martins,Homem,1
Leandro P. de Aguiar,Homem,Miguel A. Bicudo,Homem,1
Leandro Schneider,Homem,Lucas Silva,Homem,1
Leandro Silva Galvão de Carvalho,Homem,Miguel Jonathan,Homem,1
Leandro Silva Galvão de Carvalho,Homem,Ronaldo Celso Messias Correia,Homem,1
Leandro de Almeida Melo,Homem,Nelson Tenório Jr.,Homem,1
Leandro de C. Santos,Homem,Samira S. da Silva,Mulher,1
Leandro de C. Santos,Homem,Sincler P. de Meireles,Homem,1
Leandro von Borstel Assmann,Homem,Renata Luiza Muller,Mulher,1
Leandro von Borstel Assmann,Homem,Vanessa Petró,Mulher,1
Leandro von Borstel Assmann,Homem,Vinicius Hartmann Ferreira,Homem,1
Leiva Casemiro Oliveira,Mulher,Sílvio Roberto Fernandes,Homem,1
Leo Natan Paschoal,Homem,Simone R. S. Souza,Mulher,1
Leo Natan Paschoal,Homem,Simone do Rocio Senger de Souza,Mulher,1
Leomar S. da Rosa Jr.,Homem,Luciana Foss,Mulher,1
Leomar S. da Rosa Jr.,Homem,Simone André da Costa Cavalheiro,Mulher,1
Leomar Soares da Rosa Júnior,Homem,Marilton Sanchotene de Aguiar,Homem,1
Leonardo A. Silva,Homem,Mateus S. Menines,Homem,1
Leonardo A. Silva,Homem,Matheus D. de Oliveira,Homem,1
Leonardo A. Silva,Homem,Raquel F. Vassallo,Mulher,1
Leonardo A. Silva,Homem,Vinícius H. Izabel,Homem,1
Leonardo Alves de Melo,Homem,Luis Fernando Gomez Gonzalez,Homem,1
Leonardo B. da Luz,Homem,Ronan A. J. Chagas,Homem,1
Leonardo Bandeira de Lucena,Homem,Lígia Maria de Souza Dantas Batista,Mulher,1
Leonardo Bandeira de Lucena,Homem,Rommel Wladimir de Lima,Homem,1
Leonardo Bandeira de Lucena,Homem,Wilton Silva dos Santos Júnior,Homem,1
Leonardo Bandeira de Lucena,Homem,Álvaro Gabriel Gomes de Oliveira,Homem,1
Leonardo C. de Abreu,Homem,Manoel Campêlo,Homem,1
Leonardo Chaves Dutra da Rocha,Homem,Washington Luiz Miranda da Cunha,Homem,1
Leonardo Costa Reichow,Homem,Renata Hax Sander Reiser,Mulher,1
Leonardo Costa Reichow,Homem,Rodrigo Blanke Lambrecht,Homem,1
Leonardo Cunha de Miranda,Homem,Paulo L. S. Brizolara,Homem,1
Leonardo Fronza,Homem,Luciana P. de Araújo Kohler,Mulher,1
Leonardo Gargano,Homem,Lucas Couto,Homem,1
Leonardo Gargano,Homem,Marcelo Fornazin,Homem,2
Leonardo Gonçalves,Homem,Rafael Santos,Homem,1
Leonardo J. A. S. Figueiredo,Homem,Raissa P. P. M. Souza,Mulher,1
Leonardo J. A. S. Figueiredo,Homem,Thais R. M. B. Silva,Mulher,1
Leonardo João,Homem,Roger Machado,Homem,1
Leonardo João,Homem,Verônica Tabim,Mulher,1
Leonardo Júnio A. dos Santos Figueiredo,Homem,Thais R. M. B. Silva,Mulher,1
Leonardo M. Souza,Homem,Vanessa C. O. Souza,Mulher,1
Leonardo Marques,Homem,Paulo Eugênio,Homem,1
Leonardo Medeiros,Homem,Marcos Costa,Homem,1
Leonardo Medeiros,Homem,Taígo Pedrosa,Homem,1
Leonardo Moreira,Homem,Maurício M. Neto,Homem,2
Leonardo Moreira,Homem,Michelle G. Cacais,Mulher,1
Leonardo Moreira,Homem,Weslley L. Caldas,Homem,1
Leonardo Renner Koppe,Homem,Naira Kaieski,Mulher,1
Leonardo Renner Koppe,Homem,William Augusto Pez,Homem,1
Leonardo Rocha,Homem,Luiz Felipe Chaves,Homem,1
Leonardo Rocha,Homem,Marcos Gonçalves,Homem,1
Leonardo Rocha,Homem,Nícollas Silva,Homem,4
Leonardo Rocha,Homem,Pablo Cecilio,Homem,1
Leonardo Rocha,Homem,Rafael Gomes,Mulher,1
Leonardo Rocha,Homem,Rossana Andrade,Mulher,1
Leonardo Rocha,Homem,Tiago Trotta,Homem,1
Leonardo Santos,Homem,Mateus Silva,Homem,1
Leonardo Santos,Homem,Raissa Souza,Mulher,1
Leonardo Santos,Homem,Thais Silva,Mulher,1
Leonardo Teteo,Homem,Pedro Moura,Homem,1
Leonardo da Silva Moraes,Homem,Rita Rocha Kasahara,Mulher,1
Leonardo de Assis Silva,Homem,Raquel Frizera Vassallo,Mulher,1
Leticia Fleig Dal Forno,Mulher,Regiane Macuch,Mulher,1
Leticia Fleig Dal Forno,Mulher,Rita C. G. Berardi,Mulher,1
Leticia Fleig Dal Forno,Mulher,Silvia A. Bim,Mulher,1
Leticia L. Leite,Mulher,Maristela Holanda,Mulher,1
Leticia M. M. S. Cheloni,Mulher,Raylla L. S. Gama,Mulher,1
Leticia M. M. S. Cheloni,Mulher,Suelen M. de Paula,Mulher,1
Leticia Santos Machado,Mulher,Luciana Bolan Frigo,Mulher,1
Leticia Santos Machado,Mulher,Silvia Amelia Bim,Mulher,1
Letycia Duarte,Mulher,Simone Los,Mulher,1
Letycia Duarte,Mulher,Tiago Nogueira,Homem,1
Letícia C. T. Nascimento,Mulher,Pedro H. O. Souza,Homem,1
Letícia C. T. Nascimento,Mulher,Renato C. Cani,Homem,1
Letícia C. T. Nascimento,Mulher,Thiago R. Almeida,Homem,1
Letícia Gindri,Mulher,Marina Braun Otokovieski,Mulher,1
Letícia Gindri,Mulher,Patrícia Araújo de Oliveira,Mulher,1
Letícia Gindri,Mulher,Raniely dos Anjos,Mulher,1
Letícia Hümmelgen,Mulher,Nágila Cristina Hinckel,Mulher,1
Letícia Hümmelgen,Mulher,Thainá Schroeder Ribeiro,Mulher,1
Letícia Medeiros,Mulher,Luana Júlia Nunes Ferreira,Mulher,1
Letícia Medeiros,Mulher,Natália de Assis Sousa,Mulher,1
Letícia Medeiros,Mulher,Sunny Kelma Oliveira Miranda,Mulher,1
Letícia S. Camargo,Mulher,Maria Alice N. Silva,Mulher,2
Letícia S. Camargo,Mulher,Natália C. Louzada,Mulher,2
Letícia S. Camargo,Mulher,Ramayane B. Braga,Mulher,2
Letícia S. Camargo,Mulher,Sara L. de Farias,Mulher,1
Letícia S. Camargo,Mulher,Thalia S. Santana,Mulher,2
Levy Silva,Homem,Roberta Suero,Mulher,1
Lia Martins,Mulher,Raquel Folz,Mulher,1
Lia Martins,Mulher,Rosiane Freitas,Mulher,1
Lia Martins,Mulher,Victória Guimarães,Mulher,1
Libério Silva,Homem,Sanderson Gonzaga de Oliveira,Homem,1
Lidia Ferreira,Mulher,Maria Eduarda Brandão,Mulher,1
Lidia Ferreira,Mulher,Melissa Lins,Mulher,1
Lidia Ferreira,Mulher,Poliana Ferreira,Mulher,1
Lidia Ferreira,Mulher,Rafaela V. Rocha,Mulher,1
Lidia Ferreira,Mulher,Rosimeire Santana,Mulher,1
Ligia Cristina Battezzati,Mulher,Mateus Santos,Homem,1
Ligia Cristina Battezzati,Mulher,Matheus Mattos de Almeida Cruz,Homem,1
Ligia Cristina Battezzati,Mulher,Rita C. G. Berardi,Mulher,1
Ligia Cristina Battezzati,Mulher,Silvia Amelia Bim,Mulher,1
Lilian B. B. Gomes,Mulher,Lucas H. F. Pavão,Homem,1
Lilian B. B. Gomes,Mulher,Marco A. O. Domingues,Homem,1
Lilian B. B. Gomes,Mulher,Mateus H. S. Ferraz,Homem,1
Lilian Barros,Mulher,Talita Slavov,Mulher,1
Lilian Giselly Pereira Santos,Mulher,Luana Júlia Nunes Ferreira,Mulher,1
Lilian Giselly Pereira Santos,Mulher,Lívia de Maria Calado Machado Soares,Mulher,1
Lilian Giselly Pereira Santos,Mulher,Natália de Assis Sousa,Mulher,1
Lilian Giselly Pereira Santos,Mulher,Nayse da Silva Fagundes,Mulher,1
Lilian Giselly Pereira Santos,Mulher,Raquel da Silva Cabral,Mulher,1
Lilian Giselly Pereira Santos,Mulher,Rebeca de Jesus Brandão,Mulher,1
Lilian Giselly Pereira Santos,Mulher,Suzy Kamylla de Oliveira Menezes,Mulher,1
Lilian Pereira Teixeira,Mulher,Marcia Kniphoff da Cruz,Mulher,1
Lilian Pereira Teixeira,Mulher,Rozelma França,Mulher,1
Lilian Pereira Teixeira,Mulher,Wilk Oliveira,Homem,1
Lilian Stavizki,Mulher,Marcelo Augusto Rauh Schimitt,Homem,1
Lilian Stavizki,Mulher,Marlon Carvalho Mariano,Homem,1
Lilian Stavizki,Mulher,Márcia Häfele Islabão Franco,Mulher,1
Lilian Stavizki,Mulher,Silvia de Castro Bertagnolli,Mulher,1
Liliane S. S. Fonseca,Mulher,Simone C. Santos,Mulher,1
Lillia S. B. Silva,Mulher,Matheus S. Garofolo,Homem,1
Lindamir Salete Casagrande,Mulher,Suzy Santiago,Mulher,1
Lindemberg Nascimento,Homem,Reinaldo B. Braga,Homem,1
Lindemberg Nascimento,Homem,Renato Alves,Homem,1
Liria M. Sato,Mulher,Tatiana T. Torres,Mulher,1
Livy Real,Mulher,Márcio T. I. Oshiro,Homem,1
Loham Santos da Silva,Homem,Otacílio José Pereira,Homem,1
Loham Santos da Silva,Homem,Rossini Pena Abrantes,Homem,1
Loham da Silva,Homem,Otacílio José Pereira,Homem,1
Lohana Santos,Mulher,Roger Resmini,Homem,1
Lohana Santos,Mulher,Soraia Prietch,Mulher,1
Lohana Santos,Mulher,Tamyres Souza,Mulher,1
Lohana Santos,Mulher,Waine Júnior,Homem,1
Lohana Santos,Mulher,Ângela Farias,Mulher,1
Lorrana F. de Castro,Mulher,Rodolfo A. de Oliveira,Homem,1
Louise Suelen Araújo Reis,Mulher,Vânia Cordeiro da Silva,Mulher,1
Lourenço Alves Pereira Júnior,Homem,Marcos José Santana,Homem,1
Lourenço Alves Pereira Júnior,Homem,Regina H. Carlucci Sanatana,Mulher,1
Lourival Neto,Homem,Lucas Silva,Homem,1
Lourival Neto,Homem,Thaíse Costa,Mulher,1
Luana Arfux de Castro Nogueira,Mulher,Marcia Ferreira Cristaldo,Mulher,1
Luana Arfux de Castro Nogueira,Mulher,Maria Eduarda Alves Barbosa,Mulher,1
Luana Arfux de Castro Nogueira,Mulher,Marta Luzzi,Mulher,1
Luana Arfux de Castro Nogueira,Mulher,Nayara Arruda Cunha,Mulher,1
Luana Carneiro,Mulher,Marlo Souza,Homem,1
Luana Júlia Nunes Ferreira,Mulher,Natália de Assis Sousa,Mulher,2
Luana Júlia Nunes Ferreira,Mulher,Rebeca de Jesus Brandão,Mulher,1
Luana Júlia Nunes Ferreira,Mulher,Sunny Kelma Oliveira Miranda,Mulher,1
Lucas Almeida Silva,Homem,Queilane da Conceição Rocha,Mulher,1
Lucas Almeida Silva,Homem,Yasmin Solrac Ribeiro dos Santos,Mulher,1
Lucas Almeida Silva,Homem,Érica Pereira Machado,Mulher,1
Lucas Bressan,Homem,Regina Braga,Mulher,1
Lucas Caldeira de Oliveira,Homem,Marcelo Teixeira,Homem,1
Lucas Colucci,Homem,Matheus Secco,Homem,1
Lucas Colucci,Homem,Paulo Matias,Homem,1
Lucas Colucci,Homem,Roberto Parente,Homem,1
Lucas Colucci,Homem,Yoshiharu Kohayakawa,Homem,1
Lucas Correia Ribas,Homem,Odemir Martinez Bruno,Homem,1
Lucas Couto,Homem,Marcelo Fornazin,Homem,1
Lucas Dias,Homem,Mauricio Tavares,Homem,1
Lucas Fernandes,Homem,Marlon Cordeiro Domenech,Homem,1
Lucas Fernandes,Homem,Matheus Kauê Fernandes Suzin,Homem,1
Lucas Fernandes,Homem,Rafael Seisl Solanha,Homem,1
Lucas Fernandes,Homem,Rodrigo Espinosa Cabral,Homem,1
Lucas G. Lattari,Homem,Marcela Z. de Moura,Mulher,1
Lucas G. Lattari,Homem,Sérgio M. B. Lima,Homem,1
Lucas H. F. Pavão,Homem,Marco A. O. Domingues,Homem,1
Lucas H. F. Pavão,Homem,Mateus H. S. Ferraz,Homem,1
Lucas Lima Sousa Torres,Homem,Maria Rodrigues Gomes,Mulher,1
Lucas Lima Sousa Torres,Homem,Simone de Oliveira Santos,Mulher,1
Lucas M. Chagas,Homem,Luiza A. Hansen,Mulher,1
Lucas M. Chagas,Homem,Maristela Holanda,Mulher,1
Lucas M. Chagas,Homem,Vinicius R. P. Borges,Homem,1
Lucas Mello Schnorr,Homem,Luka Stanisic,Homem,1
Lucas Mello Schnorr,Homem,Samuel Thibault,Homem,1
Lucas Mello Schnorr,Homem,Vincent Danjean,Homem,1
Lucas Mello Schnorr,Homem,Vinicius Garcia Pinto,Homem,1
Lucas Moreira e Silva Alves,Homem,Marcos Henrique Alves da Silva,Homem,1
Lucas Moreira e Silva Alves,Homem,Rostand Edson Oliveira Costa,Homem,1
Lucas Moreira e Silva Alves,Homem,Samuel de Moura Moreira,Homem,1
Lucas Moreira e Silva Alves,Homem,Tiago Maritan Ugulino de Araújo,Homem,1
Lucas Mudo de Araújo,Homem,Luiz Fernando Delboni Lomba,Homem,1
Lucas Mudo de Araújo,Homem,Pedro Henrique Campagna Moura da Silva,Homem,1
Lucas Mudo de Araújo,Homem,Wesley Eiji Sanches Kanashiro,Homem,1
Lucas Nóvoa,Homem,Silvia Lins,Mulher,1
Lucas Nóvoa,Homem,Virgínia Tavares,Mulher,1
Lucas Pfeiffer Salomão Dias,Homem,Rodrigo da Rosa Righi,Homem,1
Lucas Pfeiffer Salomão Dias,Homem,Thiago Roberto Lima Lopes,Homem,1
Lucas Ribeiro,Homem,Windson Viana,Homem,1
Lucas Rigo Yoshimura,Homem,Maycon Sambinelli,Homem,1
Lucas Rigo Yoshimura,Homem,Orlando Lee,Homem,1
Lucas Santos,Homem,Matheus Torquato,Homem,1
Lucas Santos,Homem,Paulo F. Pires,Homem,1
Lucas Santos,Homem,Thais Batista,Mulher,1
Lucas Silva,Homem,Thaíse Costa,Mulher,1
Lucas Silva,Homem,Valderi Leithardt,Homem,1
Lucas Silva,Homem,Wemerson Parreira,Homem,1
Lucas Tadeu Hinterholz,Homem,Wilk Oliveira,Homem,1
Lucas de Freitas Kauer,Homem,Raquel Salcedo Gomes,Mulher,1
Lucas de Freitas Kauer,Homem,Rodrigo Remor Oliveira,Homem,1
Lucia Vilela Leite Filgueiras,Mulher,Marcelo Morandini,Homem,1
Lucia Vilela Leite Filgueiras,Mulher,Thiago Adriano Coleti,Homem,1
Luciana A. F. Martimiano,Mulher,Nikaelly V. de Lima,Mulher,1
Luciana A. F. Martimiano,Mulher,Valéria D. Feltrim,Mulher,1
Luciana Bolan Frigo,Mulher,Luiza Castilho Ereno,Mulher,1
Luciana Bolan Frigo,Mulher,Rafaela Oliveira Padilha,Mulher,2
Luciana Bolan Frigo,Mulher,Silvia Amelia Bim,Mulher,1
Luciana Bolan Frigo,Mulher,Suelen Laurindo,Mulher,1
Luciana Borges,Mulher,Otávio Dantas,Homem,1
Luciana Chueri,Mulher,Mariana Pinheiro,Mulher,2
Luciana Chueri,Mulher,Mateus Lambranho Ramos,Homem,1
Luciana Chueri,Mulher,Rodrigo Pereira dos Santos,Homem,2
Luciana Cosme,Mulher,Mayara Nascimento,Mulher,1
Luciana Foss,Mulher,Placida Oliveira,Mulher,1
Luciana Foss,Mulher,Renata Reiser,Mulher,2
Luciana Foss,Mulher,Simone André da Costa Cavalheiro,Mulher,3
Luciana Foss,Mulher,Simone Cavalheiro,Mulher,2
Luciana Foss,Mulher,Simão Martin,Homem,1
Luciana S. Buriol,Mulher,Toni I. Wickert,Homem,1
Luciana Salete Buriol,Mulher,Luciano Paschoal Gaspary,Homem,1
Luciana Salete Buriol,Mulher,Marcelo Caggiani Luizelli,Homem,1
Luciana Trento Raineri,Mulher,Rafael Silva Del Lama,Homem,1
Luciana Trento Raineri,Mulher,Raquel Mariana Candido,Mulher,1
Luciana Trento Raineri,Mulher,Renato Tinos,Homem,1
Luciano Cabral,Homem,Manoel Neto,Homem,1
Luciano Cabral,Homem,Marlysson Oliveira,Homem,1
Luciano D. S. Pacífico,Homem,Teresa B. Ludermir,Mulher,2
Luciano Paschoal Gaspary,Homem,Marcelo Caggiani Luizelli,Homem,1
Luciano T. Silva,Homem,Rebeca dos Santos,Mulher,1
Lucila Ishitani,Mulher,Mônica C. Machado,Mulher,1
Ludmilla Fernandes Oliveira Galvão,Mulher,Tanya Amara Felipe,Mulher,1
Luhan da Silva Nunes,Homem,Lívia Silva Marques,Mulher,1
Luhan da Silva Nunes,Homem,Matheus Lorenzato Braga,Homem,1
Luhan da Silva Nunes,Homem,Matheus da Silva Coelho,Homem,1
Luhan da Silva Nunes,Homem,Victor Martins de Sousa,Homem,1
Luigi Carro,Homem,Marcelo Brandalero,Homem,1
Luis A. Z. Pozenato,Homem,Rodrigo R. Righi,Homem,1
Luis A. Z. Pozenato,Homem,Vinícius F. Rodrigues,Homem,1
Luis Araújo,Homem,Roberto A. Bittencourt,Homem,1
Luis F. A. Román,Homem,Paulo R. L. Gondim,Homem,1
Luis Filipe de Lima Sales,Homem,Raimundo Azevedo Neto,Homem,1
Luis Henrique M. K. Costa,Homem,Miguel Elias M. Campista,Homem,2
Luis Henrique M. K. Costa,Homem,Otto Carlos M. B. Duarte,Homem,1
Luis Rivero,Homem,Maikon Costa,Homem,1
Luis Rivero,Homem,Matheus Bessa,Homem,1
Luis Rivero,Homem,Nathasha Pinto,Mulher,2
Luis Rivero,Homem,Rafael Gomes,Mulher,1
Luis Rivero,Homem,Raimundo Neto,Homem,1
Luis Rivero,Homem,Ricardo Anchieta,Homem,1
Luis Rivero,Homem,Rodrigo Santos,Homem,1
Luis Rivero,Homem,Sebastião Santos,Homem,1
Luis Rivero,Homem,Simara Rocha,Mulher,2
Luis Rivero,Homem,Tercio Sousa,Homem,1
Luisa Frickes,Mulher,Simone Dantas,Mulher,1
Luisa S. Ferreira,Mulher,Sylvana Karla S. L. Santos,Mulher,1
Luiz Alencar,Homem,Marcela Pessoa,Mulher,1
Luiz André P. Paes Leme,Homem,Marco A. Casanova,Homem,1
Luiz Antonio Rodrigues,Homem,Marcelo Roger Meneghatti,Homem,1
Luiz Antonio Rodrigues,Homem,Maria da Piedade Araújo,Mulher,1
Luiz Antonio Rodrigues,Homem,Sandra Mara Stocker Lago,Mulher,1
Luiz C. Ferreira,Homem,Marcelino S. da Silva,Homem,1
Luiz C. Ferreira,Homem,Rodrigo Dutra,Homem,1
Luiz C. Ferreira,Homem,Vitor Hugo M. Gomes,Homem,1
Luiz C. Ferreira,Homem,Weverson Nascimento,Homem,1
Luiz C. V. dos Santos,Homem,Marleson Graf,Homem,1
Luiz F. M. Vieira,Homem,Marcos A. M. Vieira,Homem,1
Luiz Felipe Chaves,Homem,Nícollas Silva,Homem,1
Luiz Felipe de Souza Jimenez,Homem,Renan Augusto Monteiro Duarte,Homem,1
Luiz Fernando Delboni Lomba,Homem,Pedro Henrique Campagna Moura da Silva,Homem,1
Luiz Fernando Delboni Lomba,Homem,Wesley Eiji Sanches Kanashiro,Homem,1
Luiz Filipe Menezes Vieira,Homem,Marcos Augusto Menezes Vieira,Homem,1
Luiz H. A. Correia,Homem,Thais R. M. B. Silva,Mulher,1
Luiz Henrique C. Nunes,Homem,Mariana W. B. Nascimento,Mulher,1
Luiz Henrique C. Nunes,Homem,Márcio J. M. Ponte,Homem,1
Luiz Henrique C. Nunes,Homem,Roberto P. Nascimento,Homem,1
Luiz Henrique Castelo Branco,Homem,Sabrina Tridico,Mulher,1
Luiz Otávio Ramos Gavaza,Homem,Láıs do Nascimento Salvador,Mulher,1
Luiz Phillip Q. da Silva,Homem,Milton Brown Do C. Filho,Homem,1
Luiz R. F. Sekijima,Homem,Nelson L. S. da Fonseca,Homem,1
Luiz R. F. Sekijima,Homem,Tiago P. C. de Andrade,Homem,1
Luiz Satoru Ochi,Homem,Uéverton dos Santos Souza,Homem,1
Luiz Vieira,Homem,Rodolfo W. L. Coutinho,Homem,1
Luiza A. Hansen,Mulher,Maristela Holanda,Mulher,1
Luiza A. Hansen,Mulher,Vinicius R. P. Borges,Homem,1
Luiza Castilho Ereno,Mulher,Suelen Laurindo,Mulher,1
Luiza Rosa de Moura,Mulher,Matheus de Freitas Oliveira Baffa,Homem,1
Luiza Rosa de Moura,Mulher,Nurian Maria Amâncio Coelho,Mulher,1
Luiza S. Pontello,Mulher,Mário W. Pereira,Homem,1
Luka Stanisic,Homem,Samuel Thibault,Homem,1
Luka Stanisic,Homem,Vincent Danjean,Homem,1
Luka Stanisic,Homem,Vinicius Garcia Pinto,Homem,1
Luyza E. D. Nascimento,Mulher,Maria L. M. Calixto,Mulher,1
Luyza E. D. Nascimento,Mulher,Tiago E. S. Araujo,Homem,1
Luyza E. D. Nascimento,Mulher,Vanessa G. L. Pessoa,Mulher,1
Luís Barbosa,Homem,Roberta Fagundes,Mulher,1
Luís Felipe Santos,Homem,Thais Batista,Mulher,1
Luís Orleans,Homem,Natália Silva,Mulher,1
Luísa M. Laboissiere,Mulher,Marcella D. Ferreira,Mulher,2
Luísa M. Laboissiere,Mulher,Michele A. Brandão,Mulher,2
Luísa M. Laboissiere,Mulher,Mirella M. Moro,Mulher,1
Luísa M. Laboissiere,Mulher,Rodrigo Cardoso,Homem,1
Lígia Maria de Souza Dantas Batista,Mulher,Rommel Wladimir de Lima,Homem,1
Lígia Maria de Souza Dantas Batista,Mulher,Wilton Silva dos Santos Júnior,Homem,1
Lígia Maria de Souza Dantas Batista,Mulher,Álvaro Gabriel Gomes de Oliveira,Homem,1
Lílian H. Teixeira,Mulher,Mary Karlla A. Guimarães,Mulher,1
Lílian H. Teixeira,Mulher,Moacy P. Silva,Homem,1
Lívia M. R. S. Campos,Mulher,Marcella M. S. C. de Almeida,Mulher,1
Lívia Silva Marques,Mulher,Matheus Lorenzato Braga,Homem,1
Lívia Silva Marques,Mulher,Matheus da Silva Coelho,Homem,1
Lívia Silva Marques,Mulher,Victor Martins de Sousa,Homem,1
Lívia de Maria Calado Machado Soares,Mulher,Nayse da Silva Fagundes,Mulher,1
Lívia de Maria Calado Machado Soares,Mulher,Raquel da Silva Cabral,Mulher,1
Lívia de Maria Calado Machado Soares,Mulher,Suzy Kamylla de Oliveira Menezes,Mulher,1
Lúcia Maria de A. Drummond,Mulher,Pablo Carvalho,Homem,1
Maelly K. V. de Sousa,Mulher,Mirko Perkusich,Homem,1
Maelly K. V. de Sousa,Mulher,Mirna C. O. Maia,Mulher,2
Maelly K. V. de Sousa,Mulher,Raquel B. Leal,Mulher,2
Maickel Hubner,Homem,Marcelo Santos,Homem,1
Maicon Lima,Homem,Melque Henrique Castro,Homem,1
Maicon Lima,Homem,Nubia Rosa da Silva,Mulher,1
Maicon Lima,Homem,Thiago Leite,Homem,1
Maikon Costa,Homem,Nathasha Pinto,Mulher,1
Maikon Costa,Homem,Simara Rocha,Mulher,1
Manoel Campêlo,Homem,Pablo Luiz B. Soares,Homem,1
Manoel Campêlo,Homem,Pedro Jorge de Abreu Figueredo,Homem,1
Manoel Horta Ribeiro,Homem,Virgílio A. F. Almeida,Homem,1
Manoel Horta Ribeiro,Homem,Wagner Meira Jr,Homem,1
Manoel Neto,Homem,Marlysson Oliveira,Homem,1
Manuel Iori,Homem,Vítor Gomes Chagas,Homem,1
Manuel M. Oliveira Neto,Homem,Marcos H. Backes,Homem,1
Marcel William Rocha da Silva,Homem,Marcelo Zamith,Homem,1
Marcela Pessoa,Mulher,Robson Melo,Homem,1
Marcela Pessoa,Mulher,Sergio Cleger,Homem,1
Marcela Z. de Moura,Mulher,Sérgio M. B. Lima,Homem,1
Marcelino S. da Silva,Homem,Rodrigo Dutra,Homem,1
Marcelino S. da Silva,Homem,Vanilze Vaz,Mulher,1
Marcelino S. da Silva,Homem,Vitor Hugo M. Gomes,Homem,1
Marcelino S. da Silva,Homem,Weverson Nascimento,Homem,1
Marcella D. Ferreira,Mulher,Michele A. Brandão,Mulher,2
Marcella D. Ferreira,Mulher,Mirella M. Moro,Mulher,1
Marcella D. Ferreira,Mulher,Rodrigo Cardoso,Homem,1
Marcella Medeiros Siqueira C. de Almeida,Mulher,Vanessa Dantas,Mulher,1
Marcelo Augusto Rauh Schimitt,Homem,Marlon Carvalho Mariano,Homem,1
Marcelo Augusto Rauh Schimitt,Homem,Márcia Häfele Islabão Franco,Mulher,1
Marcelo Augusto Rauh Schimitt,Homem,Silvia de Castro Bertagnolli,Mulher,1
Marcelo C. Machado,Homem,Pedro Pequeno,Homem,1
Marcelo E. Vendramin,Homem,Álvaro J. P. Franco,Homem,1
Marcelo Fonseca Faraj,Homem,Sebastián Urrutia,Homem,1
Marcelo M. Eler,Homem,Sarajane M. Peres,Mulher,1
Marcelo M. Eler,Homem,Yasmin Gonçalves,Mulher,1
Marcelo M. Silva,Homem,Maria Simone Nunes,Mulher,1
Marcelo M. Silva,Homem,Marianna Severo,Mulher,1
Marcelo M. Silva,Homem,Paulo A. C. Aguilar,Homem,1
Marcelo M. Silva,Homem,Valdemir de Queiroz Neto,Homem,1
Marcelo Mandelli,Homem,Maristela Holanda,Mulher,1
Marcelo Morandini,Homem,Thiago Adriano Coleti,Homem,1
Marcelo O. Souza,Homem,Raquel S. Cabral,Mulher,1
Marcelo Ozawa de Sousa,Homem,Maria Renata de Mira Gobbo,Mulher,1
Marcelo Roger Meneghatti,Homem,Maria da Piedade Araújo,Mulher,1
Marcelo Roger Meneghatti,Homem,Sandra Mara Stocker Lago,Mulher,1
Marcelo S. Loutfi,Homem,Nathielly de S. Campos,Mulher,1
Marcelo S. Loutfi,Homem,Reinaldo V. Alvares,Homem,1
Marcelo S. Porto,Homem,Wagner I. Penny,Homem,1
Marcelo Valério,Homem,Maytê G. C. Bezerra,Mulher,1
Marcelo Valério,Homem,Robertino M. Santiago Junior,Homem,1
Marcelo Y. Shigenaga,Homem,Renato Balancieri,Homem,1
Marcelo Y. Shigenaga,Homem,Thelma E. Colanzi,Mulher,1
Marcelo de Souza Júnior,Homem,Pedro H. Bugatti,Homem,2
Marcelo de Souza Júnior,Homem,Priscila T. M. Saito,Mulher,2
Marcelo de Souza Júnior,Homem,Rafael S. Bressan,Homem,2
Marcia Ferreira Cristaldo,Mulher,Maria Eduarda Alves Barbosa,Mulher,1
Marcia Ferreira Cristaldo,Mulher,Marta Luzzi,Mulher,1
Marcia Ferreira Cristaldo,Mulher,Nayara Arruda Cunha,Mulher,1
Marcia Kniphoff da Cruz,Mulher,Rozelma França,Mulher,1
Marcia Kniphoff da Cruz,Mulher,Wilk Oliveira,Homem,1
Marcia Martins,Mulher,Miguel Oliveira,Homem,1
Marcia N. Viana,Mulher,Reinaldo B. Braga,Homem,1
Marcio E. F. Maia,Homem,Rossana M. C. Andrade,Mulher,1
Marcio E. F. Maia,Homem,Tales P. Nogueira,Homem,1
Marcio Imamura,Homem,Rodrigo Pereira dos Santos,Homem,1
Marcio Piffer,Homem,Yuri Salvador,Homem,1
Marco A. O. Domingues,Homem,Mateus H. S. Ferraz,Homem,1
Marco Almada,Homem,Romis Attux,Homem,1
Marco Aurélio Graciotto Silva,Homem,Yuri Rafael Grajefe Feitosa,Homem,1
Marco Cristo,Homem,Nabson Silva,Homem,1
Marconi de Arruda Pereira,Homem,Sérgio de Oliveira,Homem,1
Marcos André Gonçalves,Homem,Raphael R. Campos,Homem,1
Marcos B. Hervé,Homem,Murilo P. Pessatti,Homem,1
Marcos B. Hervé,Homem,Paulo A. Dal Fabbro,Homem,1
Marcos Bedo,Homem,Rodolfo A. de Oliveira,Homem,1
Marcos C. R. Seruffo,Homem,Paulo H. A. Pereira,Homem,1
Marcos C. R. Seruffo,Homem,Rafael F. Vieira,Homem,2
Marcos Carrero,Homem,Martin A. Musicante,Homem,1
Marcos Costa,Homem,Taígo Pedrosa,Homem,1
Marcos Diniz,Homem,Marianne Eliasquevici,Mulher,1
Marcos Henrique Alves da Silva,Homem,Rostand Edson Oliveira Costa,Homem,1
Marcos Henrique Alves da Silva,Homem,Samuel de Moura Moreira,Homem,1
Marcos Henrique Alves da Silva,Homem,Tiago Maritan Ugulino de Araújo,Homem,1
Marcos José Santana,Homem,Regina H. Carlucci Sanatana,Mulher,1
Marcos Nascimento Júnior,Homem,Maria Laysa Meneses da Silva,Mulher,1
Marcos Nascimento Júnior,Homem,Mariana Marques Ferreira,Mulher,1
Marcos Nascimento Júnior,Homem,Maurício Rabello Silva,Homem,1
Marcos Salvatierra,Homem,Rosiane Freitas,Mulher,1
Marcos Uryel F. de Farias,Homem,Sônia R. Fortes da Silva,Mulher,1
Marcos Vinícius Batista,Homem,Renata Luiza da Costa,Mulher,1
Marcos Vinícius Batista,Homem,Tharles de S. Andrade,Homem,1
Marcos Vinícius Batista,Homem,Yuri dos Reis,Homem,1
Marcos Wagner de Souza Ribeiro,Homem,Tamara Cristina Ferreira,Mulher,1
Marcos Yukio Siraichi,Homem,Vinicius F. Santos,Homem,1
Marcus T. Costa,Homem,Mariana M. F. da Cruz,Mulher,1
Marcílio de Paiva Onofre Filho,Homem,Paulo Roberto Santos Costa,Homem,1
Maria Adriana V. Lima,Mulher,Maria Camila N. Barioni,Mulher,1
Maria Adriana V. Lima,Mulher,Mirella S. Junqueira,Mulher,1
Maria Alice N. Silva,Mulher,Natália C. Louzada,Mulher,2
Maria Alice N. Silva,Mulher,Ramayane B. Braga,Mulher,2
Maria Alice N. Silva,Mulher,Sara L. de Farias,Mulher,1
Maria Alice N. Silva,Mulher,Thalia S. Santana,Mulher,2
Maria Andréia Formico Rodrigues,Mulher,Ygor Rebouças Serpa,Homem,2
Maria Camila N. Barioni,Mulher,Mirella S. Junqueira,Mulher,1
Maria Clicia Steling de Castro,Mulher,Rafaela Brum,Mulher,1
Maria Clicia Steling de Castro,Mulher,Rosa Maria E. Moreira da Costa,Mulher,1
Maria Clicia Steling de Castro,Mulher,Vera Maria B. Werneck,Mulher,1
Maria Dalila Vieira,Mulher,Thais Regina de M. B. Silva,Mulher,1
Maria Dayane Almeida Araújo,Mulher,Rhyan Ximenes de Brito,Homem,1
Maria Eduarda Alves Barbosa,Mulher,Marta Luzzi,Mulher,1
Maria Eduarda Alves Barbosa,Mulher,Nayara Arruda Cunha,Mulher,1
Maria Eduarda Brandão,Mulher,Melissa Lins,Mulher,1
Maria Eduarda Brandão,Mulher,Poliana Ferreira,Mulher,1
Maria Eduarda Brandão,Mulher,Rafaela V. Rocha,Mulher,1
Maria Eduarda Brandão,Mulher,Rosimeire Santana,Mulher,1
Maria Eduarda H. Lucena,Mulher,Maria Luiza M. Campos,Mulher,1
Maria Eduarda H. Lucena,Mulher,Tainá da S. Lima,Mulher,1
Maria Eduarda Santos,Mulher,Maristela Holanda,Mulher,1
Maria Eduarda Santos,Mulher,Roberta B. Oliveira,Mulher,1
Maria Eduarda Santos,Mulher,Vinicius R. P. Borges,Homem,1
Maria Elanne M. Rodrigues,Mulher,Maria Victoria S. Fiori,Mulher,1
Maria Elanne M. Rodrigues,Mulher,Marina da S. Rocha,Mulher,2
Maria Elanne M. Rodrigues,Mulher,Victoria Gabriella R. Pereira,Mulher,1
Maria Eloisa Mignoni,Mulher,Rafael Kunst,Homem,1
Maria Eloisa Mignoni,Mulher,Rodrigo R. Righi,Homem,1
Maria Estela O. Paiva,Mulher,Paula D. P. Costa,Mulher,1
Maria Eulina P. Carvalho,Mulher,Ricardo M. Silva,Homem,1
Maria Fernanda Abalem Franca Nunes,Mulher,Sabrina Bourscheid Sassi,Mulher,1
Maria Fernanda Abalem Franca Nunes,Mulher,Waleska Gonçalves de Lima,Mulher,1
Maria Fernanda C. Ribeiro,Mulher,Monica M. Pereira,Mulher,1
Maria Fiori,Mulher,Marina Rocha,Mulher,1
Maria Isabela S. Nunes,Mulher,Natália C. Louzada,Mulher,1
Maria Isabela S. Nunes,Mulher,Ramayane B. Braga,Mulher,1
Maria Isabela S. Nunes,Mulher,Sara L. de Farias,Mulher,1
Maria Isabela S. Nunes,Mulher,Thalia S. Santana,Mulher,1
Maria Istela Cagnin,Mulher,Michele dos Santos Soares,Mulher,1
Maria Júlia M. Schettini,Mulher,Samuel O. Silva,Homem,1
Maria L. M. Calixto,Mulher,Tiago E. S. Araujo,Homem,1
Maria L. M. Calixto,Mulher,Vanessa G. L. Pessoa,Mulher,1
Maria Laysa Meneses da Silva,Mulher,Mariana Marques Ferreira,Mulher,1
Maria Laysa Meneses da Silva,Mulher,Maurício Rabello Silva,Homem,1
Maria Luiza M. Campos,Mulher,Tainá da S. Lima,Mulher,1
Maria Luíza López Cruz,Mulher,Raquel Souza Francisco Bravo,Mulher,1
Maria Mendes,Mulher,Valéria Pinheiro,Mulher,1
Maria Márcia Bachion,Mulher,Rodrigo Cândido Borges,Homem,1
Maria Rodrigues Gomes,Mulher,Simone de Oliveira Santos,Mulher,1
Maria Roselene A. Lima,Mulher,Sara M. Silva,Mulher,1
Maria Simone Nunes,Mulher,Marianna Severo,Mulher,1
Maria Simone Nunes,Mulher,Paulo A. C. Aguilar,Homem,1
Maria Simone Nunes,Mulher,Valdemir de Queiroz Neto,Homem,1
Maria Tassiane Barros de Lima,Mulher,Nayara Maria Costa de Mesquita,Mulher,1
Maria Tassiane Barros de Lima,Mulher,Paulo de Tarso Guerra Oliveira,Homem,1
Maria Theresa Arruda Henriques,Mulher,Thais Regina de M. B. Silva,Mulher,1
Maria Tostes,Mulher,Stefany Pinheiro,Mulher,1
Maria Tostes,Mulher,Ubiratan Bezerra,Homem,2
Maria Victoria S. Fiori,Mulher,Marina da S. Rocha,Mulher,3
Maria Victoria S. Fiori,Mulher,Valéria Maria Pinheiro,Mulher,1
Maria Victoria S. Fiori,Mulher,Victoria Gabriella R. Pereira,Mulher,1
Maria Viviane Menezes,Mulher,Robson Teixeira Paula,Homem,1
Maria da Piedade Araújo,Mulher,Sandra Mara Stocker Lago,Mulher,1
Maria de Fátima P. Ferreira,Mulher,Rossana M. C. Andrade,Mulher,1
Maria de Fátima P. Ferreira,Mulher,Rubens Anderson de S. Silva,Homem,1
Maria do Socorro Vieira Barreto,Mulher,Thales Francisco Mota Carvalho,Homem,1
Maria do Socorro Vieira Barreto,Mulher,Vívian Ludimila Aguiar Santos,Mulher,1
Marialina Corrêa Sobrinho,Mulher,Natasha Malveira C. Valentim,Mulher,1
Mariana Barros,Mulher,Tanara Lauschner,Mulher,2
Mariana Marques Ferreira,Mulher,Maurício Rabello Silva,Homem,1
Mariana Michels Fontoura,Mulher,Marília A. Amaral,Mulher,1
Mariana Pinheiro,Mulher,Mateus Lambranho Ramos,Homem,1
Mariana Pinheiro,Mulher,Rodrigo Pereira dos Santos,Homem,2
Mariana W. B. Nascimento,Mulher,Márcio J. M. Ponte,Homem,1
Mariana W. B. Nascimento,Mulher,Roberto P. Nascimento,Homem,1
Marianna Severo,Mulher,Paulo A. C. Aguilar,Homem,1
Marianna Severo,Mulher,Valdemir de Queiroz Neto,Homem,1
Marianne Eliasquevici,Mulher,Sandra Oliveira,Homem,1
Marina Braun Otokovieski,Mulher,Patrícia Araújo de Oliveira,Mulher,1
Marina Braun Otokovieski,Mulher,Raniely dos Anjos,Mulher,1
Marina da S. Rocha,Mulher,Victoria Gabriella R. Pereira,Mulher,1
Mario Bonicenha,Homem,Rebeca Motta,Mulher,1
Mario F. M. Campos,Homem,Michel M. Silva,Homem,1
Marisa Vasconcelos,Mulher,Maysa M. G. Macedo,Mulher,1
Marisa Vasconcelos,Mulher,Roseli Lopes,Mulher,1
Maristela Holanda,Mulher,Mirella M. Moro,Mulher,1
Maristela Holanda,Mulher,Roberta B. Oliveira,Mulher,6
Maristela Holanda,Mulher,Tais A. Oliveira,Mulher,1
Maristela Holanda,Mulher,Thamires P. Silva,Mulher,1
Maristela Holanda,Mulher,Thayanna Klysnney Moreira Nunes,Mulher,1
Maristela Holanda,Mulher,Vinicius R. P. Borges,Homem,2
Marize Lyra Silva Passos,Mulher,Márcia Oliveira,Mulher,1
Marize Lyra Silva Passos,Mulher,Rodolfo dos Reis Fontes Novais,Homem,1
Marjory Abreu,Mulher,Monica M. Pereira,Mulher,1
Marlon Carvalho Mariano,Homem,Márcia Häfele Islabão Franco,Mulher,1
Marlon Carvalho Mariano,Homem,Silvia de Castro Bertagnolli,Mulher,1
Marlon Cordeiro Domenech,Homem,Matheus Kauê Fernandes Suzin,Homem,1
Marlon Cordeiro Domenech,Homem,Rafael Seisl Solanha,Homem,1
Marlon Cordeiro Domenech,Homem,Rodrigo Espinosa Cabral,Homem,1
Marta Luzzi,Mulher,Nayara Arruda Cunha,Mulher,1
Martín Gutiérrez,Homem,Nicolás Hidalgo,Homem,1
Martín Gutiérrez,Homem,Paulo R. Coelho,Homem,1
Martín Gutiérrez,Homem,Rafael Pasquini,Homem,1
Martín Gutiérrez,Homem,Rodrigo S. Miani,Homem,1
Mary Karlla A. Guimarães,Mulher,Moacy P. Silva,Homem,1
María Pía Mazzoleni,Mulher,Vitor T. F. de Luca,Homem,1
Mateus Coelho Silva,Homem,Ricardo Augusto Rabelo Oliveira,Homem,1
Mateus Coelho Silva,Homem,Saul Delabrida,Homem,1
Mateus Coelho Silva,Homem,Sérvio Pontes Ribeiro,Homem,1
Mateus Eloi da Silva Bastos,Homem,Richardson Santiago Teles de Menezes,Homem,1
Mateus Eloi da Silva Bastos,Homem,Vitor Yeso Fidelis Freitas,Homem,1
Mateus Lambranho Ramos,Homem,Rodrigo Pereira dos Santos,Homem,1
Mateus Manuel,Homem,Renan Costa,Homem,1
Mateus S. Menines,Homem,Matheus D. de Oliveira,Homem,1
Mateus S. Menines,Homem,Raquel F. Vassallo,Mulher,1
Mateus S. Menines,Homem,Vinícius H. Izabel,Homem,1
Mateus Santos,Homem,Matheus Mattos de Almeida Cruz,Homem,1
Mateus Santos,Homem,Rita C. G. Berardi,Mulher,1
Mateus Santos,Homem,Silvia Amelia Bim,Mulher,1
Mateus Schmitz da Silveira,Homem,Rodolfo Stoffel Antunes,Homem,1
Mateus Silva,Homem,Raissa Souza,Mulher,1
Mateus Silva,Homem,Thais Silva,Mulher,1
Matheus A. Pereira,Homem,Nathalia da Cruz Alves,Mulher,1
Matheus Bessa,Homem,Rafael Gomes,Mulher,1
Matheus D. de Oliveira,Homem,Raquel F. Vassallo,Mulher,1
Matheus D. de Oliveira,Homem,Renato A. C. Freitas,Homem,1
Matheus D. de Oliveira,Homem,Silvio R. Evangelista,Homem,1
Matheus D. de Oliveira,Homem,Vinícius H. Izabel,Homem,1
Matheus E. Franco,Homem,Rosana A. Moreira,Mulher,1
Matheus Guedes,Homem,Vinicius F. Santos,Homem,1
Matheus Henrique Junqueira Saldanha,Homem,Paulo Sérgio Lopes de Souza,Homem,1
Matheus J. Ota,Homem,Phablo F. S. Moura,Homem,1
Matheus Kauê Fernandes Suzin,Homem,Rafael Seisl Solanha,Homem,1
Matheus Kauê Fernandes Suzin,Homem,Rodrigo Espinosa Cabral,Homem,1
Matheus Lima Viana,Homem,Maísa Soares dos Santos Lopes,Mulher,1
Matheus Lima Viana,Homem,Rodrigo Silva Lima,Homem,1
Matheus Lima Viana,Homem,Roque Mendes Prado Trindade,Homem,1
Matheus Lorenzato Braga,Homem,Matheus da Silva Coelho,Homem,1
Matheus Lorenzato Braga,Homem,Rafael Américo Fuhrich,Homem,1
Matheus Lorenzato Braga,Homem,Victor Martins de Sousa,Homem,2
Matheus Martins,Homem,Miguel A. Bicudo,Homem,1
Matheus Mattos de Almeida Cruz,Homem,Rita C. G. Berardi,Mulher,1
Matheus Mattos de Almeida Cruz,Homem,Silvia Amelia Bim,Mulher,1
Matheus Paixão,Homem,Pamella Soares,Mulher,1
Matheus Secco,Homem,Paulo Matias,Homem,1
Matheus Secco,Homem,Roberto Parente,Homem,1
Matheus T. Mattioli,Homem,Mário César San Felice,Homem,1
Matheus T. Mattioli,Homem,Pedro H. D. B. Hokama,Homem,1
Matheus da Silva Coelho,Homem,Victor Martins de Sousa,Homem,1
Matheus da Silva Serpa,Homem,Pablo José Pavan,Homem,1
Matheus da Silva Serpa,Homem,Philippe O. A. Navaux,Homem,1
Matheus da Silva Serpa,Homem,Philippe Olivier Alexandre Navaux,Homem,1
Matheus da Silva Serpa,Homem,Víctor Martínez,Homem,1
Mauro F. Santos Junior,Homem,Sergiana Alves da Silva,Mulher,1
Mauro Nigro,Homem,Sérgio Fusquino,Homem,1
Mauro R. C. Silva,Homem,Rafael C. S. Schoeury,Homem,1
Mauro Roberto Costa da Silva,Homem,Rafael C. S. Schoeury,Homem,1
Mauro Roberto Costa da Silva,Homem,Welverton Rodrigues da Silva,Homem,1
Maurício Silva,Homem,Ricardo Oliveira,Homem,1
Maurício Souza,Homem,Renata Moreira,Mulher,1
Max Filipe da Costa Braga,Homem,Orlando Shigueo Ohashi Junior,Homem,1
Max Filipe da Costa Braga,Homem,Renato Hidaka Torres,Homem,1
Max Filipe da Costa Braga,Homem,Wilson Rogério Soares e Silva,Homem,1
Mayara Dal Vesco Hoger,Mulher,Patricia Abe Turato,Mulher,2
Mayara Dal Vesco Hoger,Mulher,Rita Cristina Galarraga Berardi,Mulher,2
Mayara Dal Vesco Hoger,Mulher,Silvia Amelia Bim,Mulher,2
Maycon Sambinelli,Homem,Orlando Lee,Homem,1
Maysa M. G. Macedo,Mulher,Roseli Lopes,Mulher,1
Maytê G. C. Bezerra,Mulher,Robertino M. Santiago Junior,Homem,1
Maytê Gouvêa Coleto Bezerra,Mulher,Robertino M. Santiago Junior,Homem,1
Maísa Soares dos Santos Lopes,Mulher,Rodrigo Silva Lima,Homem,1
Maísa Soares dos Santos Lopes,Mulher,Roque Mendes Prado Trindade,Homem,1
Melise M. V. Paula,Mulher,Rafael M. D.,Homem,1
Melise M. V. Paula,Mulher,Rafael M. D. Frinhani,Homem,1
Melise M. V. Paula,Mulher,Thiago A. S. S. Cortez,Homem,1
Melise M. V. Paula,Mulher,Vanessa C. O. Souza,Mulher,2
Melissa Lins,Mulher,Poliana Ferreira,Mulher,1
Melissa Lins,Mulher,Rafaela V. Rocha,Mulher,1
Melissa Lins,Mulher,Rosimeire Santana,Mulher,1
Melque Henrique Castro,Homem,Nubia Rosa da Silva,Mulher,1
Melque Henrique Castro,Homem,Thiago Leite,Homem,1
Michael Canesche,Homem,Ricardo Ferreira,Homem,1
Michel S. Bonfim,Homem,Paulo A. L. Rego,Homem,1
Michel S. Bonfim,Homem,Roseli da R. Barbosa,Mulher,1
Michele A. Brandão,Mulher,Mirella M. Moro,Mulher,1
Michele A. Brandão,Mulher,Rodrigo Cardoso,Homem,1
Michelle G. Cacais,Mulher,Weslley L. Caldas,Homem,1
Miguel Elias M. Campista,Homem,Otto Carlos M. B. Duarte,Homem,1
Miguel Jonathan,Homem,Ronaldo Celso Messias Correia,Homem,1
Miguel Oliveira,Homem,Neila Xavier,Mulher,1
Milena Estanislau,Mulher,Tabatta Martins,Mulher,1
Milena Estanislau,Mulher,Valeria Nunes Belmonte,Mulher,1
Milene Selbach Silveira,Mulher,Rebeca Schroeder,Mulher,1
Milene Selbach Silveira,Mulher,Simone Diniz Junqueira Barbosa,Mulher,1
Milene Selbach Silveira,Mulher,Êrica Peters do Carmo,Mulher,1
Mirella M. Moro,Mulher,Roberta B. Oliveira,Mulher,1
Mirko Perkusich,Homem,Mirna C. O. Maia,Mulher,1
Mirko Perkusich,Homem,Raquel B. Leal,Mulher,1
Mirna C. O. Maia,Mulher,Raquel B. Leal,Mulher,2
Mohamad Kassab,Homem,Rodrigo P. dos Santos,Homem,1
Mohamad Kassab,Homem,Valdemar V. Graciano Neto,Homem,1
Moraes Neto,Homem,Rafael Parizi,Homem,1
Murilo P. Pessatti,Homem,Paulo A. Dal Fabbro,Homem,1
Murilo V. G. da Silva,Homem,Nicollas M. Sdroievski,Homem,1
Márcia Adriana Rosmann,Mulher,Pietro Matheus Bompet Fontoura Alves,Homem,1
Márcia Gonçalves Oliveira,Mulher,Mônica F. da Silva Lopes,Mulher,1
Márcia Gonçalves Oliveira,Mulher,Soraya Roberta dos Santos Medeiros,Mulher,1
Márcia Gonçalves Oliveira,Mulher,Vânia Silvares Marquiori,Mulher,1
Márcia Häfele Islabão Franco,Mulher,Silvia de Castro Bertagnolli,Mulher,1
Márcia Oliveira,Mulher,Mônica Silva,Mulher,1
Márcia Oliveira,Mulher,Rodolfo dos Reis Fontes Novais,Homem,1
Márcia Oliveira,Mulher,Vania Marquiori,Mulher,1
Márcia R. Cappelle,Mulher,Otávio S. Mortosa,Homem,1
Márcia R. Cerioli,Mulher,Petrucio Viana,Homem,1
Márcio A. Miranda,Homem,Simone S. Sidnei,Mulher,1
Márcio A. Miranda,Homem,Suelen M. de Paula,Mulher,1
Márcio J. M. Ponte,Homem,Roberto P. Nascimento,Homem,1
Márcio Júnior,Homem,Nicoly Almeida,Mulher,1
Márcio Júnior,Homem,Petrus Bento,Homem,1
Mária Andréia F. Rodrigues,Mulher,Yvens R. Serpa,Homem,1
Mário César San Felice,Homem,Pedro H. D. B. Hokama,Homem,1
Mário Melo,Homem,Rafael Queiroz,Homem,1
Mário W. L. Moreira,Homem,Rhayane S. Monteiro,Mulher,1
Mário W. L. Moreira,Homem,Victor Hugo C. de Albuquerque,Homem,1
Mércia Ferreira,Mulher,Reinaldo B. Braga,Homem,1
Naira Kaieski,Mulher,Paula Nunes,Mulher,1
Naira Kaieski,Mulher,William Augusto Pez,Homem,1
Nani Castilho,Mulher,Simone Fogazzi,Mulher,1
Nathasha Pinto,Mulher,Raimundo Neto,Homem,1
Nathasha Pinto,Mulher,Simara Rocha,Mulher,1
Nathielly de S. Campos,Mulher,Reinaldo V. Alvares,Homem,1
Natália C. Louzada,Mulher,Ramayane B. Braga,Mulher,4
Natália C. Louzada,Mulher,Sara L. de Farias,Mulher,2
Natália C. Louzada,Mulher,Thalia S. Santana,Mulher,4
Natália Dal Pizzol,Mulher,Soraia Raupp Musse,Mulher,1
Natália de Assis Sousa,Mulher,Rebeca de Jesus Brandão,Mulher,1
Natália de Assis Sousa,Mulher,Sunny Kelma Oliveira Miranda,Mulher,1
Nayana Borges das Mercês,Mulher,Tayana Nery Franca,Mulher,1
Nayana Borges das Mercês,Mulher,Taís Pinheiro Borges Silva,Mulher,1
Nayana Borges das Mercês,Mulher,Vanessa Michalsky Barbosa,Mulher,1
Nayara Maria Costa de Mesquita,Mulher,Paulo de Tarso Guerra Oliveira,Homem,1
Nayse da Silva Fagundes,Mulher,Raquel da Silva Cabral,Mulher,1
Nayse da Silva Fagundes,Mulher,Suzy Kamylla de Oliveira Menezes,Mulher,1
Nelson L. S. da Fonseca,Homem,Tiago P. C. de Andrade,Homem,1
Nelson Maculan,Homem,Rosiane Freitas,Mulher,1
Nestor D. O. Volpini,Homem,Raphael L. Pontes,Homem,1
Nestor D. O. Volpini,Homem,Vinicius S. Conceição,Homem,2
Newton C. Will,Homem,Rafael A. P. de Oliveira,Homem,1
Nicolas Nisse,Homem,Raul Lopes,Homem,1
Nicoli Araújo,Mulher,Rafaela Sousa,Mulher,1
Nicoly Almeida,Mulher,Petrus Bento,Homem,1
Nicolás Hidalgo,Homem,Paulo R. Coelho,Homem,1
Nicolás Hidalgo,Homem,Rafael Pasquini,Homem,1
Nicolás Hidalgo,Homem,Rodrigo S. Miani,Homem,1
Nikaelly V. de Lima,Mulher,Valéria D. Feltrim,Mulher,1
Nina N. Zahn,Mulher,Soraia R. Musse,Mulher,1
Nubia Rosa da Silva,Mulher,Thiago Leite,Homem,1
Nágila Cristina Hinckel,Mulher,Thainá Schroeder Ribeiro,Mulher,1
Nícollas Silva,Homem,Tiago Trotta,Homem,1
Nídia G. S. Campos,Mulher,Sayonara S. Araújo,Mulher,1
Obede Carvalho,Homem,Ricardo Terra,Homem,1
Olga Goussevskaia,Mulher,Vinicius F. Santos,Homem,1
Orlando Lee,Homem,Vinícius de Souza Carvalho,Homem,1
Orlando Shigueo Ohashi Junior,Homem,Renato Hidaka Torres,Homem,2
Orlando Shigueo Ohashi Junior,Homem,Wilson Rogério Soares e Silva,Homem,1
Osvaldo A. Rosso,Homem,Raquel S. Cabral,Mulher,1
Osvaldo Fonseca ,Homem,Welton Augusto Rodrigues Santos,Homem,1
Oswaldo de Oliveira,Homem,Sâmela Ferreira,Mulher,1
Oswaldo de Oliveira,Homem,Thais Batista,Mulher,1
Otacílio José Pereira,Homem,Rossini Pena Abrantes,Homem,1
Oto B. Assunção,Homem,Raquel O. Prates,Mulher,1
Pablo José Pavan,Homem,Philippe O. A. Navaux,Homem,1
Pablo José Pavan,Homem,Víctor Martínez,Homem,1
Patricia Abe Turato,Mulher,Rita Cristina Galarraga Berardi,Mulher,2
Patricia Abe Turato,Mulher,Silvia Amelia Bim,Mulher,2
Patrick Fernandes,Homem,Renata Reiser,Mulher,2
Patrick Fernandes,Homem,Renato Dilli,Homem,2
Patrícia Araújo de Oliveira,Mulher,Raniely dos Anjos,Mulher,1
Patrícia Cabral de Azevedo Restelli Tedesco,Mulher,Taciana Pontual Falcão,Mulher,1
Patrícia P. Diniz,Mulher,Renato H. Torres,Homem,1
Patrícia P. Diniz,Mulher,Wallyson O. das Mecês,Homem,1
Paulo A. C. Aguilar,Homem,Valdemir de Queiroz Neto,Homem,1
Paulo A. L. Rego,Homem,Paulo H. Rocha,Homem,1
Paulo A. L. Rego,Homem,Roseli da R. Barbosa,Mulher,1
Paulo A. L. Rego,Homem,Tomaz Bisneto,Homem,1
Paulo Cerqueira,Homem,Rafael Santos,Homem,1
Paulo César Gonçalves,Homem,Rodrigo Hübner,Homem,1
Paulo E. D. Pinto,Homem,Raquel M. Souza,Mulher,1
Paulo E. D. Pinto,Homem,Vinicius F. Santos,Homem,2
Paulo F. C. Barbosa,Homem,Renato M. de Moraes,Homem,1
Paulo F. Pires,Homem,Thais Batista,Mulher,1
Paulo H. A. Pereira,Homem,Rafael F. Vieira,Homem,2
Paulo H. A. Pereira,Homem,Rita de C. P. Cunha,Mulher,1
Paulo H. Rocha,Homem,Tomaz Bisneto,Homem,1
Paulo Henrique M. A.,Homem,Wallesson C. S.,Homem,1
Paulo L. J. Drews-Jr,Homem,Ricardo B. Grando,Homem,1
Paulo Matias,Homem,Roberto Parente,Homem,1
Paulo Mello da Silva,Homem,Rildo de Cássio Estácio da Silva,Homem,1
Paulo Mello da Silva,Homem,Romário Elias da Silva Santos,Homem,1
Paulo Mello da Silva,Homem,Zildomar Carlos Felix,Homem,1
Paulo Miranda e Silva Sousa,Homem,Victor de Souza Lima,Homem,1
Paulo Miranda e Silva Sousa,Homem,Wladimir Araújo Tavares,Homem,1
Paulo R. Coelho,Homem,Rafael Pasquini,Homem,1
Paulo R. Coelho,Homem,Rodrigo S. Miani,Homem,1
Paulo Roberto Filho,Homem,Walkir Brito,Homem,1
Paulo Roberto Filho,Homem,Zeca Borges,Homem,1
Paulo Silva,Homem,Rafael Queiroz,Homem,1
Pedro B. Castellucci,Homem,Rafael de Santiago,Homem,1
Pedro B. Castellucci,Homem,Wesly C. Ataide,Homem,1
Pedro B. Castellucci,Homem,Álvaro J. P. Franco,Homem,1
Pedro B. Pio,Homem,Vinicius R. P. Borges,Homem,1
Pedro H. Bugatti,Homem,Priscila T. M. Saito,Mulher,2
Pedro H. Bugatti,Homem,Rafael S. Bressan,Homem,2
Pedro H. O. Souza,Homem,Renato C. Cani,Homem,1
Pedro H. O. Souza,Homem,Thiago R. Almeida,Homem,1
Pedro Henrique Campagna Moura da Silva,Homem,Wesley Eiji Sanches Kanashiro,Homem,1
Pedro Luis Saraiva Barbosa,Homem,Windson Viana,Homem,1
Pedro Victor Silva,Homem,Thais Batista,Mulher,1
Pedro Vinicius dos Santos Custodio,Homem,Raquel Frizera Vassallo,Mulher,1
Pedro Vinicius dos Santos Custodio,Homem,Wagner Augusto Aranda Cotta,Homem,1
Phablo F. S. Moura,Homem,Vinicius Fernandes dos Santos,Homem,1
Phablo F. S. Moura,Homem,Yoshiko Wakabayashi,Mulher,1
Phablo Moura,Homem,Tássio Naia,Homem,1
Philippe O. A. Navaux,Homem,Vinicius R. S. dos Santos,Homem,1
Philippe O. A. Navaux,Homem,Víctor Martínez,Homem,1
Placida Oliveira,Mulher,Renata Reiser,Mulher,1
Placida Oliveira,Mulher,Simone Cavalheiro,Mulher,1
Poliana Ferreira,Mulher,Rafaela V. Rocha,Mulher,1
Poliana Ferreira,Mulher,Rosimeire Santana,Mulher,1
Priscila Camargo,Mulher,Uéverton S. Santos,Homem,1
Priscila T. M. Saito,Mulher,Rafael S. Bressan,Homem,2
Priscylla Silva,Mulher,Ricardo Ribeiro,Homem,1
Priscylla Silva,Mulher,Wanessa Lima,Mulher,1
Pryscilla de Sousa Pereira,Mulher,Ramires do Nascimento Moreira,Homem,1
Queilane da Conceição Rocha,Mulher,Yasmin Solrac Ribeiro dos Santos,Mulher,1
Queilane da Conceição Rocha,Mulher,Érica Pereira Machado,Mulher,1
Rafael Américo Fuhrich,Homem,Victor Martins de Sousa,Homem,1
Rafael C. S. Schoeury,Homem,Renan F. F. da Silva,Homem,1
Rafael C. S. Schoeury,Homem,Welverton Rodrigues da Silva,Homem,1
Rafael C. S. Schoeury,Homem,Yulle G. F. Borges,Mulher,2
Rafael F. Vieira,Homem,Rita de C. P. Cunha,Mulher,1
Rafael Ferreira Mello,Homem,Samuel Souza Wagner,Homem,1
Rafael Ferreira Mello,Homem,Taciana Pontual Falcão,Mulher,1
Rafael Ferreira Mello,Homem,Victoria Luisi,Mulher,1
Rafael Gomes,Mulher,Rossana Andrade,Mulher,1
Rafael Kunst,Homem,Rodrigo R. Righi,Homem,1
Rafael M. D.,Homem,Vanessa C. O. Souza,Mulher,1
Rafael M. D. Frinhani,Homem,Thiago A. S. S. Cortez,Homem,1
Rafael M. D. Frinhani,Homem,Vanessa C. O. Souza,Mulher,1
Rafael Pasquini,Homem,Rodrigo S. Miani,Homem,1
Rafael Seisl Solanha,Homem,Rodrigo Espinosa Cabral,Homem,1
Rafael Silva Del Lama,Homem,Raquel Mariana Candido,Mulher,1
Rafael Silva Del Lama,Homem,Renato Tinos,Homem,1
Rafael T. Araújo,Homem,Sulamita Klein,Mulher,1
Rafael de Santiago,Homem,Wesly C. Ataide,Homem,1
Rafael de Santiago,Homem,Álvaro J. P. Franco,Homem,1
Rafaela Brum,Mulher,Rosa Maria E. Moreira da Costa,Mulher,1
Rafaela Brum,Mulher,Vera Maria B. Werneck,Mulher,1
Rafaela V. Rocha,Mulher,Rosimeire Santana,Mulher,1
Rainara M. Carvalho,Mulher,Rossana M. C. Andrade,Mulher,1
Raissa Ohana F. O e Silva,Mulher,Álvaro Getúlio Medeiros,Homem,1
Raissa P. P. M. Souza,Mulher,Thais R. M. B. Silva,Mulher,1
Raissa Souza,Mulher,Thais Silva,Mulher,1
Ramayane B. Braga,Mulher,Sara L. de Farias,Mulher,2
Ramayane B. Braga,Mulher,Thalia S. Santana,Mulher,4
Ramon C. F. Araújo,Homem,Rodrigo M. S. Oliveira,Homem,1
Ramon Gustavo Teodoro Marques da Silva,Homem,Ricardo Vasconcellos de Carvalho Remédio,Homem,1
Raphael L. Pontes,Homem,Vinicius S. Conceição,Homem,1
Raquel Bravo,Mulher,Rodolfo Oliveira,Homem,1
Raquel Bravo,Mulher,Ueverton Souza,Homem,1
Raquel F. Vassallo,Mulher,Vinícius H. Izabel,Homem,1
Raquel Folz,Mulher,Rosiane Freitas,Mulher,1
Raquel Folz,Mulher,Victória Guimarães,Mulher,1
Raquel Frizera Vassallo,Mulher,Wagner Augusto Aranda Cotta,Homem,1
Raquel Mariana Candido,Mulher,Renato Tinos,Homem,1
Raquel Salcedo Gomes,Mulher,Rodrigo Remor Oliveira,Homem,1
Raquel da Silva Cabral,Mulher,Suzy Kamylla de Oliveira Menezes,Mulher,1
Raul Lopes,Homem,Victor Campos,Homem,1
Raylla L. S. Gama,Mulher,Suelen M. de Paula,Mulher,1
Rebeca Hilda Furtado Costa,Mulher,Sara das Mercês Silva,Mulher,1
Rebeca Schroeder,Mulher,Simone Diniz Junqueira Barbosa,Mulher,1
Rebeca Schroeder,Mulher,Êrica Peters do Carmo,Mulher,1
Rebeca de Jesus Brandão,Mulher,Samuel Lucas V. L. Barbosa,Homem,1
Rebeca de Jesus Brandão,Mulher,Victor Accete,Homem,1
Rebeca de Jesus Brandão,Mulher,Wagner Fontes,Homem,1
Regiane Macuch,Mulher,Rita C. G. Berardi,Mulher,1
Regiane Macuch,Mulher,Silvia A. Bim,Mulher,1
Reginaldo Santos,Homem,Renan Cunha,Homem,1
Reinaldo B. Braga,Homem,Renato Alves,Homem,1
Reinaldo B. Braga,Homem,Silas Pereira,Homem,1
Reinaldo B. Braga,Homem,Silas S. L. Pereira,Homem,1
Renan F. F. da Silva,Homem,Yulle G. F. Borges,Mulher,1
Renata Figueiredo,Mulher,Sheyla Medeiros,Mulher,2
Renata Figueiredo,Mulher,Thaíse Costa,Mulher,2
Renata Figueiredo,Mulher,Vanessa Dantas,Mulher,2
Renata Hax Sander Reiser,Mulher,Rodrigo Blanke Lambrecht,Homem,1
Renata Luiza Muller,Mulher,Vanessa Petró,Mulher,1
Renata Luiza Muller,Mulher,Vinicius Hartmann Ferreira,Homem,1
Renata Luiza da Costa,Mulher,Stéfany de Castro Souza,Mulher,1
Renata Luiza da Costa,Mulher,Tharles de S. Andrade,Homem,1
Renata Luiza da Costa,Mulher,Yuri dos Reis,Homem,1
Renata Reiser,Mulher,Renato Dilli,Homem,3
Renata Reiser,Mulher,Simone Cavalheiro,Mulher,2
Renata Reiser,Mulher,Simão Martin,Homem,1
Renata V. de Figueiredo,Mulher,Tanara Lauschner,Mulher,1
Renata V. de Figueiredo,Mulher,Vanessa Dantas,Mulher,1
Renato A. C. Freitas,Homem,Silvio R. Evangelista,Homem,1
Renato Balancieri,Homem,Thelma E. Colanzi,Mulher,1
Renato C. Cani,Homem,Thiago R. Almeida,Homem,1
Renato Carmo,Homem,Rodrigo Nogueira,Homem,1
Renato Carmo,Homem,Victor Campos,Homem,1
Renato Eubank de Almeida,Homem,Rodrigo Gabriel Galeano da Silva,Homem,1
Renato F. Bulcão-Neto,Homem,Thalia S. Santana,Mulher,1
Renato H. Torres,Homem,Wallyson O. das Mecês,Homem,1
Renato Hidaka Torres,Homem,Wilson Rogério Soares e Silva,Homem,1
Renato M. de Moraes,Homem,Vandenberg B. da Paixão,Homem,1
Rhayane S. Monteiro,Mulher,Victor Hugo C. de Albuquerque,Homem,1
Ricardo Anchieta,Homem,Simara Rocha,Mulher,1
Ricardo Andrade,Homem,Vitor Cortez,Homem,1
Ricardo Andrade,Homem,Willian Almeida Rodrigues,Homem,1
Ricardo Andrade,Homem,Windson Viana,Homem,1
Ricardo Augusto Rabelo Oliveira,Homem,Saul Delabrida,Homem,1
Ricardo Augusto Rabelo Oliveira,Homem,Sérvio Pontes Ribeiro,Homem,1
Ricardo B. Almeida,Homem,Roger Machado,Homem,2
Ricardo Ribeiro,Homem,Wanessa Lima,Mulher,1
Richardson Santiago Teles de Menezes,Homem,Rossana Moreno Santa Cruz,Mulher,1
Richardson Santiago Teles de Menezes,Homem,Vitor Yeso Fidelis Freitas,Homem,1
Rildo de Cássio Estácio da Silva,Homem,Romário Elias da Silva Santos,Homem,1
Rildo de Cássio Estácio da Silva,Homem,Zildomar Carlos Felix,Homem,1
Rita C. G. Berardi,Mulher,Silvia A. Bim,Mulher,1
Rita C. G. Berardi,Mulher,Silvia Amelia Bim,Mulher,3
Rita Cristina Galarraga Berardi,Mulher,Silvia Amelia Bim,Mulher,2
Roberta B. Oliveira,Mulher,Tais A. Oliveira,Mulher,1
Roberta B. Oliveira,Mulher,Thamires P. Silva,Mulher,1
Roberta B. Oliveira,Mulher,Vinicius R. P. Borges,Homem,1
Roberta L. Gomes,Mulher,Sérgio A. A. de Freitas,Homem,1
Roberta L. Gomes,Mulher,Vinícius F. S. Mota,Homem,1
Roberto C. L. de Oliveira,Homem,Thiago N.M. S. Conte,Homem,1
Roberto Colistete Júnior,Homem,Rodolfo da Silva Villaça,Homem,1
Robson Melo,Homem,Sergio Cleger,Homem,1
Rodolfo Oliveira,Homem,Ueverton Souza,Homem,1
Rodrigo A. P. Silva,Homem,Yuri Frota,Homem,1
Rodrigo Dutra,Homem,Vitor Hugo M. Gomes,Homem,1
Rodrigo Dutra,Homem,Weverson Nascimento,Homem,1
Rodrigo Lambrecht,Homem,Rogério Albandes,Homem,2
Rodrigo Nogueira,Homem,Victor Campos,Homem,1
Rodrigo P. dos Santos,Homem,Valdemar V. Graciano Neto,Homem,1
Rodrigo Pereira dos Santos,Homem,Sofia M. B. Machado,Mulher,1
Rodrigo Pereira dos Santos,Homem,Victor M. G. Chaves,Homem,1
Rodrigo Pessoa Medeiros,Homem,Taciana Pontual Falcão,Mulher,2
Rodrigo R. Righi,Homem,Vinícius F. Rodrigues,Homem,1
Rodrigo R. da Silva,Homem,Thales V. Maciel,Homem,1
Rodrigo R. da Silva,Homem,Vinícius do N. Lampert,Homem,1
Rodrigo Silva Lima,Homem,Roque Mendes Prado Trindade,Homem,1
Rodrigo V. Kassick,Homem,Vinícius Furlan,Homem,1
Rodrigo da Rosa Righi,Homem,Thiago Roberto Lima Lopes,Homem,1
Rodrigo da Rosa Righi,Homem,Uélison Jean L. Santos,Homem,1
Roger Machado,Homem,Rogério Albandes,Homem,2
Roger Machado,Homem,Verônica Tabim,Mulher,1
Roger Resmini,Homem,Soraia Prietch,Mulher,1
Roger Resmini,Homem,Tamyres Souza,Mulher,1
Roger Resmini,Homem,Waine Júnior,Homem,1
Roger Resmini,Homem,Ângela Farias,Mulher,1
Rommel Wladimir de Lima,Homem,Wilton Silva dos Santos Júnior,Homem,1
Rommel Wladimir de Lima,Homem,Álvaro Gabriel Gomes de Oliveira,Homem,1
Romulo Oliveira,Homem,Vitor Ponciano,Homem,1
Romário Elias da Silva Santos,Homem,Zildomar Carlos Felix,Homem,1
Ronier da S. Lima,Homem,Wladimir Araújo Tavares,Homem,1
Ronney Moreira Castro,Homem,Tadeu Moreira de Classe,Homem,3
Rosa Maria E. Moreira da Costa,Mulher,Vera Maria B. Werneck,Mulher,1
Rosana Jesus,Mulher,Sérgio Nery Simões,Homem,1
Rosiane Freitas,Mulher,Silvia A. Bim,Mulher,1
Rosiane Freitas,Mulher,Simone Gama,Mulher,1
Rosiane Freitas,Mulher,Sérgio Anders,Homem,1
Rosiane Freitas,Mulher,Tanara Lauschner,Mulher,1
Rosiane Freitas,Mulher,Ueverton Souza,Homem,1
Rosiane Freitas,Mulher,Victória Guimarães,Mulher,1
Rossana Andrade,Mulher,Valdenir Severino,Homem,1
Rossana M. C. Andrade,Mulher,Rubens Anderson de S. Silva,Homem,1
Rossana M. C. Andrade,Mulher,Tales P. Nogueira,Homem,1
Rostand Edson Oliveira Costa,Homem,Samuel de Moura Moreira,Homem,1
Rostand Edson Oliveira Costa,Homem,Tiago Maritan Ugulino de Araújo,Homem,1
Rozelma França,Mulher,Wilk Oliveira,Homem,1
Rozelma Soares de França,Mulher,Wellington G. Pereira,Homem,1
Rubens A. Sucupira,Homem,Sulamita Klein,Mulher,1
Sabrina B. Sassi,Mulher,Vinícius Carvalho Pereira,Homem,2
Sabrina Bourscheid Sassi,Mulher,Waleska Gonçalves de Lima,Mulher,1
Samara Martins Nascimento,Mulher,Veronica M. L. Silva,Mulher,1
Samira S. da Silva,Mulher,Sincler P. de Meireles,Homem,1
Samuel B. Mafra,Homem,Vitor A.C. Figueiredo,Homem,1
Samuel B. Mafra,Homem,Werner A. A. N. da Silveira,Homem,1
Samuel Lucas V. L. Barbosa,Homem,Victor Accete,Homem,1
Samuel Lucas V. L. Barbosa,Homem,Wagner Fontes,Homem,1
Samuel Souza Wagner,Homem,Taciana Pontual Falcão,Mulher,1
Samuel Souza Wagner,Homem,Victoria Luisi,Mulher,1
Samuel Thibault,Homem,Vincent Danjean,Homem,1
Samuel Thibault,Homem,Vinicius Garcia Pinto,Homem,1
Samuel de Moura Moreira,Homem,Tiago Maritan Ugulino de Araújo,Homem,1
Sandra Oliveira,Homem,Thais Sousa,Mulher,1
Sandy Hiorrana L. Farias,Mulher,Sara M. Silva,Mulher,1
Sanny Alves,Mulher,Thiago Coelho,Homem,1
Sara L. de Farias,Mulher,Thalia S. Santana,Mulher,2
Sara das Mercês Silva,Mulher,Tatiane A. Nascimento,Mulher,1
Sarah Barbosa de Deus,Mulher,Steffany Caroline Carvalho Freire,Mulher,1
Sarajane M. Peres,Mulher,Yasmin Gonçalves,Mulher,1
Saul Delabrida,Homem,Sérvio Pontes Ribeiro,Homem,1
Savio Lopes Rabelo,Homem,Tamara Arruda Pereira,Mulher,1
Sergio Viademonte,Homem,Walisson Gomes,Homem,1
Sheyla Medeiros,Mulher,Thaíse Costa,Mulher,2
Sheyla Medeiros,Mulher,Vanessa Dantas,Mulher,2
Silvia Amelia Bim,Mulher,Suzany Angeli,Mulher,2
Silvia Lins,Mulher,Virgínia Tavares,Mulher,1
Silvio E. Quincozes,Homem,Vagner E. Quincozes,Homem,1
Simone Cavalheiro,Mulher,Simão Martin,Homem,1
Simone Diniz Junqueira Barbosa,Mulher,Êrica Peters do Carmo,Mulher,1
Simone Gama,Mulher,Ueverton Souza,Homem,1
Simone Los,Mulher,Tiago Nogueira,Homem,1
Simone R. S. Souza,Mulher,Thelma E. Colanzi,Mulher,1
Simone S. Sidnei,Mulher,Suelen M. de Paula,Mulher,1
Sofia M. B. Machado,Mulher,Victor M. G. Chaves,Homem,1
Soraia Prietch,Mulher,Tamyres Souza,Mulher,1
Soraia Prietch,Mulher,Waine Júnior,Homem,1
Soraia Prietch,Mulher,Ângela Farias,Mulher,1
Soraya Medeiros,Mulher,Thayrone Santos,Homem,1
Stefany Pinheiro,Mulher,Ubiratan Bezerra,Homem,1
Sâmela Ferreira,Mulher,Thais Batista,Mulher,1
Sérgio A. A. de Freitas,Homem,Vinícius F. S. Mota,Homem,1
Tabatta Martins,Mulher,Valeria Nunes Belmonte,Mulher,1
Taciana Pontual Falcão,Mulher,Victoria Luisi,Mulher,1
Tais A. Oliveira,Mulher,Thamires P. Silva,Mulher,1
Tamires Rocha,Mulher,Vilson Júnior,Homem,1
Tamyres Souza,Mulher,Waine Júnior,Homem,1
Tamyres Souza,Mulher,Ângela Farias,Mulher,1
Tanilson D. Santos,Homem,Ueverton Souza,Homem,1
Tanilson D. Santos,Homem,Uéverton S. Souza,Homem,1
Tayana Nery Franca,Mulher,Taís Pinheiro Borges Silva,Mulher,1
Tayana Nery Franca,Mulher,Vanessa Michalsky Barbosa,Mulher,1
Taís Pinheiro Borges Silva,Mulher,Vanessa Michalsky Barbosa,Mulher,1
Thais R. M. B. Silva,Mulher,Vinícius G. J. Almeida,Homem,1
Thales Francisco Mota Carvalho,Homem,Vívian Ludimila Aguiar Santos,Mulher,1
Thales V. Maciel,Homem,Vinícius do N. Lampert,Homem,1
Tharles de S. Andrade,Homem,Yuri dos Reis,Homem,1
Thaíse Costa,Mulher,Vanessa Dantas,Mulher,2
Thiago A. S. S. Cortez,Homem,Vanessa C. O. Souza,Mulher,1
Thiago A. de Queiroz,Homem,Vinícius L. de Lima,Homem,1
Thiago A. de Queiroz,Homem,Vinícius Lima,Homem,1
Thiago A. de Queiroz,Homem,Yulle Borges,Mulher,1
Tiago Cherchiglia,Homem,Vinícius Alves Silva,Homem,1
Tiago E. S. Araujo,Homem,Vanessa G. L. Pessoa,Mulher,1
Tibério Rezende,Homem,Victor D'Ávila,Homem,1
Valdemar Neto,Homem,Wallace Manzano,Homem,1
Valderi Leithardt,Homem,Wemerson Parreira,Homem,1
Vanessa Petró,Mulher,Vinicius Hartmann Ferreira,Homem,1
Victor Accete,Homem,Wagner Fontes,Homem,1
Victor de Souza Lima,Homem,Wladimir Araújo Tavares,Homem,1
Vincent Danjean,Homem,Vinicius Garcia Pinto,Homem,1
Vinícius Lima,Homem,Yulle Borges,Mulher,1
Virgílio A. F. Almeida,Homem,Wagner Meira Jr,Homem,1
Vitor Cortez,Homem,Willian Almeida Rodrigues,Homem,1
Vitor Cortez,Homem,Windson Viana,Homem,1
Vitor Hugo M. Gomes,Homem,Weverson Nascimento,Homem,1
Viviane A. Souza,Mulher,Yasmin S. Néu,Mulher,1
Waine Júnior,Homem,Ângela Farias,Mulher,1
Walkir Brito,Homem,Zeca Borges,Homem,1
Warley Junior,Homem,Wendel Serra,Homem,2
Wesly C. Ataide,Homem,Álvaro J. P. Franco,Homem,1
Willian Almeida Rodrigues,Homem,Windson Viana,Homem,1
Wilton Silva dos Santos Júnior,Homem,Álvaro Gabriel Gomes de Oliveira,Homem,1
Yasmin Solrac Ribeiro dos Santos,Mulher,Érica Pereira Machado,Mulher,1
