Autor1,Gênero_Autor1,Autor2,Gênero_Autor2,Evento
Clevi Rapkiewicz,Mulher,Nani Castilho,Mulher,WIT
Clevi Rapkiewicz,Mulher,Simone Fogazzi,Mulher,WIT
Nani Castilho,Mulher,Simone Fogazzi,Mulher,WIT
Ana Cristina Oliveira,Mulher,Edlane Alves,Mulher,WIT
Ana Cristina Oliveira,Mulher,Fanny Batista,Mulher,WIT
Ana Cristina Oliveira,Mulher,Karolyne Oliveira,Mulher,WIT
Ana Cristina Oliveira,Mulher,Marcela Tassyany,Mulher,WIT
Ana Cristina Oliveira,Mulher,Thayanne Sousa,Mulher,WIT
Ana Cristina Oliveira,Mulher,Yngrid Cabral,Mulher,WIT
Edlane Alves,Mulher,Fanny Batista,Mulher,WIT
Edlane Alves,Mulher,Karolyne Oliveira,Mulher,WIT
Edlane Alves,Mulher,Marcela Tassyany,Mulher,WIT
Edlane Alves,Mulher,Thayanne Sousa,Mulher,WIT
Edlane Alves,Mulher,Yngrid Cabral,Mulher,WIT
Fanny Batista,Mulher,Karolyne Oliveira,Mulher,WIT
Fanny Batista,Mulher,Marcela Tassyany,Mulher,WIT
Fanny Batista,Mulher,Thayanne Sousa,Mulher,WIT
Fanny Batista,Mulher,Yngrid Cabral,Mulher,WIT
Karolyne Oliveira,Mulher,Marcela Tassyany,Mulher,WIT
Karolyne Oliveira,Mulher,Thayanne Sousa,Mulher,WIT
Karolyne Oliveira,Mulher,Yngrid Cabral,Mulher,WIT
Marcela Tassyany,Mulher,Thayanne Sousa,Mulher,WIT
Marcela Tassyany,Mulher,Yngrid Cabral,Mulher,WIT
Thayanne Sousa,Mulher,Yngrid Cabral,Mulher,WIT
Marcos Alves Vieira,Homem,Sergio Carvalho,Homem,SBCUP
Aldo von Wangenheim,Homem,Christiane Gresse von Wangenheim,Mulher,WEI
Aldo von Wangenheim,Homem,Fernando S. Pacheco,Homem,WEI
Aldo von Wangenheim,Homem,Jean C. R. Hauck,Homem,WEI
Christiane Gresse von Wangenheim,Mulher,Fernando S. Pacheco,Homem,WEI
Christiane Gresse von Wangenheim,Mulher,Jean C. R. Hauck,Homem,WEI
Fernando S. Pacheco,Homem,Jean C. R. Hauck,Homem,WEI
Marcos Diniz,Homem,Marianne Eliasquevici,Mulher,WEI
Alan Fernandes,Homem,Everton Cavalcante,Homem,SEMISH
Alan Fernandes,Homem,Felipe Rocha,Homem,SEMISH
Alan Fernandes,Homem,José Gameleira Neto,Homem,SEMISH
Alan Fernandes,Homem,Luís Felipe Santos,Homem,SEMISH
Alan Fernandes,Homem,Thais Batista,Mulher,SEMISH
Everton Cavalcante,Homem,Felipe Rocha,Homem,SEMISH
Everton Cavalcante,Homem,José Gameleira Neto,Homem,SEMISH
Everton Cavalcante,Homem,Luís Felipe Santos,Homem,SEMISH
Everton Cavalcante,Homem,Thais Batista,Mulher,SEMISH
Felipe Rocha,Homem,José Gameleira Neto,Homem,SEMISH
Felipe Rocha,Homem,Luís Felipe Santos,Homem,SEMISH
Felipe Rocha,Homem,Thais Batista,Mulher,SEMISH
José Gameleira Neto,Homem,Luís Felipe Santos,Homem,SEMISH
José Gameleira Neto,Homem,Thais Batista,Mulher,SEMISH
Luís Felipe Santos,Homem,Thais Batista,Mulher,SEMISH
Gustavo Henrique da Silva Alexandre,Homem,Jesiel Viana da Silva,Homem,WEI
Cristiane Ellwanger,Mulher,Cristina Paludo Santos,Mulher,WIT
Cristiane Ellwanger,Mulher,Mateus Paludo Santos,Homem,WIT
Cristina Paludo Santos,Mulher,Mateus Paludo Santos,Homem,WIT
Celso Alberto Saibel Santos,Homem,Estêvão Bissoli Saleme,Homem,CTD
Celso Alberto Saibel Santos,Homem,George Ghinea,Homem,CTD
Estêvão Bissoli Saleme,Homem,George Ghinea,Homem,CTD
Hugo Rosado,Homem,Marcelo Benedito,Homem,ETC
Alecsander Hennig,Homem,Fernando Zanutto,Homem,ENCompIF
Alecsander Hennig,Homem,Luis Guilherme Eich,Homem,ENCompIF
Alecsander Hennig,Homem,Murillo Weissheimer,Homem,ENCompIF
Alecsander Hennig,Homem,Vanessa Petró,Mulher,ENCompIF
Alecsander Hennig,Homem,Vinicius Hartmann Ferreira,Homem,ENCompIF
Fernando Zanutto,Homem,Luis Guilherme Eich,Homem,ENCompIF
Fernando Zanutto,Homem,Murillo Weissheimer,Homem,ENCompIF
Fernando Zanutto,Homem,Vanessa Petró,Mulher,ENCompIF
Fernando Zanutto,Homem,Vinicius Hartmann Ferreira,Homem,ENCompIF
Luis Guilherme Eich,Homem,Murillo Weissheimer,Homem,ENCompIF
Luis Guilherme Eich,Homem,Vanessa Petró,Mulher,ENCompIF
Luis Guilherme Eich,Homem,Vinicius Hartmann Ferreira,Homem,ENCompIF
Murillo Weissheimer,Homem,Vanessa Petró,Mulher,ENCompIF
Murillo Weissheimer,Homem,Vinicius Hartmann Ferreira,Homem,ENCompIF
Vanessa Petró,Mulher,Vinicius Hartmann Ferreira,Homem,ENCompIF
Antônio Augusto Fröhlich,Homem,Eduardo Augusto Bezerra,Homem,CTD
Antônio Augusto Fröhlich,Homem,João Gabriel Reis,Homem,CTD
Eduardo Augusto Bezerra,Homem,João Gabriel Reis,Homem,CTD
Alex Gliesch,Homem,Marcus Ritt,Homem,CTD
Braz A. S. Junior,Homem,Luciana Foss,Mulher,ETC
Braz A. S. Junior,Homem,Simone A. C. Cavalheiro,Mulher,ETC
Luciana Foss,Mulher,Simone A. C. Cavalheiro,Mulher,ETC
Ana P. G. Lopes,Mulher,Luis F. A. Román,Homem,SBCUP
Ana P. G. Lopes,Mulher,Paulo R. L. Gondim,Homem,SBCUP
Luis F. A. Román,Homem,Paulo R. L. Gondim,Homem,SBCUP
Flávio Rocha,Homem,Hudson Lopes,Homem,WPerformance
Flávio Rocha,Homem,Ricardo Bruno de Oliveira,Homem,WPerformance
Hudson Lopes,Homem,Ricardo Bruno de Oliveira,Homem,WPerformance
Alice Menezes,Mulher,Carlos Figueiredo,Homem,SBCUP
Cristiano Maciel,Homem,Karen da Silva Figueiredo,Mulher,WIT
Alexandre L'erario,Homem,Renata Marques Barros,Mulher,WASHES
Alexandre L'erario,Homem,William Simão de Deus,Homem,WASHES
Renata Marques Barros,Mulher,William Simão de Deus,Homem,WASHES
Cícero F. F. C. Filho,Homem,Manoel S. L. Neto,Homem,SEMISH
Cícero F. F. C. Filho,Homem,Marly G. F. Costa,Mulher,SEMISH
Manoel S. L. Neto,Homem,Marly G. F. Costa,Mulher,SEMISH
Cícero Ferreira Fernandes Costa Filho,Homem,Marly Guimarães Fernandes Costa,Mulher,SEMISH
Flávio Coutinho,Homem,Glívia Barbosa,Mulher,WIT
Flávio Coutinho,Homem,Ismael Silva,Homem,WIT
Flávio Coutinho,Homem,Laura Ribeiro,Mulher,WIT
Flávio Coutinho,Homem,Natália Santos,Mulher,WIT
Glívia Barbosa,Mulher,Ismael Silva,Homem,WIT
Glívia Barbosa,Mulher,Laura Ribeiro,Mulher,WIT
Glívia Barbosa,Mulher,Natália Santos,Mulher,WIT
Ismael Silva,Homem,Laura Ribeiro,Mulher,WIT
Ismael Silva,Homem,Natália Santos,Mulher,WIT
Laura Ribeiro,Mulher,Natália Santos,Mulher,WIT
Manuel M. Oliveira Neto,Homem,Marcos H. Backes,Homem,CTD
Augusto Souza,Homem,Islene Garcia,Mulher,WPerformance
Delano Maia,Homem,Emanuel Coutinho,Homem,WASHES
Delano Maia,Homem,Wagner Braga Bezerra,Homem,WASHES
Emanuel Coutinho,Homem,Wagner Braga Bezerra,Homem,WASHES
Alberto Raiol,Homem,Breno Sousa,Homem,WEI
Alberto Raiol,Homem,Fábio Bezerra,Homem,WEI
Alberto Raiol,Homem,Paulo Cerqueira,Homem,WEI
Alberto Raiol,Homem,Rafael Santos,Homem,WEI
Breno Sousa,Homem,Fábio Bezerra,Homem,WEI
Breno Sousa,Homem,Paulo Cerqueira,Homem,WEI
Breno Sousa,Homem,Rafael Santos,Homem,WEI
Fábio Bezerra,Homem,Paulo Cerqueira,Homem,WEI
Fábio Bezerra,Homem,Rafael Santos,Homem,WEI
Paulo Cerqueira,Homem,Rafael Santos,Homem,WEI
Joel J. P. C. Rodrigues,Homem,Samuel B. Mafra,Homem,SBCUP
Joel J. P. C. Rodrigues,Homem,Vitor A.C. Figueiredo,Homem,SBCUP
Samuel B. Mafra,Homem,Vitor A.C. Figueiredo,Homem,SBCUP
Eduardo H. Teixeira,Homem,Joel J. P. C. Rodrigues,Homem,SBCUP
Eduardo H. Teixeira,Homem,Samuel B. Mafra,Homem,SBCUP
Eduardo H. Teixeira,Homem,Werner A. A. N. da Silveira,Homem,SBCUP
Joel J. P. C. Rodrigues,Homem,Samuel B. Mafra,Homem,SBCUP
Joel J. P. C. Rodrigues,Homem,Werner A. A. N. da Silveira,Homem,SBCUP
Samuel B. Mafra,Homem,Werner A. A. N. da Silveira,Homem,SBCUP
Cleidiane Nunes,Mulher,Ivaldir Júnior,Homem,WASHES
Carina Machado de Farias,Mulher,Sarah Barbosa de Deus,Mulher,WIT
Carina Machado de Farias,Mulher,Steffany Caroline Carvalho Freire,Mulher,WIT
Sarah Barbosa de Deus,Mulher,Steffany Caroline Carvalho Freire,Mulher,WIT
Edson Neto,Homem,Julio Furtado,Homem,WASHES
Albert Lopes,Homem,Carlos Portela,Homem,WEI
Albert Lopes,Homem,Sandra Oliveira,Homem,WEI
Carlos Portela,Homem,Sandra Oliveira,Homem,WEI
Francisco Airton Silva,Homem,Laécio Rodrigues,Homem,WPerformance
Francisco Airton Silva,Homem,Lucas Santos,Homem,WPerformance
Francisco Airton Silva,Homem,Matheus Torquato,Homem,WPerformance
Laécio Rodrigues,Homem,Lucas Santos,Homem,WPerformance
Laécio Rodrigues,Homem,Matheus Torquato,Homem,WPerformance
Lucas Santos,Homem,Matheus Torquato,Homem,WPerformance
Ana Inocêncio,Mulher,Caique Souza,Homem,WEI
Ana Inocêncio,Mulher,Esdras Bispo Jr.,Homem,WEI
Ana Inocêncio,Mulher,Lucas Costa,Homem,WEI
Caique Souza,Homem,Esdras Bispo Jr.,Homem,WEI
Caique Souza,Homem,Lucas Costa,Homem,WEI
Esdras Bispo Jr.,Homem,Lucas Costa,Homem,WEI
Alexandre Hild Aono,Homem,Daniela Leal Musa,Mulher,WEI
Alexandre Hild Aono,Homem,Hugo Vianna Silva Rody,Homem,WEI
Alexandre Hild Aono,Homem,Jurandy Almeida,Homem,WEI
Alexandre Hild Aono,Homem,Vanessa Andrade Pereira,Mulher,WEI
Daniela Leal Musa,Mulher,Hugo Vianna Silva Rody,Homem,WEI
Daniela Leal Musa,Mulher,Jurandy Almeida,Homem,WEI
Daniela Leal Musa,Mulher,Vanessa Andrade Pereira,Mulher,WEI
Hugo Vianna Silva Rody,Homem,Jurandy Almeida,Homem,WEI
Hugo Vianna Silva Rody,Homem,Vanessa Andrade Pereira,Mulher,WEI
Jurandy Almeida,Homem,Vanessa Andrade Pereira,Mulher,WEI
Allen Ibiapina,Homem,Ana Silva,Mulher,ETC
Anderson P. N. Silva,Homem,João C. Xavier-Júnior,Homem,SBCUP
Cláudio Fernando Fernando Resin Geyer,Homem,João Luiz Grave Gross,Homem,SBCUP
Elverton Fazzion,Homem,Osvaldo Fonseca ,Homem,CTIC
Elverton Fazzion,Homem,Welton Augusto Rodrigues Santos,Homem,CTIC
Osvaldo Fonseca ,Homem,Welton Augusto Rodrigues Santos,Homem,CTIC
Bruna Souza,Mulher,Emmerson Silva,Homem,ENCompIF
Bruna Souza,Mulher,Miguel Oliveira,Homem,ENCompIF
Bruna Souza,Mulher,Neila Xavier,Mulher,ENCompIF
Emmerson Silva,Homem,Miguel Oliveira,Homem,ENCompIF
Emmerson Silva,Homem,Neila Xavier,Mulher,ENCompIF
Miguel Oliveira,Homem,Neila Xavier,Mulher,ENCompIF
Cristiano Maciel,Homem,Jéssica Azevedo,Mulher,WIT
Cristiano Maciel,Homem,Karen Ribeiro,Mulher,WIT
Cristiano Maciel,Homem,Silvia Bim,Mulher,WIT
Jéssica Azevedo,Mulher,Karen Ribeiro,Mulher,WIT
Jéssica Azevedo,Mulher,Silvia Bim,Mulher,WIT
Karen Ribeiro,Mulher,Silvia Bim,Mulher,WIT
Ianka T. B. Assis,Mulher,Natália C. Louzada,Mulher,WIT
Ianka T. B. Assis,Mulher,Ramayane B. Braga,Mulher,WIT
Ianka T. B. Assis,Mulher,Thalia S. Santana,Mulher,WIT
Natália C. Louzada,Mulher,Ramayane B. Braga,Mulher,WIT
Natália C. Louzada,Mulher,Thalia S. Santana,Mulher,WIT
Ramayane B. Braga,Mulher,Thalia S. Santana,Mulher,WIT
Arianne Sarmento Torcate,Mulher,Cleiton Soares Martins,Homem,WEI
Arianne Sarmento Torcate,Mulher,Marcos Uryel F. de Farias,Homem,WEI
Arianne Sarmento Torcate,Mulher,Sônia Regina Fortes da Silva,Mulher,WEI
Cleiton Soares Martins,Homem,Marcos Uryel F. de Farias,Homem,WEI
Cleiton Soares Martins,Homem,Sônia Regina Fortes da Silva,Mulher,WEI
Marcos Uryel F. de Farias,Homem,Sônia Regina Fortes da Silva,Mulher,WEI
Anna Marques,Mulher,Maria Fiori,Mulher,WIT
Anna Marques,Mulher,Marina Rocha,Mulher,WIT
Maria Fiori,Mulher,Marina Rocha,Mulher,WIT
Alonso Ali,Homem,Orlando Lee,Homem,ETC
Ecivaldo de Souza Matos,Homem,Euma Silva Santos,Mulher,WEI
Ecivaldo de Souza Matos,Homem,William Fabian Machado Vera,Homem,WEI
Euma Silva Santos,Mulher,William Fabian Machado Vera,Homem,WEI
Leonardo Rocha,Homem,Luiz Felipe Chaves,Homem,CTIC
Leonardo Rocha,Homem,Nícollas Silva,Homem,CTIC
Luiz Felipe Chaves,Homem,Nícollas Silva,Homem,CTIC
Caroline Aparecida de Paula Silva,Mulher,Cândida Nunes da Silva,Mulher,CTIC
Caroline Aparecida de Paula Silva,Mulher,Orlando Lee,Homem,CTIC
Cândida Nunes da Silva,Mulher,Orlando Lee,Homem,CTIC
Caroline Silva,Mulher,Cândida Silva,Mulher,ETC
Caroline Silva,Mulher,Orlando Lee,Homem,ETC
Cândida Silva,Mulher,Orlando Lee,Homem,ETC
Carina Oliveira,Mulher,Daniel Saraiva,Homem,WEI
Carina Oliveira,Mulher,Erica Gallindo,Mulher,WEI
Carina Oliveira,Mulher,Reinaldo Braga,Homem,WEI
Carina Oliveira,Mulher,Silas Pereira,Homem,WEI
Daniel Saraiva,Homem,Erica Gallindo,Mulher,WEI
Daniel Saraiva,Homem,Reinaldo Braga,Homem,WEI
Daniel Saraiva,Homem,Silas Pereira,Homem,WEI
Erica Gallindo,Mulher,Reinaldo Braga,Homem,WEI
Erica Gallindo,Mulher,Silas Pereira,Homem,WEI
Reinaldo Braga,Homem,Silas Pereira,Homem,WEI
Diana Sasaki,Mulher,Mauro N. Alves Junior,Homem,ETC
Adriano H. Braga,Homem,Thalia S. Santana,Mulher,WIT
Enio Pimenta,Homem,Leonardo Medeiros,Homem,ENCompIF
Enio Pimenta,Homem,Marcos Costa,Homem,ENCompIF
Enio Pimenta,Homem,Taígo Pedrosa,Homem,ENCompIF
Leonardo Medeiros,Homem,Marcos Costa,Homem,ENCompIF
Leonardo Medeiros,Homem,Taígo Pedrosa,Homem,ENCompIF
Marcos Costa,Homem,Taígo Pedrosa,Homem,ENCompIF
Igor Moraes,Homem,Júlio César Resende,Homem,CTIC
Igor Moraes,Homem,Leonardo Rocha,Homem,CTIC
Júlio César Resende,Homem,Leonardo Rocha,Homem,CTIC
Antônio Raphael Brito Meireles,Homem,Ingrid dos Santos Vilas Verde,Mulher,ENCompIF
Antônio Raphael Brito Meireles,Homem,Maria Teresinha Tamanini Andrade,Mulher,ENCompIF
Ingrid dos Santos Vilas Verde,Mulher,Maria Teresinha Tamanini Andrade,Mulher,ENCompIF
Larissa Sorato Magnus,Mulher,Luhan da Silva Nunes,Homem,ENCompIF
Larissa Sorato Magnus,Mulher,Lívia Silva Marques,Mulher,ENCompIF
Larissa Sorato Magnus,Mulher,Matheus Lorenzato Braga,Homem,ENCompIF
Larissa Sorato Magnus,Mulher,Matheus da Silva Coelho,Homem,ENCompIF
Larissa Sorato Magnus,Mulher,Victor Martins de Sousa,Homem,ENCompIF
Luhan da Silva Nunes,Homem,Lívia Silva Marques,Mulher,ENCompIF
Luhan da Silva Nunes,Homem,Matheus Lorenzato Braga,Homem,ENCompIF
Luhan da Silva Nunes,Homem,Matheus da Silva Coelho,Homem,ENCompIF
Luhan da Silva Nunes,Homem,Victor Martins de Sousa,Homem,ENCompIF
Lívia Silva Marques,Mulher,Matheus Lorenzato Braga,Homem,ENCompIF
Lívia Silva Marques,Mulher,Matheus da Silva Coelho,Homem,ENCompIF
Lívia Silva Marques,Mulher,Victor Martins de Sousa,Homem,ENCompIF
Matheus Lorenzato Braga,Homem,Matheus da Silva Coelho,Homem,ENCompIF
Matheus Lorenzato Braga,Homem,Victor Martins de Sousa,Homem,ENCompIF
Matheus da Silva Coelho,Homem,Victor Martins de Sousa,Homem,ENCompIF
Augusto V. Neto,Homem,Eduardo Grampín,Homem,SBCUP
Augusto V. Neto,Homem,Erika Rosas,Mulher,SBCUP
Augusto V. Neto,Homem,Javier Baliosian,Homem,SBCUP
Augusto V. Neto,Homem,Martín Gutiérrez,Homem,SBCUP
Augusto V. Neto,Homem,Nicolás Hidalgo,Homem,SBCUP
Augusto V. Neto,Homem,Paulo R. Coelho,Homem,SBCUP
Augusto V. Neto,Homem,Rafael Pasquini,Homem,SBCUP
Augusto V. Neto,Homem,Rodrigo S. Miani,Homem,SBCUP
Eduardo Grampín,Homem,Erika Rosas,Mulher,SBCUP
Eduardo Grampín,Homem,Javier Baliosian,Homem,SBCUP
Eduardo Grampín,Homem,Martín Gutiérrez,Homem,SBCUP
Eduardo Grampín,Homem,Nicolás Hidalgo,Homem,SBCUP
Eduardo Grampín,Homem,Paulo R. Coelho,Homem,SBCUP
Eduardo Grampín,Homem,Rafael Pasquini,Homem,SBCUP
Eduardo Grampín,Homem,Rodrigo S. Miani,Homem,SBCUP
Erika Rosas,Mulher,Javier Baliosian,Homem,SBCUP
Erika Rosas,Mulher,Martín Gutiérrez,Homem,SBCUP
Erika Rosas,Mulher,Nicolás Hidalgo,Homem,SBCUP
Erika Rosas,Mulher,Paulo R. Coelho,Homem,SBCUP
Erika Rosas,Mulher,Rafael Pasquini,Homem,SBCUP
Erika Rosas,Mulher,Rodrigo S. Miani,Homem,SBCUP
Javier Baliosian,Homem,Martín Gutiérrez,Homem,SBCUP
Javier Baliosian,Homem,Nicolás Hidalgo,Homem,SBCUP
Javier Baliosian,Homem,Paulo R. Coelho,Homem,SBCUP
Javier Baliosian,Homem,Rafael Pasquini,Homem,SBCUP
Javier Baliosian,Homem,Rodrigo S. Miani,Homem,SBCUP
Martín Gutiérrez,Homem,Nicolás Hidalgo,Homem,SBCUP
Martín Gutiérrez,Homem,Paulo R. Coelho,Homem,SBCUP
Martín Gutiérrez,Homem,Rafael Pasquini,Homem,SBCUP
Martín Gutiérrez,Homem,Rodrigo S. Miani,Homem,SBCUP
Nicolás Hidalgo,Homem,Paulo R. Coelho,Homem,SBCUP
Nicolás Hidalgo,Homem,Rafael Pasquini,Homem,SBCUP
Nicolás Hidalgo,Homem,Rodrigo S. Miani,Homem,SBCUP
Paulo R. Coelho,Homem,Rafael Pasquini,Homem,SBCUP
Paulo R. Coelho,Homem,Rodrigo S. Miani,Homem,SBCUP
Rafael Pasquini,Homem,Rodrigo S. Miani,Homem,SBCUP
Denilson Novais de Almeida,Homem,Felipe Calegario Nascimento,Homem,WEI
Denilson Novais de Almeida,Homem,Ronney Moreira de Castro,Homem,WEI
Denilson Novais de Almeida,Homem,Sean Wolfgand Matsui Siqueira,Homem,WEI
Felipe Calegario Nascimento,Homem,Ronney Moreira de Castro,Homem,WEI
Felipe Calegario Nascimento,Homem,Sean Wolfgand Matsui Siqueira,Homem,WEI
Ronney Moreira de Castro,Homem,Sean Wolfgand Matsui Siqueira,Homem,WEI
Danielo G. Gomes,Homem,Leonardo Moreira,Homem,SBCUP
Danielo G. Gomes,Homem,Michelle Cacais,Mulher,SBCUP
Danielo G. Gomes,Homem,Weslley L. Caldas,Homem,SBCUP
Leonardo Moreira,Homem,Michelle Cacais,Mulher,SBCUP
Leonardo Moreira,Homem,Weslley L. Caldas,Homem,SBCUP
Michelle Cacais,Mulher,Weslley L. Caldas,Homem,SBCUP
Alessandro Copetti,Homem,Danilo Artigas,Homem,SBCUP
Alessandro Copetti,Homem,Eduardo Gomes,Homem,SBCUP
Alessandro Copetti,Homem,Izabela Mocaiber,Mulher,SBCUP
Alessandro Copetti,Homem,Natália Melgaço Pereira Torres,Mulher,SBCUP
Danilo Artigas,Homem,Eduardo Gomes,Homem,SBCUP
Danilo Artigas,Homem,Izabela Mocaiber,Mulher,SBCUP
Danilo Artigas,Homem,Natália Melgaço Pereira Torres,Mulher,SBCUP
Eduardo Gomes,Homem,Izabela Mocaiber,Mulher,SBCUP
Eduardo Gomes,Homem,Natália Melgaço Pereira Torres,Mulher,SBCUP
Izabela Mocaiber,Mulher,Natália Melgaço Pereira Torres,Mulher,SBCUP
Claiton Correa,Homem,Dariane Abich,Mulher,ENCompIF
Claiton Correa,Homem,Moraes Neto,Homem,ENCompIF
Claiton Correa,Homem,Rafael Parizi,Homem,ENCompIF
Dariane Abich,Mulher,Moraes Neto,Homem,ENCompIF
Dariane Abich,Mulher,Rafael Parizi,Homem,ENCompIF
Moraes Neto,Homem,Rafael Parizi,Homem,ENCompIF
Andre L. M. Silva,Homem,Felipe Morine Magami,Homem,SBCUP
Andre L. M. Silva,Homem,Fábio Nakano,Homem,SBCUP
Andre L. M. Silva,Homem,José J. Pérez-Álcazar,Homem,SBCUP
Andre L. M. Silva,Homem,João S. de Oliveira Neto,Homem,SBCUP
Andre L. M. Silva,Homem,Sergio T. Kofuji,Homem,SBCUP
Felipe Morine Magami,Homem,Fábio Nakano,Homem,SBCUP
Felipe Morine Magami,Homem,José J. Pérez-Álcazar,Homem,SBCUP
Felipe Morine Magami,Homem,João S. de Oliveira Neto,Homem,SBCUP
Felipe Morine Magami,Homem,Sergio T. Kofuji,Homem,SBCUP
Fábio Nakano,Homem,José J. Pérez-Álcazar,Homem,SBCUP
Fábio Nakano,Homem,João S. de Oliveira Neto,Homem,SBCUP
Fábio Nakano,Homem,Sergio T. Kofuji,Homem,SBCUP
José J. Pérez-Álcazar,Homem,João S. de Oliveira Neto,Homem,SBCUP
José J. Pérez-Álcazar,Homem,Sergio T. Kofuji,Homem,SBCUP
João S. de Oliveira Neto,Homem,Sergio T. Kofuji,Homem,SBCUP
André Silva,Homem,Eduardo Xavier,Homem,ETC
André Silva,Homem,Flavio Miyazawa,Homem,ETC
André Silva,Homem,Lucas Melo,Homem,ETC
André Silva,Homem,Marcelo Benedito,Homem,ETC
André Silva,Homem,Natanael Ramos,Homem,ETC
André Silva,Homem,Rafael Cano,Homem,ETC
André Silva,Homem,Ulysses Rocha,Homem,ETC
Eduardo Xavier,Homem,Flavio Miyazawa,Homem,ETC
Eduardo Xavier,Homem,Lucas Melo,Homem,ETC
Eduardo Xavier,Homem,Marcelo Benedito,Homem,ETC
Eduardo Xavier,Homem,Natanael Ramos,Homem,ETC
Eduardo Xavier,Homem,Rafael Cano,Homem,ETC
Eduardo Xavier,Homem,Ulysses Rocha,Homem,ETC
Flavio Miyazawa,Homem,Lucas Melo,Homem,ETC
Flavio Miyazawa,Homem,Marcelo Benedito,Homem,ETC
Flavio Miyazawa,Homem,Natanael Ramos,Homem,ETC
Flavio Miyazawa,Homem,Rafael Cano,Homem,ETC
Flavio Miyazawa,Homem,Ulysses Rocha,Homem,ETC
Lucas Melo,Homem,Marcelo Benedito,Homem,ETC
Lucas Melo,Homem,Natanael Ramos,Homem,ETC
Lucas Melo,Homem,Rafael Cano,Homem,ETC
Lucas Melo,Homem,Ulysses Rocha,Homem,ETC
Marcelo Benedito,Homem,Natanael Ramos,Homem,ETC
Marcelo Benedito,Homem,Rafael Cano,Homem,ETC
Marcelo Benedito,Homem,Ulysses Rocha,Homem,ETC
Natanael Ramos,Homem,Rafael Cano,Homem,ETC
Natanael Ramos,Homem,Ulysses Rocha,Homem,ETC
Rafael Cano,Homem,Ulysses Rocha,Homem,ETC
Júllian Luz,Homem,Letycia Duarte,Mulher,WASHES
Júllian Luz,Homem,Simone Los,Mulher,WASHES
Júllian Luz,Homem,Tiago Nogueira,Homem,WASHES
Letycia Duarte,Mulher,Simone Los,Mulher,WASHES
Letycia Duarte,Mulher,Tiago Nogueira,Homem,WASHES
Simone Los,Mulher,Tiago Nogueira,Homem,WASHES
Erick Hostin,Homem,Ivo Riegel,Homem,ENCompIF
Erick Hostin,Homem,Jefferson Chaves,Homem,ENCompIF
Erick Hostin,Homem,Jeliel Braz,Homem,ENCompIF
Erick Hostin,Homem,Marcio Piffer,Homem,ENCompIF
Erick Hostin,Homem,Yuri Salvador,Homem,ENCompIF
Ivo Riegel,Homem,Jefferson Chaves,Homem,ENCompIF
Ivo Riegel,Homem,Jeliel Braz,Homem,ENCompIF
Ivo Riegel,Homem,Marcio Piffer,Homem,ENCompIF
Ivo Riegel,Homem,Yuri Salvador,Homem,ENCompIF
Jefferson Chaves,Homem,Jeliel Braz,Homem,ENCompIF
Jefferson Chaves,Homem,Marcio Piffer,Homem,ENCompIF
Jefferson Chaves,Homem,Yuri Salvador,Homem,ENCompIF
Jeliel Braz,Homem,Marcio Piffer,Homem,ENCompIF
Jeliel Braz,Homem,Yuri Salvador,Homem,ENCompIF
Marcio Piffer,Homem,Yuri Salvador,Homem,ENCompIF
Jenifer Melissa de Paula,Mulher,José Valter Amaral de Freitas,Homem,ENCompIF
Jenifer Melissa de Paula,Mulher,Thatiane de Oliveira Rosa,Mulher,ENCompIF
José Valter Amaral de Freitas,Homem,Thatiane de Oliveira Rosa,Mulher,ENCompIF
Diego F. Aranha,Homem,Eduardo Morais,Homem,ETC
Diego F. Aranha,Homem,Ricardo Dahab,Homem,ETC
Eduardo Morais,Homem,Ricardo Dahab,Homem,ETC
Adriano Braga,Homem,Ianka Assis,Mulher,WIT
Adriano Braga,Homem,Natália C. Louzada,Mulher,WIT
Adriano Braga,Homem,Ramayane Braga,Mulher,WIT
Adriano Braga,Homem,Thalia Santana,Mulher,WIT
Ianka Assis,Mulher,Natália C. Louzada,Mulher,WIT
Ianka Assis,Mulher,Ramayane Braga,Mulher,WIT
Ianka Assis,Mulher,Thalia Santana,Mulher,WIT
Natália C. Louzada,Mulher,Ramayane Braga,Mulher,WIT
Natália C. Louzada,Mulher,Thalia Santana,Mulher,WIT
Ramayane Braga,Mulher,Thalia Santana,Mulher,WIT
Cristiano Maciel,Homem,Fernanda Pires,Mulher,WIT
Cristiano Maciel,Homem,Jean Rangel,Homem,WIT
Cristiano Maciel,Homem,João Bernado,Homem,WIT
Cristiano Maciel,Homem,Karla Pereira,Mulher,WIT
Cristiano Maciel,Homem,Larissa Pessoa,Mulher,WIT
Cristiano Maciel,Homem,Rosiane Freitas,Mulher,WIT
Cristiano Maciel,Homem,Silvia Bim,Mulher,WIT
Fernanda Pires,Mulher,Jean Rangel,Homem,WIT
Fernanda Pires,Mulher,João Bernado,Homem,WIT
Fernanda Pires,Mulher,Karla Pereira,Mulher,WIT
Fernanda Pires,Mulher,Larissa Pessoa,Mulher,WIT
Fernanda Pires,Mulher,Rosiane Freitas,Mulher,WIT
Fernanda Pires,Mulher,Silvia Bim,Mulher,WIT
Jean Rangel,Homem,João Bernado,Homem,WIT
Jean Rangel,Homem,Karla Pereira,Mulher,WIT
Jean Rangel,Homem,Larissa Pessoa,Mulher,WIT
Jean Rangel,Homem,Rosiane Freitas,Mulher,WIT
Jean Rangel,Homem,Silvia Bim,Mulher,WIT
João Bernado,Homem,Karla Pereira,Mulher,WIT
João Bernado,Homem,Larissa Pessoa,Mulher,WIT
João Bernado,Homem,Rosiane Freitas,Mulher,WIT
João Bernado,Homem,Silvia Bim,Mulher,WIT
Karla Pereira,Mulher,Larissa Pessoa,Mulher,WIT
Karla Pereira,Mulher,Rosiane Freitas,Mulher,WIT
Karla Pereira,Mulher,Silvia Bim,Mulher,WIT
Larissa Pessoa,Mulher,Rosiane Freitas,Mulher,WIT
Larissa Pessoa,Mulher,Silvia Bim,Mulher,WIT
Rosiane Freitas,Mulher,Silvia Bim,Mulher,WIT
Davi Viana,Homem,Flávia Carvalho,Mulher,WEI
Davi Viana,Homem,Luis Rivero,Homem,WEI
Davi Viana,Homem,Sebastião Santos,Homem,WEI
Flávia Carvalho,Mulher,Luis Rivero,Homem,WEI
Flávia Carvalho,Mulher,Sebastião Santos,Homem,WEI
Luis Rivero,Homem,Sebastião Santos,Homem,WEI
André Riker,Homem,Denis Rosário,Homem,SBCUP
André Riker,Homem,Renato Mota,Homem,SBCUP
Denis Rosário,Homem,Renato Mota,Homem,SBCUP
Joilson Oliveira Telles,Homem,Lara Mello do Nascimento,Mulher,ENCompIF
Joilson Oliveira Telles,Homem,Leonardo Renner Koppe,Homem,ENCompIF
Joilson Oliveira Telles,Homem,Naira Kaieski,Mulher,ENCompIF
Joilson Oliveira Telles,Homem,William Augusto Pez,Homem,ENCompIF
Lara Mello do Nascimento,Mulher,Leonardo Renner Koppe,Homem,ENCompIF
Lara Mello do Nascimento,Mulher,Naira Kaieski,Mulher,ENCompIF
Lara Mello do Nascimento,Mulher,William Augusto Pez,Homem,ENCompIF
Leonardo Renner Koppe,Homem,Naira Kaieski,Mulher,ENCompIF
Leonardo Renner Koppe,Homem,William Augusto Pez,Homem,ENCompIF
Naira Kaieski,Mulher,William Augusto Pez,Homem,ENCompIF
Andre Aquino,Homem,Cristopher Freitas,Homem,SBCUP
Andre Aquino,Homem,Givanildo Júnior,Homem,SBCUP
Andre Aquino,Homem,Osvaldo Rosso,Homem,SBCUP
Cristopher Freitas,Homem,Givanildo Júnior,Homem,SBCUP
Cristopher Freitas,Homem,Osvaldo Rosso,Homem,SBCUP
Givanildo Júnior,Homem,Osvaldo Rosso,Homem,SBCUP
Gustavo Rodrigues Galvão,Homem,Zanoni Dias,Homem,CTD
Daniel Ratton Figueiredo,Homem,Pamela Tabak,Mulher,ETC
Daniel Diniz,Homem,Otho da Silva Neto,Homem,ENCompIF
Daniel Diniz,Homem,Tarcísio Marques,Homem,ENCompIF
Otho da Silva Neto,Homem,Tarcísio Marques,Homem,ENCompIF
Ismael Seidel,Homem,José Luís A. Güntzel,Homem,CTIC
Ismael Seidel,Homem,Luiz Cancellier,Homem,CTIC
José Luís A. Güntzel,Homem,Luiz Cancellier,Homem,CTIC
Alex Vidigal Bastos,Homem,Cristiano M. Silva,Homem,SBCUP
Alex Vidigal Bastos,Homem,Diógenes Cecílio da Silva Júnior,Homem,SBCUP
Cristiano M. Silva,Homem,Diógenes Cecílio da Silva Júnior,Homem,SBCUP
Eduardo C. Xavier,Homem,Flávio K. Miyazawa,Homem,ETC
Eduardo C. Xavier,Homem,Rafael C. S. Schoeury,Homem,ETC
Eduardo C. Xavier,Homem,Yulle Glebbyo,Mulher,ETC
Flávio K. Miyazawa,Homem,Rafael C. S. Schoeury,Homem,ETC
Flávio K. Miyazawa,Homem,Yulle Glebbyo,Mulher,ETC
Rafael C. S. Schoeury,Homem,Yulle Glebbyo,Mulher,ETC
Rafael T. Araújo,Homem,Sulamita Klein,Mulher,ETC
Murilo V. G. da Silva,Homem,Nicollas M. Sdroievski,Homem,ETC
Diego F. Aranha,Homem,Jheyne N. Ortiz,Mulher,ETC
Diego F. Aranha,Homem,Ricardo Dahab,Homem,ETC
Jheyne N. Ortiz,Mulher,Ricardo Dahab,Homem,ETC
Cinthya Cavalcanti,Mulher,José Junior,Homem,WASHES
Cinthya Cavalcanti,Mulher,João Pimentel,Homem,WASHES
Cinthya Cavalcanti,Mulher,Maria Lencastre,Mulher,WASHES
Cinthya Cavalcanti,Mulher,Tainã Santos,Mulher,WASHES
Cinthya Cavalcanti,Mulher,Timóteo Silva,Homem,WASHES
José Junior,Homem,João Pimentel,Homem,WASHES
José Junior,Homem,Maria Lencastre,Mulher,WASHES
José Junior,Homem,Tainã Santos,Mulher,WASHES
José Junior,Homem,Timóteo Silva,Homem,WASHES
João Pimentel,Homem,Maria Lencastre,Mulher,WASHES
João Pimentel,Homem,Tainã Santos,Mulher,WASHES
João Pimentel,Homem,Timóteo Silva,Homem,WASHES
Maria Lencastre,Mulher,Tainã Santos,Mulher,WASHES
Maria Lencastre,Mulher,Timóteo Silva,Homem,WASHES
Tainã Santos,Mulher,Timóteo Silva,Homem,WASHES
Eduardo Cambruzzi,Homem,Jessica de S. Santana,Mulher,WEI
Alessandra Martins Coelho,Mulher,Gabriela Cardoso Montes,Mulher,WIT
Alessandra Martins Coelho,Mulher,Ivy Oliveira Magesti,Mulher,WIT
Alessandra Martins Coelho,Mulher,Julie Silva Pereira,Mulher,WIT
Alessandra Martins Coelho,Mulher,Luiza Rosa de Moura,Mulher,WIT
Alessandra Martins Coelho,Mulher,Nurian Maria Amâncio Coelho,Mulher,WIT
Gabriela Cardoso Montes,Mulher,Ivy Oliveira Magesti,Mulher,WIT
Gabriela Cardoso Montes,Mulher,Julie Silva Pereira,Mulher,WIT
Gabriela Cardoso Montes,Mulher,Luiza Rosa de Moura,Mulher,WIT
Gabriela Cardoso Montes,Mulher,Nurian Maria Amâncio Coelho,Mulher,WIT
Ivy Oliveira Magesti,Mulher,Julie Silva Pereira,Mulher,WIT
Ivy Oliveira Magesti,Mulher,Luiza Rosa de Moura,Mulher,WIT
Ivy Oliveira Magesti,Mulher,Nurian Maria Amâncio Coelho,Mulher,WIT
Julie Silva Pereira,Mulher,Luiza Rosa de Moura,Mulher,WIT
Julie Silva Pereira,Mulher,Nurian Maria Amâncio Coelho,Mulher,WIT
Luiza Rosa de Moura,Mulher,Nurian Maria Amâncio Coelho,Mulher,WIT
Alexandre Marcos Lins de Vasconcelos,Homem,Elisiane Monteiro Soares,Mulher,WASHES
Alexandre Marcos Lins de Vasconcelos,Homem,Melquizedeque Cabral dos Santos,Homem,WASHES
Alexandre Marcos Lins de Vasconcelos,Homem,Sandro Ronaldo Bezerra Oliveira,Homem,WASHES
Elisiane Monteiro Soares,Mulher,Melquizedeque Cabral dos Santos,Homem,WASHES
Elisiane Monteiro Soares,Mulher,Sandro Ronaldo Bezerra Oliveira,Homem,WASHES
Melquizedeque Cabral dos Santos,Homem,Sandro Ronaldo Bezerra Oliveira,Homem,WASHES
Gilberto Müller,Homem,Michelle Martins,Mulher,WEI
Cristiano Maciel,Homem,Sabrina B. Sassi,Mulher,WEI
Cristiano Maciel,Homem,Vinícius Carvalho Pereira,Homem,WEI
Sabrina B. Sassi,Mulher,Vinícius Carvalho Pereira,Homem,WEI
José Quaresma,Homem,Marianne Eliasquevici,Mulher,WEI
José Quaresma,Homem,Sandra Oliveira,Homem,WEI
Marianne Eliasquevici,Mulher,Sandra Oliveira,Homem,WEI
Antonio Brasil,Homem,Jefferson Andrade,Homem,SEMISH
Antonio Brasil,Homem,Karin Komati,Mulher,SEMISH
Antonio Brasil,Homem,Luiz Pinto,Homem,SEMISH
Jefferson Andrade,Homem,Karin Komati,Mulher,SEMISH
Jefferson Andrade,Homem,Luiz Pinto,Homem,SEMISH
Karin Komati,Mulher,Luiz Pinto,Homem,SEMISH
Antonilson Alcantara,Homem,Cleidson Souza,Homem,SEMISH
Antonilson Alcantara,Homem,Emanuel Rodrigues,Homem,SEMISH
Antonilson Alcantara,Homem,Filipe Coelho,Homem,SEMISH
Cleidson Souza,Homem,Emanuel Rodrigues,Homem,SEMISH
Cleidson Souza,Homem,Filipe Coelho,Homem,SEMISH
Emanuel Rodrigues,Homem,Filipe Coelho,Homem,SEMISH
Anderson Afonso,Homem,Luciana Chueri,Mulher,WASHES
Anderson Afonso,Homem,Mariana Pinheiro,Mulher,WASHES
Anderson Afonso,Homem,Mateus Lambranho Ramos,Homem,WASHES
Anderson Afonso,Homem,Rodrigo Pereira dos Santos,Homem,WASHES
Luciana Chueri,Mulher,Mariana Pinheiro,Mulher,WASHES
Luciana Chueri,Mulher,Mateus Lambranho Ramos,Homem,WASHES
Luciana Chueri,Mulher,Rodrigo Pereira dos Santos,Homem,WASHES
Mariana Pinheiro,Mulher,Mateus Lambranho Ramos,Homem,WASHES
Mariana Pinheiro,Mulher,Rodrigo Pereira dos Santos,Homem,WASHES
Mateus Lambranho Ramos,Homem,Rodrigo Pereira dos Santos,Homem,WASHES
Albert Lopes,Homem,Carlos Portela,Homem,WEI
Albert Lopes,Homem,Raaby Miranda,Mulher,WEI
Carlos Portela,Homem,Raaby Miranda,Mulher,WEI
Glívia Barbosa,Mulher,Kecia Ferreira,Mulher,WIT
Glívia Barbosa,Mulher,Silvia Albuquerque,Mulher,WIT
Kecia Ferreira,Mulher,Silvia Albuquerque,Mulher,WIT
Daniel Mendes Barbosa,Homem,Fabrício A. Silva,Homem,WEI
Daniel Mendes Barbosa,Homem,Gláucia Braga e Silva,Mulher,WEI
Fabrício A. Silva,Homem,Gláucia Braga e Silva,Mulher,WEI
Geovane F. Piccinin,Homem,Mirella M. Moro,Mulher,WEI
Fernando Oliveira,Homem,Heberth Reinstein,Homem,SBCUP
Fernando Oliveira,Homem,Mateus Delatorre,Homem,SBCUP
Heberth Reinstein,Homem,Mateus Delatorre,Homem,SBCUP
Emanuel Coutinho,Homem,Leonardo Moreira,Homem,WASHES
Emanuel Coutinho,Homem,Maurício Neto,Homem,WASHES
Leonardo Moreira,Homem,Maurício Neto,Homem,WASHES
Filipe C. Fernandes,Homem,Loham da Silva,Homem,ENCompIF
Filipe C. Fernandes,Homem,Otacílio Pereira,Homem,ENCompIF
Loham da Silva,Homem,Otacílio Pereira,Homem,ENCompIF
João V. S. Leite,Homem,Marcos Bedo,Homem,ETC
João V. S. Leite,Homem,Rodolfo A. de Oliveira,Homem,ETC
Marcos Bedo,Homem,Rodolfo A. de Oliveira,Homem,ETC
Adriano Braga,Homem,Alexandre F. Lopes,Homem,WEI
Adriano Braga,Homem,Thalia Santana,Mulher,WEI
Alexandre F. Lopes,Homem,Thalia Santana,Mulher,WEI
Aline Mello,Mulher,Amanda Melo,Mulher,WIT
Aline Mello,Mulher,Isadora Ferrão,Mulher,WIT
Amanda Melo,Mulher,Isadora Ferrão,Mulher,WIT
Cristiano R. Cervi,Homem,Daniel M. Kuhn,Homem,SEMISH
Cristiano R. Cervi,Homem,Edimar Mânica,Homem,SEMISH
Daniel M. Kuhn,Homem,Edimar Mânica,Homem,SEMISH
Braulio Adriano de Mello,Homem,Ricardo Parizotto,Homem,SEMISH
Flavio Miyazawa,Homem,Thiago de Queiroz,Homem,ETC
Flavio Miyazawa,Homem,Vinícius Lima,Homem,ETC
Flavio Miyazawa,Homem,Yulle Borges,Mulher,ETC
Thiago de Queiroz,Homem,Vinícius Lima,Homem,ETC
Thiago de Queiroz,Homem,Yulle Borges,Mulher,ETC
Vinícius Lima,Homem,Yulle Borges,Mulher,ETC
Omar Vilca,Homem,Rosiane Freitas,Mulher,ETC
Elisa Huzita,Mulher,Giuseppe Portolese,Homem,WASHES
Elisa Huzita,Mulher,Guilherme da Cruz,Homem,WASHES
Elisa Huzita,Mulher,Valéria D. Feltrim,Mulher,WASHES
Giuseppe Portolese,Homem,Guilherme da Cruz,Homem,WASHES
Giuseppe Portolese,Homem,Valéria D. Feltrim,Mulher,WASHES
Guilherme da Cruz,Homem,Valéria D. Feltrim,Mulher,WASHES
Ana Paula Cavadas Rodrigues,Mulher,Carla Verônica Machado Marques,Mulher,WIT
Ana Paula Cavadas Rodrigues,Mulher,Carlo Emmanoel Tolla de Oliveira,Homem,WIT
Ana Paula Cavadas Rodrigues,Mulher,Claudia Lage Rebello da Motta,Mulher,WIT
Ana Paula Cavadas Rodrigues,Mulher,Raquel Moreira Machado Fernandes,Mulher,WIT
Carla Verônica Machado Marques,Mulher,Carlo Emmanoel Tolla de Oliveira,Homem,WIT
Carla Verônica Machado Marques,Mulher,Claudia Lage Rebello da Motta,Mulher,WIT
Carla Verônica Machado Marques,Mulher,Raquel Moreira Machado Fernandes,Mulher,WIT
Carlo Emmanoel Tolla de Oliveira,Homem,Claudia Lage Rebello da Motta,Mulher,WIT
Carlo Emmanoel Tolla de Oliveira,Homem,Raquel Moreira Machado Fernandes,Mulher,WIT
Claudia Lage Rebello da Motta,Mulher,Raquel Moreira Machado Fernandes,Mulher,WIT
Libério Silva,Homem,Sanderson Gonzaga de Oliveira,Homem,SEMISH
Caio Flexa,Homem,Sergio Viademonte,Homem,WPerformance
Caio Flexa,Homem,Walisson Gomes,Homem,WPerformance
Sergio Viademonte,Homem,Walisson Gomes,Homem,WPerformance
Cecília Lescano Osório,Mulher,Edna Ayako Hoshino,Mulher,ETC
Bruno César Vani,Homem,César Silva,Homem,ENCompIF
Bruno César Vani,Homem,Jessica Viana,Mulher,ENCompIF
Bruno César Vani,Homem,Melissa Zanatta,Mulher,ENCompIF
César Silva,Homem,Jessica Viana,Mulher,ENCompIF
César Silva,Homem,Melissa Zanatta,Mulher,ENCompIF
Jessica Viana,Mulher,Melissa Zanatta,Mulher,ENCompIF
André Oliveira,Homem,Fernanda Campos,Mulher,SEMISH
André Oliveira,Homem,Lucas Bressan,Homem,SEMISH
André Oliveira,Homem,Regina Braga,Mulher,SEMISH
Fernanda Campos,Mulher,Lucas Bressan,Homem,SEMISH
Fernanda Campos,Mulher,Regina Braga,Mulher,SEMISH
Lucas Bressan,Homem,Regina Braga,Mulher,SEMISH
Jorge Barbosa,Homem,Rodrigo Bavaresco,Homem,SBCUP
Fabíola Pantoja O. Araújo,Mulher,Rebeca Hilda Furtado Costa,Mulher,WIT
Fabíola Pantoja O. Araújo,Mulher,Sara das Mercês Silva,Mulher,WIT
Rebeca Hilda Furtado Costa,Mulher,Sara das Mercês Silva,Mulher,WIT
Andre Bulcão,Homem,André Yokoyama,Homem,WPerformance
Andre Bulcão,Homem,Bruno Schulze,Homem,WPerformance
Andre Bulcão,Homem,Gabrieli Silva,Mulher,WPerformance
Andre Bulcão,Homem,Mariza Ferro,Mulher,WPerformance
Andre Bulcão,Homem,Ricardo Bragança,Homem,WPerformance
Andre Bulcão,Homem,Rodrigo Gandra,Homem,WPerformance
Andre Bulcão,Homem,Vinicius Klõh,Homem,WPerformance
André Yokoyama,Homem,Bruno Schulze,Homem,WPerformance
André Yokoyama,Homem,Gabrieli Silva,Mulher,WPerformance
André Yokoyama,Homem,Mariza Ferro,Mulher,WPerformance
André Yokoyama,Homem,Ricardo Bragança,Homem,WPerformance
André Yokoyama,Homem,Rodrigo Gandra,Homem,WPerformance
André Yokoyama,Homem,Vinicius Klõh,Homem,WPerformance
Bruno Schulze,Homem,Gabrieli Silva,Mulher,WPerformance
Bruno Schulze,Homem,Mariza Ferro,Mulher,WPerformance
Bruno Schulze,Homem,Ricardo Bragança,Homem,WPerformance
Bruno Schulze,Homem,Rodrigo Gandra,Homem,WPerformance
Bruno Schulze,Homem,Vinicius Klõh,Homem,WPerformance
Gabrieli Silva,Mulher,Mariza Ferro,Mulher,WPerformance
Gabrieli Silva,Mulher,Ricardo Bragança,Homem,WPerformance
Gabrieli Silva,Mulher,Rodrigo Gandra,Homem,WPerformance
Gabrieli Silva,Mulher,Vinicius Klõh,Homem,WPerformance
Mariza Ferro,Mulher,Ricardo Bragança,Homem,WPerformance
Mariza Ferro,Mulher,Rodrigo Gandra,Homem,WPerformance
Mariza Ferro,Mulher,Vinicius Klõh,Homem,WPerformance
Ricardo Bragança,Homem,Rodrigo Gandra,Homem,WPerformance
Ricardo Bragança,Homem,Vinicius Klõh,Homem,WPerformance
Rodrigo Gandra,Homem,Vinicius Klõh,Homem,WPerformance
Heitor Costa,Homem,Paulo Afonso Pereira Junior,Homem,WASHES
Alex Vieira,Homem,Francisco Airton Silva,Homem,WPerformance
Alex Vieira,Homem,Glauber Dias Gonçalves,Homem,WPerformance
Alex Vieira,Homem,Jussara Almeida,Mulher,WPerformance
Alex Vieira,Homem,Samuel de Oliveira Ribeiro,Homem,WPerformance
Francisco Airton Silva,Homem,Glauber Dias Gonçalves,Homem,WPerformance
Francisco Airton Silva,Homem,Jussara Almeida,Mulher,WPerformance
Francisco Airton Silva,Homem,Samuel de Oliveira Ribeiro,Homem,WPerformance
Glauber Dias Gonçalves,Homem,Jussara Almeida,Mulher,WPerformance
Glauber Dias Gonçalves,Homem,Samuel de Oliveira Ribeiro,Homem,WPerformance
Jussara Almeida,Mulher,Samuel de Oliveira Ribeiro,Homem,WPerformance
Carolina Aguilar,Mulher,Gisele Marinho,Mulher,WIT
Carolina Aguilar,Mulher,Simone Fagundes,Mulher,WIT
Gisele Marinho,Mulher,Simone Fagundes,Mulher,WIT
Cristina K. Dominicini,Mulher,Magnos Martinello,Homem,WPerformance
Cristina K. Dominicini,Mulher,Moisés R. N. Ribeiro,Homem,WPerformance
Cristina K. Dominicini,Mulher,Rodolfo R. Gomes,Homem,WPerformance
Magnos Martinello,Homem,Moisés R. N. Ribeiro,Homem,WPerformance
Magnos Martinello,Homem,Rodolfo R. Gomes,Homem,WPerformance
Moisés R. N. Ribeiro,Homem,Rodolfo R. Gomes,Homem,WPerformance
Anelise Lemke Kologeski,Mulher,Natália Bernardo Nunes,Mulher,ENCompIF
André Pereira,Mulher,Eduardo Souto,Homem,WEI
André Pereira,Mulher,Leandro Carvalho,Homem,WEI
Eduardo Souto,Homem,Leandro Carvalho,Homem,WEI
Fabiano de S. Oliveira,Homem,Paulo Eustáquio D. Pinto,Homem,ETC
Fabiano de S. Oliveira,Homem,Raquel M. Souza,Mulher,ETC
Paulo Eustáquio D. Pinto,Homem,Raquel M. Souza,Mulher,ETC
Aleteia Patrícia F. de Araújo,Mulher,Lucas M. Chagas,Homem,WIT
Aleteia Patrícia F. de Araújo,Mulher,Luiza A. Hansen,Mulher,WIT
Aleteia Patrícia F. de Araújo,Mulher,Maristela Holanda,Mulher,WIT
Aleteia Patrícia F. de Araújo,Mulher,Vinicius R. P. Borges,Homem,WIT
Lucas M. Chagas,Homem,Luiza A. Hansen,Mulher,WIT
Lucas M. Chagas,Homem,Maristela Holanda,Mulher,WIT
Lucas M. Chagas,Homem,Vinicius R. P. Borges,Homem,WIT
Luiza A. Hansen,Mulher,Maristela Holanda,Mulher,WIT
Luiza A. Hansen,Mulher,Vinicius R. P. Borges,Homem,WIT
Maristela Holanda,Mulher,Vinicius R. P. Borges,Homem,WIT
Elma Rocha,Mulher,Isabel Dillmann Nunes,Mulher,WIT
Elma Rocha,Mulher,Joicy Daliane Oliveira,Mulher,WIT
Elma Rocha,Mulher,Soraya Medeiros,Mulher,WIT
Elma Rocha,Mulher,Thayrone Santos,Homem,WIT
Isabel Dillmann Nunes,Mulher,Joicy Daliane Oliveira,Mulher,WIT
Isabel Dillmann Nunes,Mulher,Soraya Medeiros,Mulher,WIT
Isabel Dillmann Nunes,Mulher,Thayrone Santos,Homem,WIT
Joicy Daliane Oliveira,Mulher,Soraya Medeiros,Mulher,WIT
Joicy Daliane Oliveira,Mulher,Thayrone Santos,Homem,WIT
Soraya Medeiros,Mulher,Thayrone Santos,Homem,WIT
Ermeson Andrade,Homem,Viviane Vasconcelos,Mulher,WEI
Ana Paula Chaves,Mulher,Mariana Prudêncio,Mulher,WIT
Ayala L. Ribeiro,Mulher,Bianca L. Santana,Mulher,WEI
Ayala L. Ribeiro,Mulher,Roberto A. Bittencourt,Homem,WEI
Bianca L. Santana,Mulher,Roberto A. Bittencourt,Homem,WEI
Críssia Marcelino,Mulher,Francisco Nascimento,Homem,WASHES
Cláudia Caroline L. de Oliveira,Mulher,Marcos César da Rocha Seruffo,Homem,SEMISH
Cláudia Caroline L. de Oliveira,Mulher,Renan Patrick de C. Marçal,Homem,SEMISH
Marcos César da Rocha Seruffo,Homem,Renan Patrick de C. Marçal,Homem,SEMISH
Ana Paula Couto da Silva,Mulher,Bruno Demattos Nogueira,Homem,WPerformance
Ana Paula Couto da Silva,Mulher,Fabricio Murai,Homem,WPerformance
Ana Paula Couto da Silva,Mulher,Francisco Galuppo Azevedo,Homem,WPerformance
Bruno Demattos Nogueira,Homem,Fabricio Murai,Homem,WPerformance
Bruno Demattos Nogueira,Homem,Francisco Galuppo Azevedo,Homem,WPerformance
Fabricio Murai,Homem,Francisco Galuppo Azevedo,Homem,WPerformance
Gabriel B. Moro,Homem,Lucas Mello Schnorr,Homem,WPerformance
Hugo Kuribayashi,Homem,Isaac Barros,Homem,WPerformance
Hugo Kuribayashi,Homem,João Barbosa,Homem,WPerformance
Hugo Kuribayashi,Homem,João Carmona,Homem,WPerformance
Hugo Kuribayashi,Homem,Warley Junior,Homem,WPerformance
Hugo Kuribayashi,Homem,Wendel Serra,Homem,WPerformance
Isaac Barros,Homem,João Barbosa,Homem,WPerformance
Isaac Barros,Homem,João Carmona,Homem,WPerformance
Isaac Barros,Homem,Warley Junior,Homem,WPerformance
Isaac Barros,Homem,Wendel Serra,Homem,WPerformance
João Barbosa,Homem,João Carmona,Homem,WPerformance
João Barbosa,Homem,Warley Junior,Homem,WPerformance
João Barbosa,Homem,Wendel Serra,Homem,WPerformance
João Carmona,Homem,Warley Junior,Homem,WPerformance
João Carmona,Homem,Wendel Serra,Homem,WPerformance
Warley Junior,Homem,Wendel Serra,Homem,WPerformance
Arthur de C. Callado,Homem,Michel S. Bonfim,Homem,WPerformance
Arthur de C. Callado,Homem,Paulo A. L. Rego,Homem,WPerformance
Arthur de C. Callado,Homem,Roseli da R. Barbosa,Mulher,WPerformance
Michel S. Bonfim,Homem,Paulo A. L. Rego,Homem,WPerformance
Michel S. Bonfim,Homem,Roseli da R. Barbosa,Mulher,WPerformance
Paulo A. L. Rego,Homem,Roseli da R. Barbosa,Mulher,WPerformance
Andrei B. B. Torres,Homem,José Neuman de Souza,Homem,WPerformance
Cristiano Martins Monteiro,Homem,Cristina Duarte Murta,Mulher,SEMISH
Cristiano Martins Monteiro,Homem,Fábio Rocha da Silva,Homem,SEMISH
Cristina Duarte Murta,Mulher,Fábio Rocha da Silva,Homem,SEMISH
Edson Midorikawa,Homem,Felipe V. de Almeida,Homem,WPerformance
Edson Midorikawa,Homem,Liria M. Sato,Mulher,WPerformance
Edson Midorikawa,Homem,Tatiana T. Torres,Mulher,WPerformance
Felipe V. de Almeida,Homem,Liria M. Sato,Mulher,WPerformance
Felipe V. de Almeida,Homem,Tatiana T. Torres,Mulher,WPerformance
Liria M. Sato,Mulher,Tatiana T. Torres,Mulher,WPerformance
Alexandre Veloso de Matos,Homem,Marco Antônio Simões Teixeira,Homem,WPerformance
Alexandre Veloso de Matos,Homem,Mário Ezequiel Augusto,Homem,WPerformance
Marco Antônio Simões Teixeira,Homem,Mário Ezequiel Augusto,Homem,WPerformance
Elton Lever,Homem,Omar Vilca,Homem,ETC
Elton Lever,Homem,Rosiane Freitas,Mulher,ETC
Omar Vilca,Homem,Rosiane Freitas,Mulher,ETC
Danielo G. Gomes,Homem,Emanuel Coutinho,Homem,WPerformance
Danielo G. Gomes,Homem,José Neuman de Souza,Homem,WPerformance
Danielo G. Gomes,Homem,Leonardo Moreira,Homem,WPerformance
Danielo G. Gomes,Homem,Mauricio M. Neto,Homem,WPerformance
Emanuel Coutinho,Homem,José Neuman de Souza,Homem,WPerformance
Emanuel Coutinho,Homem,Leonardo Moreira,Homem,WPerformance
Emanuel Coutinho,Homem,Mauricio M. Neto,Homem,WPerformance
José Neuman de Souza,Homem,Leonardo Moreira,Homem,WPerformance
José Neuman de Souza,Homem,Mauricio M. Neto,Homem,WPerformance
Leonardo Moreira,Homem,Mauricio M. Neto,Homem,WPerformance
Luiz Eduardo Fernandes Bentes,Homem,Renata da Encarnação Onety,Mulher,ETC
Luiz Eduardo Fernandes Bentes,Homem,Wesley da Silva Rocha,Homem,ETC
Renata da Encarnação Onety,Mulher,Wesley da Silva Rocha,Homem,ETC
Francisco S. S. Neto,Homem,José F. Magalhães Netto,Homem,ETC
Francisco S. S. Neto,Homem,Marcel L. Rios,Homem,ETC
José F. Magalhães Netto,Homem,Marcel L. Rios,Homem,ETC
Carlos A. T. Aguni,Homem,Daniel Cordeiro,Homem,WPerformance
Daniel Menasch,Homem,Leandro P. de Aguiar,Homem,WPerformance
Daniel Menasch,Homem,Matheus Martins,Homem,WPerformance
Daniel Menasch,Homem,Miguel A. Bicudo,Homem,WPerformance
Leandro P. de Aguiar,Homem,Matheus Martins,Homem,WPerformance
Leandro P. de Aguiar,Homem,Miguel A. Bicudo,Homem,WPerformance
Matheus Martins,Homem,Miguel A. Bicudo,Homem,WPerformance
Diego Carvalho,Homem,Leonardo Rocha,Homem,CTIC
Diego Carvalho,Homem,Nícollas Silva,Homem,CTIC
Diego Carvalho,Homem,Tiago Trotta,Homem,CTIC
Leonardo Rocha,Homem,Nícollas Silva,Homem,CTIC
Leonardo Rocha,Homem,Tiago Trotta,Homem,CTIC
Nícollas Silva,Homem,Tiago Trotta,Homem,CTIC
Alan Xavier,Homem,Denis Carvalho,Homem,ENCompIF
Alan Xavier,Homem,Fábio Martins,Homem,ENCompIF
Alan Xavier,Homem,Ricardo Pimentel,Homem,ENCompIF
Denis Carvalho,Homem,Fábio Martins,Homem,ENCompIF
Denis Carvalho,Homem,Ricardo Pimentel,Homem,ENCompIF
Fábio Martins,Homem,Ricardo Pimentel,Homem,ENCompIF
André Yoshiaki Kashiwabara,Homem,Elenir Lila Leobet de Lima,Mulher,SEMISH
André Yoshiaki Kashiwabara,Homem,Everton da Silva,Homem,SEMISH
André Yoshiaki Kashiwabara,Homem,Fabrício Martins Lopes,Homem,SEMISH
Elenir Lila Leobet de Lima,Mulher,Everton da Silva,Homem,SEMISH
Elenir Lila Leobet de Lima,Mulher,Fabrício Martins Lopes,Homem,SEMISH
Everton da Silva,Homem,Fabrício Martins Lopes,Homem,SEMISH
Igor Steinmacher,Homem,Tayana Conte,Mulher,WEI
Andre R. Ortoncelli,Homem,Andre T. Endo,Homem,WEI
Andre R. Ortoncelli,Homem,Bruno Lima,Homem,WEI
Andre R. Ortoncelli,Homem,Guilherme Mattiello,Homem,WEI
Andre R. Ortoncelli,Homem,Luis Galonetti,Homem,WEI
Andre R. Ortoncelli,Homem,Murylo Lopes,Homem,WEI
Andre R. Ortoncelli,Homem,Paulo Nardi,Homem,WEI
Andre R. Ortoncelli,Homem,Rhuan Costa,Homem,WEI
Andre T. Endo,Homem,Bruno Lima,Homem,WEI
Andre T. Endo,Homem,Guilherme Mattiello,Homem,WEI
Andre T. Endo,Homem,Luis Galonetti,Homem,WEI
Andre T. Endo,Homem,Murylo Lopes,Homem,WEI
Andre T. Endo,Homem,Paulo Nardi,Homem,WEI
Andre T. Endo,Homem,Rhuan Costa,Homem,WEI
Bruno Lima,Homem,Guilherme Mattiello,Homem,WEI
Bruno Lima,Homem,Luis Galonetti,Homem,WEI
Bruno Lima,Homem,Murylo Lopes,Homem,WEI
Bruno Lima,Homem,Paulo Nardi,Homem,WEI
Bruno Lima,Homem,Rhuan Costa,Homem,WEI
Guilherme Mattiello,Homem,Luis Galonetti,Homem,WEI
Guilherme Mattiello,Homem,Murylo Lopes,Homem,WEI
Guilherme Mattiello,Homem,Paulo Nardi,Homem,WEI
Guilherme Mattiello,Homem,Rhuan Costa,Homem,WEI
Luis Galonetti,Homem,Murylo Lopes,Homem,WEI
Luis Galonetti,Homem,Paulo Nardi,Homem,WEI
Luis Galonetti,Homem,Rhuan Costa,Homem,WEI
Murylo Lopes,Homem,Paulo Nardi,Homem,WEI
Murylo Lopes,Homem,Rhuan Costa,Homem,WEI
Paulo Nardi,Homem,Rhuan Costa,Homem,WEI
Adenauer Yamin,Homem,Bruno Mota,Homem,SBCUP
Adenauer Yamin,Homem,Jorge Barbosa,Homem,SBCUP
Adenauer Yamin,Homem,João Tavares,Homem,SBCUP
Adenauer Yamin,Homem,Rodrigo Real,Homem,SBCUP
Bruno Mota,Homem,Jorge Barbosa,Homem,SBCUP
Bruno Mota,Homem,João Tavares,Homem,SBCUP
Bruno Mota,Homem,Rodrigo Real,Homem,SBCUP
Jorge Barbosa,Homem,João Tavares,Homem,SBCUP
Jorge Barbosa,Homem,Rodrigo Real,Homem,SBCUP
João Tavares,Homem,Rodrigo Real,Homem,SBCUP
Glácio S. Araújo,Homem,Joel J. P. C. Rodrigues,Homem,SBCUP
Glácio S. Araújo,Homem,Mário W. L. Moreira,Homem,SBCUP
Glácio S. Araújo,Homem,Rhayane S. Monteiro,Mulher,SBCUP
Glácio S. Araújo,Homem,Victor Hugo C. de Albuquerque,Homem,SBCUP
Joel J. P. C. Rodrigues,Homem,Mário W. L. Moreira,Homem,SBCUP
Joel J. P. C. Rodrigues,Homem,Rhayane S. Monteiro,Mulher,SBCUP
Joel J. P. C. Rodrigues,Homem,Victor Hugo C. de Albuquerque,Homem,SBCUP
Mário W. L. Moreira,Homem,Rhayane S. Monteiro,Mulher,SBCUP
Mário W. L. Moreira,Homem,Victor Hugo C. de Albuquerque,Homem,SBCUP
Rhayane S. Monteiro,Mulher,Victor Hugo C. de Albuquerque,Homem,SBCUP
Douglas Cordeiro,Homem,Maicon Lima,Homem,ETC
Douglas Cordeiro,Homem,Melque Henrique Castro,Homem,ETC
Douglas Cordeiro,Homem,Nubia Rosa da Silva,Mulher,ETC
Douglas Cordeiro,Homem,Thiago Leite,Homem,ETC
Maicon Lima,Homem,Melque Henrique Castro,Homem,ETC
Maicon Lima,Homem,Nubia Rosa da Silva,Mulher,ETC
Maicon Lima,Homem,Thiago Leite,Homem,ETC
Melque Henrique Castro,Homem,Nubia Rosa da Silva,Mulher,ETC
Melque Henrique Castro,Homem,Thiago Leite,Homem,ETC
Nubia Rosa da Silva,Mulher,Thiago Leite,Homem,ETC
Leonardo Tizzei,Homem,Percival Lucena,Homem,WASHES
Aline Saettler,Mulher,Eduardo S. Laber,Homem,CTD
Manuel Iori,Homem,Vítor Gomes Chagas,Homem,ETC
Hiran Ferreira,Homem,Tiago Cherchiglia,Homem,ENCompIF
Hiran Ferreira,Homem,Vinícius Alves Silva,Homem,ENCompIF
Tiago Cherchiglia,Homem,Vinícius Alves Silva,Homem,ENCompIF
Alexandre Sztajnberg,Homem,Matheus Costa Stutzel,Homem,CTIC
Everton de Matos,Homem,Fabiano Hessel,Homem,SEMISH
Everton de Matos,Homem,Leonardo Amaral,Homem,SEMISH
Everton de Matos,Homem,Matheus Crespi Schenfeld,Homem,SEMISH
Fabiano Hessel,Homem,Leonardo Amaral,Homem,SEMISH
Fabiano Hessel,Homem,Matheus Crespi Schenfeld,Homem,SEMISH
Leonardo Amaral,Homem,Matheus Crespi Schenfeld,Homem,SEMISH
Daniel Alves Gomes,Homem,Elisa de Fátima Andrade Soares,Mulher,WEI
Daniel Alves Gomes,Homem,Giovana Lorena Costa de Andrade,Mulher,WEI
Daniel Alves Gomes,Homem,Leonardo Bandeira de Lucena,Homem,WEI
Daniel Alves Gomes,Homem,Lígia Maria de Souza Dantas Batista,Mulher,WEI
Daniel Alves Gomes,Homem,Rommel Wladimir de Lima,Homem,WEI
Daniel Alves Gomes,Homem,Wilton Silva dos Santos Júnior,Homem,WEI
Daniel Alves Gomes,Homem,Álvaro Gabriel Gomes de Oliveira,Homem,WEI
Elisa de Fátima Andrade Soares,Mulher,Giovana Lorena Costa de Andrade,Mulher,WEI
Elisa de Fátima Andrade Soares,Mulher,Leonardo Bandeira de Lucena,Homem,WEI
Elisa de Fátima Andrade Soares,Mulher,Lígia Maria de Souza Dantas Batista,Mulher,WEI
Elisa de Fátima Andrade Soares,Mulher,Rommel Wladimir de Lima,Homem,WEI
Elisa de Fátima Andrade Soares,Mulher,Wilton Silva dos Santos Júnior,Homem,WEI
Elisa de Fátima Andrade Soares,Mulher,Álvaro Gabriel Gomes de Oliveira,Homem,WEI
Giovana Lorena Costa de Andrade,Mulher,Leonardo Bandeira de Lucena,Homem,WEI
Giovana Lorena Costa de Andrade,Mulher,Lígia Maria de Souza Dantas Batista,Mulher,WEI
Giovana Lorena Costa de Andrade,Mulher,Rommel Wladimir de Lima,Homem,WEI
Giovana Lorena Costa de Andrade,Mulher,Wilton Silva dos Santos Júnior,Homem,WEI
Giovana Lorena Costa de Andrade,Mulher,Álvaro Gabriel Gomes de Oliveira,Homem,WEI
Leonardo Bandeira de Lucena,Homem,Lígia Maria de Souza Dantas Batista,Mulher,WEI
Leonardo Bandeira de Lucena,Homem,Rommel Wladimir de Lima,Homem,WEI
Leonardo Bandeira de Lucena,Homem,Wilton Silva dos Santos Júnior,Homem,WEI
Leonardo Bandeira de Lucena,Homem,Álvaro Gabriel Gomes de Oliveira,Homem,WEI
Lígia Maria de Souza Dantas Batista,Mulher,Rommel Wladimir de Lima,Homem,WEI
Lígia Maria de Souza Dantas Batista,Mulher,Wilton Silva dos Santos Júnior,Homem,WEI
Lígia Maria de Souza Dantas Batista,Mulher,Álvaro Gabriel Gomes de Oliveira,Homem,WEI
Rommel Wladimir de Lima,Homem,Wilton Silva dos Santos Júnior,Homem,WEI
Rommel Wladimir de Lima,Homem,Álvaro Gabriel Gomes de Oliveira,Homem,WEI
Wilton Silva dos Santos Júnior,Homem,Álvaro Gabriel Gomes de Oliveira,Homem,WEI
José Adson Oliveira Guedes da Cunha,Homem,José Jorge Lima Dias Jr.,Homem,WASHES
Rosiane Freitas,Mulher,Simone Gama,Mulher,ETC
Rosiane Freitas,Mulher,Ueverton Souza,Homem,ETC
Simone Gama,Mulher,Ueverton Souza,Homem,ETC
Allan Veras,Homem,Bruno Merlin,Homem,WEI
Allan Veras,Homem,Heleno Fülber,Homem,WEI
Allan Veras,Homem,João Ferreira,Homem,WEI
Allan Veras,Homem,Leonardo Zamprogno,Homem,WEI
Bruno Merlin,Homem,Heleno Fülber,Homem,WEI
Bruno Merlin,Homem,João Ferreira,Homem,WEI
Bruno Merlin,Homem,Leonardo Zamprogno,Homem,WEI
Heleno Fülber,Homem,João Ferreira,Homem,WEI
Heleno Fülber,Homem,Leonardo Zamprogno,Homem,WEI
João Ferreira,Homem,Leonardo Zamprogno,Homem,WEI
Juliany Rodrigues R,Mulher,Marcela Sávia Picanço Pessoa,Mulher,WIT
Juliany Rodrigues R,Mulher,Sérgio Cleger Tamayo,Homem,WIT
Marcela Sávia Picanço Pessoa,Mulher,Sérgio Cleger Tamayo,Homem,WIT
Eloi Favero,Homem,João Santos,Homem,WEI
Larissa F. S. Britto,Mulher,Luciano D. S. Pacífico,Homem,CTIC
Larissa F. S. Britto,Mulher,Teresa B. Ludermir,Mulher,CTIC
Luciano D. S. Pacífico,Homem,Teresa B. Ludermir,Mulher,CTIC
David Menotti,Homem,Rayson Laroca,Homem,CTD
Beatriz Martins,Mulher,Renata Figueiredo,Mulher,WIT
Beatriz Martins,Mulher,Sheyla Medeiros,Mulher,WIT
Beatriz Martins,Mulher,Thaíse Costa,Mulher,WIT
Beatriz Martins,Mulher,Vanessa Dantas,Mulher,WIT
Renata Figueiredo,Mulher,Sheyla Medeiros,Mulher,WIT
Renata Figueiredo,Mulher,Thaíse Costa,Mulher,WIT
Renata Figueiredo,Mulher,Vanessa Dantas,Mulher,WIT
Sheyla Medeiros,Mulher,Thaíse Costa,Mulher,WIT
Sheyla Medeiros,Mulher,Vanessa Dantas,Mulher,WIT
Thaíse Costa,Mulher,Vanessa Dantas,Mulher,WIT
Carlos Brito,Homem,Francisco Airton Silva,Homem,WPerformance
Carlos Brito,Homem,Guto Leoni,Homem,WPerformance
Carlos Brito,Homem,Iure Fé,Homem,WPerformance
Carlos Brito,Homem,Laécio Rodrigues,Homem,WPerformance
Francisco Airton Silva,Homem,Guto Leoni,Homem,WPerformance
Francisco Airton Silva,Homem,Iure Fé,Homem,WPerformance
Francisco Airton Silva,Homem,Laécio Rodrigues,Homem,WPerformance
Guto Leoni,Homem,Iure Fé,Homem,WPerformance
Guto Leoni,Homem,Laécio Rodrigues,Homem,WPerformance
Iure Fé,Homem,Laécio Rodrigues,Homem,WPerformance
Alexandra da Silva Pereira,Mulher,Antonio A. F. Loureiro,Homem,SBCUP
Alexandra da Silva Pereira,Mulher,Fabrício A. Silva,Homem,SBCUP
Alexandra da Silva Pereira,Mulher,Thais R. M. B. Silva,Mulher,SBCUP
Antonio A. F. Loureiro,Homem,Fabrício A. Silva,Homem,SBCUP
Antonio A. F. Loureiro,Homem,Thais R. M. B. Silva,Mulher,SBCUP
Fabrício A. Silva,Homem,Thais R. M. B. Silva,Mulher,SBCUP
Cecília Costa,Mulher,Fernando Trinta,Homem,SBCUP
Cecília Costa,Mulher,Ricardo Andrade,Homem,SBCUP
Cecília Costa,Mulher,Vitor Cortez,Homem,SBCUP
Cecília Costa,Mulher,Willian Almeida Rodrigues,Homem,SBCUP
Cecília Costa,Mulher,Windson Viana,Homem,SBCUP
Fernando Trinta,Homem,Ricardo Andrade,Homem,SBCUP
Fernando Trinta,Homem,Vitor Cortez,Homem,SBCUP
Fernando Trinta,Homem,Willian Almeida Rodrigues,Homem,SBCUP
Fernando Trinta,Homem,Windson Viana,Homem,SBCUP
Ricardo Andrade,Homem,Vitor Cortez,Homem,SBCUP
Ricardo Andrade,Homem,Willian Almeida Rodrigues,Homem,SBCUP
Ricardo Andrade,Homem,Windson Viana,Homem,SBCUP
Vitor Cortez,Homem,Willian Almeida Rodrigues,Homem,SBCUP
Vitor Cortez,Homem,Windson Viana,Homem,SBCUP
Willian Almeida Rodrigues,Homem,Windson Viana,Homem,SBCUP
Eduardo Bezerra,Homem,Eduardo Ogasawara,Homem,CTIC
Eduardo Bezerra,Homem,Leonardo Lima,Homem,CTIC
Eduardo Bezerra,Homem,Patricia Mattos,Mulher,CTIC
Eduardo Bezerra,Homem,Rebecca Salles,Mulher,CTIC
Eduardo Ogasawara,Homem,Leonardo Lima,Homem,CTIC
Eduardo Ogasawara,Homem,Patricia Mattos,Mulher,CTIC
Eduardo Ogasawara,Homem,Rebecca Salles,Mulher,CTIC
Leonardo Lima,Homem,Patricia Mattos,Mulher,CTIC
Leonardo Lima,Homem,Rebecca Salles,Mulher,CTIC
Patricia Mattos,Mulher,Rebecca Salles,Mulher,CTIC
Célia Ralha,Mulher,George Teodoro,Homem,SEMISH
Célia Ralha,Mulher,Rafael M. Ramos,Homem,SEMISH
George Teodoro,Homem,Rafael M. Ramos,Homem,SEMISH
Brena Santos,Mulher,Daniel Carvalho,Homem,WPerformance
Brena Santos,Mulher,Francisco Airton Silva,Homem,WPerformance
Brena Santos,Mulher,Iure Fé,Homem,WPerformance
Daniel Carvalho,Homem,Francisco Airton Silva,Homem,WPerformance
Daniel Carvalho,Homem,Iure Fé,Homem,WPerformance
Francisco Airton Silva,Homem,Iure Fé,Homem,WPerformance
Francisco Airton Silva,Homem,Paulo Henrique Rocha,Homem,WPerformance
Caroline Maul de A. Lima,Mulher,Eduardo A. da Silva,Homem,WPerformance
Caroline Maul de A. Lima,Mulher,Pedro B. Velloso,Homem,WPerformance
Eduardo A. da Silva,Homem,Pedro B. Velloso,Homem,WPerformance
Francisco Lima,Homem,Jose G. R. Júnior,Homem,SBCUP
Francisco Lima,Homem,José A. M. Nacif,Homem,SBCUP
Francisco Lima,Homem,Lucas Brangança,Homem,SBCUP
Francisco Lima,Homem,Luiz F. M. Vieira,Homem,SBCUP
Francisco Lima,Homem,Marcos A. M. Vieira,Homem,SBCUP
Francisco Lima,Homem,Rafael Antônio,Homem,SBCUP
Francisco Lima,Homem,Thales T. Almeida,Homem,SBCUP
Jose G. R. Júnior,Homem,José A. M. Nacif,Homem,SBCUP
Jose G. R. Júnior,Homem,Lucas Brangança,Homem,SBCUP
Jose G. R. Júnior,Homem,Luiz F. M. Vieira,Homem,SBCUP
Jose G. R. Júnior,Homem,Marcos A. M. Vieira,Homem,SBCUP
Jose G. R. Júnior,Homem,Rafael Antônio,Homem,SBCUP
Jose G. R. Júnior,Homem,Thales T. Almeida,Homem,SBCUP
José A. M. Nacif,Homem,Lucas Brangança,Homem,SBCUP
José A. M. Nacif,Homem,Luiz F. M. Vieira,Homem,SBCUP
José A. M. Nacif,Homem,Marcos A. M. Vieira,Homem,SBCUP
José A. M. Nacif,Homem,Rafael Antônio,Homem,SBCUP
José A. M. Nacif,Homem,Thales T. Almeida,Homem,SBCUP
Lucas Brangança,Homem,Luiz F. M. Vieira,Homem,SBCUP
Lucas Brangança,Homem,Marcos A. M. Vieira,Homem,SBCUP
Lucas Brangança,Homem,Rafael Antônio,Homem,SBCUP
Lucas Brangança,Homem,Thales T. Almeida,Homem,SBCUP
Luiz F. M. Vieira,Homem,Marcos A. M. Vieira,Homem,SBCUP
Luiz F. M. Vieira,Homem,Rafael Antônio,Homem,SBCUP
Luiz F. M. Vieira,Homem,Thales T. Almeida,Homem,SBCUP
Marcos A. M. Vieira,Homem,Rafael Antônio,Homem,SBCUP
Marcos A. M. Vieira,Homem,Thales T. Almeida,Homem,SBCUP
Rafael Antônio,Homem,Thales T. Almeida,Homem,SBCUP
Flavia Cristina Bernardini,Mulher,José Viterbo,Homem,WEI
Flavia Cristina Bernardini,Mulher,Mateus Felipe Teixeira,Homem,WEI
José Viterbo,Homem,Mateus Felipe Teixeira,Homem,WEI
Cesar A. C. Marcondes,Homem,Diego F. Pedroso,Homem,WPerformance
Cesar A. C. Marcondes,Homem,Emerson R. A. Barea,Homem,WPerformance
Cesar A. C. Marcondes,Homem,Hermes Senger,Homem,WPerformance
Diego F. Pedroso,Homem,Emerson R. A. Barea,Homem,WPerformance
Diego F. Pedroso,Homem,Hermes Senger,Homem,WPerformance
Emerson R. A. Barea,Homem,Hermes Senger,Homem,WPerformance
Andre L. L. Aquino,Homem,Eliana S. Almeida,Mulher,SBCUP
Andre L. L. Aquino,Homem,Pedro H. Barros,Homem,SBCUP
Eliana S. Almeida,Mulher,Pedro H. Barros,Homem,SBCUP
Alex R. Weber,Homem,Bruno B. Boniati,Homem,WEI
Alex R. Weber,Homem,Christiane Gresse von Wangenheim,Mulher,WEI
Alex R. Weber,Homem,Giani Petri,Mulher,WEI
Bruno B. Boniati,Homem,Christiane Gresse von Wangenheim,Mulher,WEI
Bruno B. Boniati,Homem,Giani Petri,Mulher,WEI
Christiane Gresse von Wangenheim,Mulher,Giani Petri,Mulher,WEI
Alex B. Vieira,Homem,Edelberto Franco,Homem,WPerformance
Alex B. Vieira,Homem,Frederico O. Sales,Homem,WPerformance
Edelberto Franco,Homem,Frederico O. Sales,Homem,WPerformance
Giorgia O. Mattos,Mulher,Josilene A. Moreira,Mulher,WIT
Giorgia O. Mattos,Mulher,Laura L. A. O. Campos,Mulher,WIT
Giorgia O. Mattos,Mulher,Luyza E. D. Nascimento,Mulher,WIT
Giorgia O. Mattos,Mulher,Maria L. M. Calixto,Mulher,WIT
Giorgia O. Mattos,Mulher,Tiago E. S. Araujo,Homem,WIT
Giorgia O. Mattos,Mulher,Vanessa G. L. Pessoa,Mulher,WIT
Josilene A. Moreira,Mulher,Laura L. A. O. Campos,Mulher,WIT
Josilene A. Moreira,Mulher,Luyza E. D. Nascimento,Mulher,WIT
Josilene A. Moreira,Mulher,Maria L. M. Calixto,Mulher,WIT
Josilene A. Moreira,Mulher,Tiago E. S. Araujo,Homem,WIT
Josilene A. Moreira,Mulher,Vanessa G. L. Pessoa,Mulher,WIT
Laura L. A. O. Campos,Mulher,Luyza E. D. Nascimento,Mulher,WIT
Laura L. A. O. Campos,Mulher,Maria L. M. Calixto,Mulher,WIT
Laura L. A. O. Campos,Mulher,Tiago E. S. Araujo,Homem,WIT
Laura L. A. O. Campos,Mulher,Vanessa G. L. Pessoa,Mulher,WIT
Luyza E. D. Nascimento,Mulher,Maria L. M. Calixto,Mulher,WIT
Luyza E. D. Nascimento,Mulher,Tiago E. S. Araujo,Homem,WIT
Luyza E. D. Nascimento,Mulher,Vanessa G. L. Pessoa,Mulher,WIT
Maria L. M. Calixto,Mulher,Tiago E. S. Araujo,Homem,WIT
Maria L. M. Calixto,Mulher,Vanessa G. L. Pessoa,Mulher,WIT
Tiago E. S. Araujo,Homem,Vanessa G. L. Pessoa,Mulher,WIT
Alberto Vianna Dias da Silva,Homem,Vaninha Vieira,Mulher,SBCUP
Carlo Rodrigues,Homem,Vladimir Rocha,Homem,WPerformance
Carla K. de M. Marques,Mulher,Francisca Aparecida P. Pinto,Mulher,WASHES
Carla K. de M. Marques,Mulher,Henrique J. A. Holanda,Homem,WASHES
Francisca Aparecida P. Pinto,Mulher,Henrique J. A. Holanda,Homem,WASHES
Lauri P. Laux Jr,Homem,Roberto A. Hexsel,Homem,WPerformance
Matheus Guedes,Homem,Vinicius F. dos Santos,Homem,ETC
Ana Flávia Aragão,Mulher,Andréa Brito,Mulher,WIT
Ana Flávia Aragão,Mulher,Gabriel Moreira,Homem,WIT
Ana Flávia Aragão,Mulher,Giorgia Mattos,Mulher,WIT
Ana Flávia Aragão,Mulher,Josilene Aires,Mulher,WIT
Ana Flávia Aragão,Mulher,Sanny Alves,Mulher,WIT
Ana Flávia Aragão,Mulher,Thiago Coelho,Homem,WIT
Andréa Brito,Mulher,Gabriel Moreira,Homem,WIT
Andréa Brito,Mulher,Giorgia Mattos,Mulher,WIT
Andréa Brito,Mulher,Josilene Aires,Mulher,WIT
Andréa Brito,Mulher,Sanny Alves,Mulher,WIT
Andréa Brito,Mulher,Thiago Coelho,Homem,WIT
Gabriel Moreira,Homem,Giorgia Mattos,Mulher,WIT
Gabriel Moreira,Homem,Josilene Aires,Mulher,WIT
Gabriel Moreira,Homem,Sanny Alves,Mulher,WIT
Gabriel Moreira,Homem,Thiago Coelho,Homem,WIT
Giorgia Mattos,Mulher,Josilene Aires,Mulher,WIT
Giorgia Mattos,Mulher,Sanny Alves,Mulher,WIT
Giorgia Mattos,Mulher,Thiago Coelho,Homem,WIT
Josilene Aires,Mulher,Sanny Alves,Mulher,WIT
Josilene Aires,Mulher,Thiago Coelho,Homem,WIT
Sanny Alves,Mulher,Thiago Coelho,Homem,WIT
Adriano F. Borgatto,Homem,Alejandro Calderón,Homem,WEI
Adriano F. Borgatto,Homem,Christiane G. von Wangenheim,Mulher,WEI
Adriano F. Borgatto,Homem,Giani Petri,Mulher,WEI
Adriano F. Borgatto,Homem,Mercedes Ruiz,Mulher,WEI
Alejandro Calderón,Homem,Christiane G. von Wangenheim,Mulher,WEI
Alejandro Calderón,Homem,Giani Petri,Mulher,WEI
Alejandro Calderón,Homem,Mercedes Ruiz,Mulher,WEI
Christiane G. von Wangenheim,Mulher,Giani Petri,Mulher,WEI
Christiane G. von Wangenheim,Mulher,Mercedes Ruiz,Mulher,WEI
Giani Petri,Mulher,Mercedes Ruiz,Mulher,WEI
André L. P. Guedes,Homem,Gabriel A. G. Sobral,Homem,ETC
André L. P. Guedes,Homem,Marina Groshaus,Mulher,ETC
Gabriel A. G. Sobral,Homem,Marina Groshaus,Mulher,ETC
André C. P. L. F. de Carvalho,Homem,Paulo Henrique Pisani,Homem,CTD
Charles T. B. Garrocho,Homem,Maurício J. da Silva,Homem,SBCUP
Charles T. B. Garrocho,Homem,Ricardo A. R. Oliveira,Homem,SBCUP
Maurício J. da Silva,Homem,Ricardo A. R. Oliveira,Homem,SBCUP
Elidiane P. dos Santos,Mulher,Flávia S. Nascimento,Mulher,SBCUP
Elidiane P. dos Santos,Mulher,Vaninha Vieira,Mulher,SBCUP
Flávia S. Nascimento,Mulher,Vaninha Vieira,Mulher,SBCUP
Alisson Neves,Homem,Bruno Silva,Homem,ENCompIF
Alisson Neves,Homem,Jadir Arnaldo Júnior,Homem,ENCompIF
Alisson Neves,Homem,Leila Buarque,Mulher,ENCompIF
Alisson Neves,Homem,Marcelo Cunha,Homem,ENCompIF
Bruno Silva,Homem,Jadir Arnaldo Júnior,Homem,ENCompIF
Bruno Silva,Homem,Leila Buarque,Mulher,ENCompIF
Bruno Silva,Homem,Marcelo Cunha,Homem,ENCompIF
Jadir Arnaldo Júnior,Homem,Leila Buarque,Mulher,ENCompIF
Jadir Arnaldo Júnior,Homem,Marcelo Cunha,Homem,ENCompIF
Leila Buarque,Mulher,Marcelo Cunha,Homem,ENCompIF
Jerusa Marchi,Mulher,Tiago Royer,Homem,CTIC
Leonardo Gargano,Homem,Lucas Couto,Homem,WASHES
Leonardo Gargano,Homem,Marcelo Fornazin,Homem,WASHES
Lucas Couto,Homem,Marcelo Fornazin,Homem,WASHES
Aleksander Sade Paterno,Homem,Luciana Rita Guedes,Mulher,WEI
Maria Andréia Formico Rodrigues,Mulher,Ygor Rebouças Serpa,Homem,CTD
Ana Bacelo,Mulher,Cristina Nunes,Mulher,WIT
Ana Bacelo,Mulher,Milene Silveira,Mulher,WIT
Cristina Nunes,Mulher,Milene Silveira,Mulher,WIT
Laura Sánchez García,Mulher,Ludmilla Fernandes Oliveira Galvão,Mulher,WEI
Laura Sánchez García,Mulher,Tanya Amara Felipe,Mulher,WEI
Ludmilla Fernandes Oliveira Galvão,Mulher,Tanya Amara Felipe,Mulher,WEI
Carla Marina C. Paxiúba,Mulher,Celson Pantoja Lima,Homem,SEMISH
Andre L. L. Aquino,Homem,Cristopher G. S. Freitas,Homem,SBCUP
Andre L. L. Aquino,Homem,Heitor S. Ramos,Homem,SBCUP
Andre L. L. Aquino,Homem,Osvaldo A. Rosso,Homem,SBCUP
Andre L. L. Aquino,Homem,Raquel S. Cabral,Mulher,SBCUP
Cristopher G. S. Freitas,Homem,Heitor S. Ramos,Homem,SBCUP
Cristopher G. S. Freitas,Homem,Osvaldo A. Rosso,Homem,SBCUP
Cristopher G. S. Freitas,Homem,Raquel S. Cabral,Mulher,SBCUP
Heitor S. Ramos,Homem,Osvaldo A. Rosso,Homem,SBCUP
Heitor S. Ramos,Homem,Raquel S. Cabral,Mulher,SBCUP
Osvaldo A. Rosso,Homem,Raquel S. Cabral,Mulher,SBCUP
Christiane G. von Wangenheim,Mulher,Paulo E. Battistella,Homem,WEI
Diogo Menezes Ferrazani Mattos,Homem,Luiz Claudio Schara Magalhães,Homem,WPerformance
Daniel Figueiredo,Homem,Rafael G. Damasceno,Homem,WPerformance
Alex Borges Vieira,Homem,Ana Paula Couto da Silva,Mulher,CTD
Alex Borges Vieira,Homem,Eduardo Chinelate Costa,Homem,CTD
Ana Paula Couto da Silva,Mulher,Eduardo Chinelate Costa,Homem,CTD
Artur Ziviani,Homem,Klaus Wehmuth,Homem,ETC
Andreia Gentil Bonfante,Mulher,Claudia Aparecida Martins,Mulher,SEMISH
Andreia Gentil Bonfante,Mulher,Henrique Camacho Farias,Homem,SEMISH
Claudia Aparecida Martins,Mulher,Henrique Camacho Farias,Homem,SEMISH
Josilene A. Moreira,Mulher,Maria Eulina P. Carvalho,Mulher,WEI
Josilene A. Moreira,Mulher,Ricardo M. Silva,Homem,WEI
Maria Eulina P. Carvalho,Mulher,Ricardo M. Silva,Homem,WEI
Leandro Galvão,Homem,Simone Martins,Mulher,WEI
Ana Karolina Maia,Mulher,Cláudia Linhares Sales,Mulher,ETC
Ana Karolina Maia,Mulher,Cláudio Carvalho,Homem,ETC
Ana Karolina Maia,Mulher,Jonas Costa,Homem,ETC
Ana Karolina Maia,Mulher,Nicolas Nisse,Homem,ETC
Ana Karolina Maia,Mulher,Raul Lopes,Homem,ETC
Cláudia Linhares Sales,Mulher,Cláudio Carvalho,Homem,ETC
Cláudia Linhares Sales,Mulher,Jonas Costa,Homem,ETC
Cláudia Linhares Sales,Mulher,Nicolas Nisse,Homem,ETC
Cláudia Linhares Sales,Mulher,Raul Lopes,Homem,ETC
Cláudio Carvalho,Homem,Jonas Costa,Homem,ETC
Cláudio Carvalho,Homem,Nicolas Nisse,Homem,ETC
Cláudio Carvalho,Homem,Raul Lopes,Homem,ETC
Jonas Costa,Homem,Nicolas Nisse,Homem,ETC
Jonas Costa,Homem,Raul Lopes,Homem,ETC
Nicolas Nisse,Homem,Raul Lopes,Homem,ETC
Daniel Figueiredo,Homem,Ronald Souza,Homem,WPerformance
Gustavo M. D. Vieira,Homem,William B. Mingardi,Homem,WPerformance
Amanda Vilas Boas Oliveira,Mulher,Felipe de Melo Santos,Homem,WIT
Amanda Vilas Boas Oliveira,Mulher,Guilherme Gonçalves da Silva,Homem,WIT
Amanda Vilas Boas Oliveira,Mulher,Lucas Almeida Silva,Homem,WIT
Amanda Vilas Boas Oliveira,Mulher,Queilane da Conceição Rocha,Mulher,WIT
Amanda Vilas Boas Oliveira,Mulher,Yasmin Solrac Ribeiro dos Santos,Mulher,WIT
Amanda Vilas Boas Oliveira,Mulher,Érica Pereira Machado,Mulher,WIT
Felipe de Melo Santos,Homem,Guilherme Gonçalves da Silva,Homem,WIT
Felipe de Melo Santos,Homem,Lucas Almeida Silva,Homem,WIT
Felipe de Melo Santos,Homem,Queilane da Conceição Rocha,Mulher,WIT
Felipe de Melo Santos,Homem,Yasmin Solrac Ribeiro dos Santos,Mulher,WIT
Felipe de Melo Santos,Homem,Érica Pereira Machado,Mulher,WIT
Guilherme Gonçalves da Silva,Homem,Lucas Almeida Silva,Homem,WIT
Guilherme Gonçalves da Silva,Homem,Queilane da Conceição Rocha,Mulher,WIT
Guilherme Gonçalves da Silva,Homem,Yasmin Solrac Ribeiro dos Santos,Mulher,WIT
Guilherme Gonçalves da Silva,Homem,Érica Pereira Machado,Mulher,WIT
Lucas Almeida Silva,Homem,Queilane da Conceição Rocha,Mulher,WIT
Lucas Almeida Silva,Homem,Yasmin Solrac Ribeiro dos Santos,Mulher,WIT
Lucas Almeida Silva,Homem,Érica Pereira Machado,Mulher,WIT
Queilane da Conceição Rocha,Mulher,Yasmin Solrac Ribeiro dos Santos,Mulher,WIT
Queilane da Conceição Rocha,Mulher,Érica Pereira Machado,Mulher,WIT
Yasmin Solrac Ribeiro dos Santos,Mulher,Érica Pereira Machado,Mulher,WIT
Renata V. de Figueiredo,Mulher,Vanessa F. Dantas,Mulher,WIT
Ana Valladares Zerbinato,Mulher,Beatriz Lopes Souza,Mulher,WIT
Ana Valladares Zerbinato,Mulher,Karina Mochetti,Mulher,WIT
Ana Valladares Zerbinato,Mulher,Luciana Salgado,Mulher,WIT
Beatriz Lopes Souza,Mulher,Karina Mochetti,Mulher,WIT
Beatriz Lopes Souza,Mulher,Luciana Salgado,Mulher,WIT
Karina Mochetti,Mulher,Luciana Salgado,Mulher,WIT
Adenauer Yamin,Homem,Ana Marilza Pernas,Mulher,SEMISH
Adenauer Yamin,Homem,Huberto Kaiser Filho,Homem,SEMISH
Adenauer Yamin,Homem,João Lopes,Homem,SEMISH
Adenauer Yamin,Homem,Leonardo João,Homem,SEMISH
Adenauer Yamin,Homem,Lucas Xavier,Homem,SEMISH
Adenauer Yamin,Homem,Nelsi Warken,Mulher,SEMISH
Adenauer Yamin,Homem,Patrícia Davet,Mulher,SEMISH
Adenauer Yamin,Homem,Rodrigo Souza,Homem,SEMISH
Ana Marilza Pernas,Mulher,Huberto Kaiser Filho,Homem,SEMISH
Ana Marilza Pernas,Mulher,João Lopes,Homem,SEMISH
Ana Marilza Pernas,Mulher,Leonardo João,Homem,SEMISH
Ana Marilza Pernas,Mulher,Lucas Xavier,Homem,SEMISH
Ana Marilza Pernas,Mulher,Nelsi Warken,Mulher,SEMISH
Ana Marilza Pernas,Mulher,Patrícia Davet,Mulher,SEMISH
Ana Marilza Pernas,Mulher,Rodrigo Souza,Homem,SEMISH
Huberto Kaiser Filho,Homem,João Lopes,Homem,SEMISH
Huberto Kaiser Filho,Homem,Leonardo João,Homem,SEMISH
Huberto Kaiser Filho,Homem,Lucas Xavier,Homem,SEMISH
Huberto Kaiser Filho,Homem,Nelsi Warken,Mulher,SEMISH
Huberto Kaiser Filho,Homem,Patrícia Davet,Mulher,SEMISH
Huberto Kaiser Filho,Homem,Rodrigo Souza,Homem,SEMISH
João Lopes,Homem,Leonardo João,Homem,SEMISH
João Lopes,Homem,Lucas Xavier,Homem,SEMISH
João Lopes,Homem,Nelsi Warken,Mulher,SEMISH
João Lopes,Homem,Patrícia Davet,Mulher,SEMISH
João Lopes,Homem,Rodrigo Souza,Homem,SEMISH
Leonardo João,Homem,Lucas Xavier,Homem,SEMISH
Leonardo João,Homem,Nelsi Warken,Mulher,SEMISH
Leonardo João,Homem,Patrícia Davet,Mulher,SEMISH
Leonardo João,Homem,Rodrigo Souza,Homem,SEMISH
Lucas Xavier,Homem,Nelsi Warken,Mulher,SEMISH
Lucas Xavier,Homem,Patrícia Davet,Mulher,SEMISH
Lucas Xavier,Homem,Rodrigo Souza,Homem,SEMISH
Nelsi Warken,Mulher,Patrícia Davet,Mulher,SEMISH
Nelsi Warken,Mulher,Rodrigo Souza,Homem,SEMISH
Patrícia Davet,Mulher,Rodrigo Souza,Homem,SEMISH
Aluizio Rocha Neto,Homem,Bárbara Soares,Mulher,SEMISH
Aluizio Rocha Neto,Homem,Felipe Barbalho,Homem,SEMISH
Aluizio Rocha Neto,Homem,Flavia C. Delicato,Mulher,SEMISH
Aluizio Rocha Neto,Homem,Luis Santos,Homem,SEMISH
Aluizio Rocha Neto,Homem,Paulo F. Pires,Homem,SEMISH
Aluizio Rocha Neto,Homem,Thais Batista,Mulher,SEMISH
Bárbara Soares,Mulher,Felipe Barbalho,Homem,SEMISH
Bárbara Soares,Mulher,Flavia C. Delicato,Mulher,SEMISH
Bárbara Soares,Mulher,Luis Santos,Homem,SEMISH
Bárbara Soares,Mulher,Paulo F. Pires,Homem,SEMISH
Bárbara Soares,Mulher,Thais Batista,Mulher,SEMISH
Felipe Barbalho,Homem,Flavia C. Delicato,Mulher,SEMISH
Felipe Barbalho,Homem,Luis Santos,Homem,SEMISH
Felipe Barbalho,Homem,Paulo F. Pires,Homem,SEMISH
Felipe Barbalho,Homem,Thais Batista,Mulher,SEMISH
Flavia C. Delicato,Mulher,Luis Santos,Homem,SEMISH
Flavia C. Delicato,Mulher,Paulo F. Pires,Homem,SEMISH
Flavia C. Delicato,Mulher,Thais Batista,Mulher,SEMISH
Luis Santos,Homem,Paulo F. Pires,Homem,SEMISH
Luis Santos,Homem,Thais Batista,Mulher,SEMISH
Paulo F. Pires,Homem,Thais Batista,Mulher,SEMISH
Acacia Terra,Mulher,Braulio Mello,Homem,SEMISH
Acacia Terra,Mulher,Edimar Roque Martello Junior,Homem,SEMISH
Acacia Terra,Mulher,Ricardo Parizotto,Homem,SEMISH
Braulio Mello,Homem,Edimar Roque Martello Junior,Homem,SEMISH
Braulio Mello,Homem,Ricardo Parizotto,Homem,SEMISH
Edimar Roque Martello Junior,Homem,Ricardo Parizotto,Homem,SEMISH
Christian Reis Fagundes Gomes,Homem,Felipe Augusto Resende Viegas,Homem,CTIC
Christian Reis Fagundes Gomes,Homem,Leonardo Chaves Dutra da Rocha,Homem,CTIC
Christian Reis Fagundes Gomes,Homem,Washington Luiz Miranda da Cunha,Homem,CTIC
Felipe Augusto Resende Viegas,Homem,Leonardo Chaves Dutra da Rocha,Homem,CTIC
Felipe Augusto Resende Viegas,Homem,Washington Luiz Miranda da Cunha,Homem,CTIC
Leonardo Chaves Dutra da Rocha,Homem,Washington Luiz Miranda da Cunha,Homem,CTIC
Bruno N. M. S. Conte,Homem,Roberto C. L. de Oliveira,Homem,SEMISH
Bruno N. M. S. Conte,Homem,Thiago N.M. S. Conte,Homem,SEMISH
Roberto C. L. de Oliveira,Homem,Thiago N.M. S. Conte,Homem,SEMISH
Ayla Rebouças,Mulher,Géssica Alves,Mulher,WEI
Eudes de Souza Campos,Homem,Tiago do Carmo Nogueira,Homem,WEI
Edvar Afonso L. Filho,Homem,Miguel Elias M. Campista,Homem,WPerformance
Carla A. D. M. Delgado,Mulher,Carlos Eduardo da S. Martins,Homem,WEI
Carla A. D. M. Delgado,Mulher,Fernando R. Gouvêa,Homem,WEI
Carla A. D. M. Delgado,Mulher,João C. P. da Silva,Homem,WEI
Carla A. D. M. Delgado,Mulher,Thais N. Viana,Mulher,WEI
Carlos Eduardo da S. Martins,Homem,Fernando R. Gouvêa,Homem,WEI
Carlos Eduardo da S. Martins,Homem,João C. P. da Silva,Homem,WEI
Carlos Eduardo da S. Martins,Homem,Thais N. Viana,Mulher,WEI
Fernando R. Gouvêa,Homem,João C. P. da Silva,Homem,WEI
Fernando R. Gouvêa,Homem,Thais N. Viana,Mulher,WEI
João C. P. da Silva,Homem,Thais N. Viana,Mulher,WEI
Aleffer Rocha,Homem,Sheila Morais Almeida,Mulher,ETC
Christian Gomes,Homem,Leonardo Rocha,Homem,CTIC
Denis Rosário,Homem,Eduardo Cerqueira,Homem,SBCUP
Denis Rosário,Homem,Gilmar Moraes,Homem,SBCUP
Denis Rosário,Homem,Helder Oliveira,Homem,SBCUP
Eduardo Cerqueira,Homem,Gilmar Moraes,Homem,SBCUP
Eduardo Cerqueira,Homem,Helder Oliveira,Homem,SBCUP
Gilmar Moraes,Homem,Helder Oliveira,Homem,SBCUP
Elder Rodrigues Jr.,Homem,Ricardo Terra,Homem,CTIC
Carlos Alberto V. Campos,Homem,Carlos Alvaro M. S. Quintella,Homem,SBCUP
Carlos Alberto V. Campos,Homem,Leila C. V. Andrade,Mulher,SBCUP
Carlos Alvaro M. S. Quintella,Homem,Leila C. V. Andrade,Mulher,SBCUP
Bruno O. Goulart,Homem,Carolina Xavier,Mulher,ENCompIF
Bruno O. Goulart,Homem,João Gabriel Silva,Homem,ENCompIF
Bruno O. Goulart,Homem,Maria Júlia M. Schettini,Mulher,ENCompIF
Bruno O. Goulart,Homem,Samuel O. Silva,Homem,ENCompIF
Carolina Xavier,Mulher,João Gabriel Silva,Homem,ENCompIF
Carolina Xavier,Mulher,Maria Júlia M. Schettini,Mulher,ENCompIF
Carolina Xavier,Mulher,Samuel O. Silva,Homem,ENCompIF
João Gabriel Silva,Homem,Maria Júlia M. Schettini,Mulher,ENCompIF
João Gabriel Silva,Homem,Samuel O. Silva,Homem,ENCompIF
Maria Júlia M. Schettini,Mulher,Samuel O. Silva,Homem,ENCompIF
Alexandre C. B. Delbem,Homem,Daniel R. F. Bonetti,Homem,WPerformance
Alexandre C. B. Delbem,Homem,Gesiel Rios Lopes,Homem,WPerformance
Alexandre C. B. Delbem,Homem,Gonzalo Travieso,Homem,WPerformance
Alexandre C. B. Delbem,Homem,Kalinka C. Branco,Mulher,WPerformance
Alexandre C. B. Delbem,Homem,Paulo S. L. Souza,Homem,WPerformance
Daniel R. F. Bonetti,Homem,Gesiel Rios Lopes,Homem,WPerformance
Daniel R. F. Bonetti,Homem,Gonzalo Travieso,Homem,WPerformance
Daniel R. F. Bonetti,Homem,Kalinka C. Branco,Mulher,WPerformance
Daniel R. F. Bonetti,Homem,Paulo S. L. Souza,Homem,WPerformance
Gesiel Rios Lopes,Homem,Gonzalo Travieso,Homem,WPerformance
Gesiel Rios Lopes,Homem,Kalinka C. Branco,Mulher,WPerformance
Gesiel Rios Lopes,Homem,Paulo S. L. Souza,Homem,WPerformance
Gonzalo Travieso,Homem,Kalinka C. Branco,Mulher,WPerformance
Gonzalo Travieso,Homem,Paulo S. L. Souza,Homem,WPerformance
Kalinka C. Branco,Mulher,Paulo S. L. Souza,Homem,WPerformance
Cleyton Souza,Homem,Elaine Santos,Mulher,WEI
Cleyton Souza,Homem,Tamires Rocha,Mulher,WEI
Cleyton Souza,Homem,Vilson Júnior,Homem,WEI
Elaine Santos,Mulher,Tamires Rocha,Mulher,WEI
Elaine Santos,Mulher,Vilson Júnior,Homem,WEI
Tamires Rocha,Mulher,Vilson Júnior,Homem,WEI
Karin Komati,Mulher,Rosana Jesus,Mulher,ENCompIF
Karin Komati,Mulher,Sérgio Nery Simões,Homem,ENCompIF
Rosana Jesus,Mulher,Sérgio Nery Simões,Homem,ENCompIF
Flávio K. Miyazawa,Homem,Rafael C. S. Schoeury,Homem,ETC
Alan D. A. Carneiro,Homem,Priscila Camargo,Mulher,ETC
Alan D. A. Carneiro,Homem,Uéverton S. Santos,Homem,ETC
Priscila Camargo,Mulher,Uéverton S. Santos,Homem,ETC
Alexandre Heideker,Homem,Carlos Kamienski,Homem,SBCUP
Alexandre Heideker,Homem,Fabrizio Borelli,Homem,SBCUP
Alexandre Heideker,Homem,Gabriela Biondi,Mulher,SBCUP
Alexandre Heideker,Homem,Ivan Zyrianoff,Homem,SBCUP
Carlos Kamienski,Homem,Fabrizio Borelli,Homem,SBCUP
Carlos Kamienski,Homem,Gabriela Biondi,Mulher,SBCUP
Carlos Kamienski,Homem,Ivan Zyrianoff,Homem,SBCUP
Fabrizio Borelli,Homem,Gabriela Biondi,Mulher,SBCUP
Fabrizio Borelli,Homem,Ivan Zyrianoff,Homem,SBCUP
Gabriela Biondi,Mulher,Ivan Zyrianoff,Homem,SBCUP
Jean Carlos Oliveira Santos,Homem,Karen da Silva Figueiredo,Mulher,WEI
Jean Carlos Oliveira Santos,Homem,Karen da Silva Figueiredo,Mulher,WIT
Ana Paula Lüdtke Ferreira,Mulher,Márcia Maria Lucchese,Mulher,WIT
Diego F. Aranha,Homem,Pedro Geraldo M. R. Alves,Homem,ETC
Bianca Santana,Mulher,Luis Araújo,Homem,WEI
Bianca Santana,Mulher,Roberto A. Bittencourt,Homem,WEI
Luis Araújo,Homem,Roberto A. Bittencourt,Homem,WEI
Emmerson S. Rita,Homem,Jucimar B. Souza,Homem,ENCompIF
Emmerson S. Rita,Homem,Marcelo C. Machado,Homem,ENCompIF
Emmerson S. Rita,Homem,Pedro Pequeno,Homem,ENCompIF
Jucimar B. Souza,Homem,Marcelo C. Machado,Homem,ENCompIF
Jucimar B. Souza,Homem,Pedro Pequeno,Homem,ENCompIF
Marcelo C. Machado,Homem,Pedro Pequeno,Homem,ENCompIF
Alan Neves,Homem,Fernando Mourão,Homem,CTIC
Alan Neves,Homem,Leonardo Rocha,Homem,CTIC
Alan Neves,Homem,Ramon Vieira,Homem,CTIC
Fernando Mourão,Homem,Leonardo Rocha,Homem,CTIC
Fernando Mourão,Homem,Ramon Vieira,Homem,CTIC
Leonardo Rocha,Homem,Ramon Vieira,Homem,CTIC
Alexsander Andrade de Melo,Homem,Uéverton dos Santos Souza,Homem,CTD
Angelo Augusto Frozza,Homem,Miguel Airton Frantz,Homem,ENCompIF
Angelo Augusto Frozza,Homem,Reginaldo Rubens da Silva,Homem,ENCompIF
Miguel Airton Frantz,Homem,Reginaldo Rubens da Silva,Homem,ENCompIF
Bruno P. Masquio,Homem,Jayme L. Szwarcfiter,Homem,ETC
Bruno P. Masquio,Homem,Paulo E. D. Pinto,Homem,ETC
Jayme L. Szwarcfiter,Homem,Paulo E. D. Pinto,Homem,ETC
Deógenes Silva Junior,Homem,Roberto Pereira,Homem,WASHES
José Augusto Fabris,Homem,Kefferson Ricardi,Homem,WEI
José Augusto Fabris,Homem,Soraia Silva Prietch,Mulher,WEI
Kefferson Ricardi,Homem,Soraia Silva Prietch,Mulher,WEI
Franciny Barreto,Mulher,Jhonatan T. Cabral Néry,Homem,WPerformance
Franciny Barreto,Mulher,Joslaine C. Jeske de Freitas,Mulher,WPerformance
Jhonatan T. Cabral Néry,Homem,Joslaine C. Jeske de Freitas,Mulher,WPerformance
Adenauer C. Yamin,Homem,Ana Marilza Pernas,Mulher,SBCUP
Adenauer C. Yamin,Homem,João Ladislau Lopes,Homem,SBCUP
Adenauer C. Yamin,Homem,Ricardo Almeida,Homem,SBCUP
Adenauer C. Yamin,Homem,Roger S. Machado,Homem,SBCUP
Ana Marilza Pernas,Mulher,João Ladislau Lopes,Homem,SBCUP
Ana Marilza Pernas,Mulher,Ricardo Almeida,Homem,SBCUP
Ana Marilza Pernas,Mulher,Roger S. Machado,Homem,SBCUP
João Ladislau Lopes,Homem,Ricardo Almeida,Homem,SBCUP
João Ladislau Lopes,Homem,Roger S. Machado,Homem,SBCUP
Ricardo Almeida,Homem,Roger S. Machado,Homem,SBCUP
Angelica Toffano Seidel Calazans,Mulher,Bruno Magno da Silva,Homem,WEI
Angelica Toffano Seidel Calazans,Mulher,Stela Sampaio Silva,Mulher,WEI
Bruno Magno da Silva,Homem,Stela Sampaio Silva,Mulher,WEI
Marília Abrahão Amaral,Mulher,Pricila Castelini,Mulher,WIT
Bruna A. da Silva,Mulher,Renato M. de Moraes,Homem,WPerformance
Cabral Lima,Homem,Daniel Menasch,Homem,WPerformance
Cabral Lima,Homem,Italo Cunha,Homem,WPerformance
Cabral Lima,Homem,Leandro P. de Aguiar,Homem,WPerformance
Daniel Menasch,Homem,Italo Cunha,Homem,WPerformance
Daniel Menasch,Homem,Leandro P. de Aguiar,Homem,WPerformance
Italo Cunha,Homem,Leandro P. de Aguiar,Homem,WPerformance
Antonio A. F. Loureiro,Homem,Fabrício A. Silva,Homem,CTD
Antônio Alberti,Homem,Karine Costa,Mulher,SBCUP
Antônio Alberti,Homem,Tibério Rezende,Homem,SBCUP
Antônio Alberti,Homem,Victor D'Ávila,Homem,SBCUP
Karine Costa,Mulher,Tibério Rezende,Homem,SBCUP
Karine Costa,Mulher,Victor D'Ávila,Homem,SBCUP
Tibério Rezende,Homem,Victor D'Ávila,Homem,SBCUP
Cíntia Mercês Souza,Mulher,Débora Abdalla Santos,Mulher,WEI
Cíntia Mercês Souza,Mulher,Juliana M. Oliveira dos Santos,Mulher,WEI
Cíntia Mercês Souza,Mulher,Pietro Matheus Bompet Fontoura Alves,Homem,WEI
Cíntia Mercês Souza,Mulher,Taiala Almeida Santos,Mulher,WEI
Débora Abdalla Santos,Mulher,Juliana M. Oliveira dos Santos,Mulher,WEI
Débora Abdalla Santos,Mulher,Pietro Matheus Bompet Fontoura Alves,Homem,WEI
Débora Abdalla Santos,Mulher,Taiala Almeida Santos,Mulher,WEI
Juliana M. Oliveira dos Santos,Mulher,Pietro Matheus Bompet Fontoura Alves,Homem,WEI
Juliana M. Oliveira dos Santos,Mulher,Taiala Almeida Santos,Mulher,WEI
Pietro Matheus Bompet Fontoura Alves,Homem,Taiala Almeida Santos,Mulher,WEI
Erickson R. Nascimento,Homem,Mario F. M. Campos,Homem,CTD
Erickson R. Nascimento,Homem,Paulo L. J. Drews-Jr,Homem,CTD
Mario F. M. Campos,Homem,Paulo L. J. Drews-Jr,Homem,CTD
Gabriel Oliveira Ferreira,Homem,Luís Filipe Pereira Silva,Homem,SEMISH
Allan M. de Souza,Homem,Leandro A. Villas,Homem,CTD
Icaro Meneses F. de Santana,Homem,Leila Buarque C. de Matos,Mulher,ENCompIF
Icaro Meneses F. de Santana,Homem,Nara Strappa F. Doria,Mulher,ENCompIF
Icaro Meneses F. de Santana,Homem,Paulo Henrique R. de Souza,Homem,ENCompIF
Icaro Meneses F. de Santana,Homem,Welerson Augusto L. de Jesus Melo,Homem,ENCompIF
Leila Buarque C. de Matos,Mulher,Nara Strappa F. Doria,Mulher,ENCompIF
Leila Buarque C. de Matos,Mulher,Paulo Henrique R. de Souza,Homem,ENCompIF
Leila Buarque C. de Matos,Mulher,Welerson Augusto L. de Jesus Melo,Homem,ENCompIF
Nara Strappa F. Doria,Mulher,Paulo Henrique R. de Souza,Homem,ENCompIF
Nara Strappa F. Doria,Mulher,Welerson Augusto L. de Jesus Melo,Homem,ENCompIF
Paulo Henrique R. de Souza,Homem,Welerson Augusto L. de Jesus Melo,Homem,ENCompIF
Ilo A. S. Rivero,Homem,Pedro E. Santos,Homem,SBCUP
Ilo A. S. Rivero,Homem,Raquel A. F. Mini,Mulher,SBCUP
Pedro E. Santos,Homem,Raquel A. F. Mini,Mulher,SBCUP
Heitor S. Ramos,Homem,Stênio Flávio de Lacerda Fernandes,Homem,SBCUP
Heitor S. Ramos,Homem,Thiago Montenegro Uchôa,Homem,SBCUP
Stênio Flávio de Lacerda Fernandes,Homem,Thiago Montenegro Uchôa,Homem,SBCUP
Romulo Oliveira,Homem,Vitor Ponciano,Homem,ETC
Antonio Carlos Raposo,Homem,Carlos de Salles Soares Neto,Homem,WEI
Antonio Carlos Raposo,Homem,Dilson José Lins Rabêlo Júnior,Homem,WEI
Antonio Carlos Raposo,Homem,Luis Alves dos Santos Neto,Homem,WEI
Carlos de Salles Soares Neto,Homem,Dilson José Lins Rabêlo Júnior,Homem,WEI
Carlos de Salles Soares Neto,Homem,Luis Alves dos Santos Neto,Homem,WEI
Dilson José Lins Rabêlo Júnior,Homem,Luis Alves dos Santos Neto,Homem,WEI
Fernanda Pires,Mulher,Luiz Alencar,Homem,WEI
Fernanda Pires,Mulher,Marcela Pessoa,Mulher,WEI
Luiz Alencar,Homem,Marcela Pessoa,Mulher,WEI
Ligia Cristina Battezzati,Mulher,Mateus Santos,Homem,WIT
Ligia Cristina Battezzati,Mulher,Matheus Mattos de Almeida Cruz,Homem,WIT
Ligia Cristina Battezzati,Mulher,Rita C. G. Berardi,Mulher,WIT
Ligia Cristina Battezzati,Mulher,Sílvia Amélia Bim,Mulher,WIT
Mateus Santos,Homem,Matheus Mattos de Almeida Cruz,Homem,WIT
Mateus Santos,Homem,Rita C. G. Berardi,Mulher,WIT
Mateus Santos,Homem,Sílvia Amélia Bim,Mulher,WIT
Matheus Mattos de Almeida Cruz,Homem,Rita C. G. Berardi,Mulher,WIT
Matheus Mattos de Almeida Cruz,Homem,Sílvia Amélia Bim,Mulher,WIT
Rita C. G. Berardi,Mulher,Sílvia Amélia Bim,Mulher,WIT
Ana Luísa V. Solórzano,Mulher,Andrea S. Charão,Mulher,WEI
Ana Luísa V. Solórzano,Mulher,Rafael G. Trindade,Homem,WEI
Andrea S. Charão,Mulher,Rafael G. Trindade,Homem,WEI
Débora Juliane Guerra Marques da Silva,Mulher,Graziela Ferreira Guarda,Mulher,WEI
Débora Juliane Guerra Marques da Silva,Mulher,Ione Ferrarini Goulart,Mulher,WEI
Graziela Ferreira Guarda,Mulher,Ione Ferrarini Goulart,Mulher,WEI
Alexandre Rocha,Homem,Denis Rosário,Homem,SBCUP
Alexandre Rocha,Homem,Francisco da Ponte,Homem,SBCUP
Alexandre Rocha,Homem,Gabriel Galdino,Homem,SBCUP
Alexandre Rocha,Homem,Joaquim Celestino Jr,Homem,SBCUP
Alexandre Rocha,Homem,Rafael Gomes,Homem,SBCUP
Denis Rosário,Homem,Francisco da Ponte,Homem,SBCUP
Denis Rosário,Homem,Gabriel Galdino,Homem,SBCUP
Denis Rosário,Homem,Joaquim Celestino Jr,Homem,SBCUP
Denis Rosário,Homem,Rafael Gomes,Homem,SBCUP
Francisco da Ponte,Homem,Gabriel Galdino,Homem,SBCUP
Francisco da Ponte,Homem,Joaquim Celestino Jr,Homem,SBCUP
Francisco da Ponte,Homem,Rafael Gomes,Homem,SBCUP
Gabriel Galdino,Homem,Joaquim Celestino Jr,Homem,SBCUP
Gabriel Galdino,Homem,Rafael Gomes,Homem,SBCUP
Joaquim Celestino Jr,Homem,Rafael Gomes,Homem,SBCUP
Fabíola Nakamura,Mulher,Ludymila Lobo,Mulher,WIT
Fabíola Nakamura,Mulher,Rosiane Freitas,Mulher,WIT
Fabíola Nakamura,Mulher,Tanara Lauschner,Mulher,WIT
Ludymila Lobo,Mulher,Rosiane Freitas,Mulher,WIT
Ludymila Lobo,Mulher,Tanara Lauschner,Mulher,WIT
Rosiane Freitas,Mulher,Tanara Lauschner,Mulher,WIT
Ana Carolina Marcelino,Mulher,Antony B. Turra,Homem,WIT
Ana Carolina Marcelino,Mulher,Eliane Pozzebon,Mulher,WIT
Ana Carolina Marcelino,Mulher,Kaleandra C. Almeida,Mulher,WIT
Ana Carolina Marcelino,Mulher,Luciana B. Frigo,Mulher,WIT
Antony B. Turra,Homem,Eliane Pozzebon,Mulher,WIT
Antony B. Turra,Homem,Kaleandra C. Almeida,Mulher,WIT
Antony B. Turra,Homem,Luciana B. Frigo,Mulher,WIT
Eliane Pozzebon,Mulher,Kaleandra C. Almeida,Mulher,WIT
Eliane Pozzebon,Mulher,Luciana B. Frigo,Mulher,WIT
Kaleandra C. Almeida,Mulher,Luciana B. Frigo,Mulher,WIT
Danilo Melo,Homem,Fernando Mourão,Homem,CTIC
Danilo Melo,Homem,Guilherme Andrade,Homem,CTIC
Danilo Melo,Homem,Leonardo Rocha,Homem,CTIC
Danilo Melo,Homem,Sávyo Toledo,Homem,CTIC
Fernando Mourão,Homem,Guilherme Andrade,Homem,CTIC
Fernando Mourão,Homem,Leonardo Rocha,Homem,CTIC
Fernando Mourão,Homem,Sávyo Toledo,Homem,CTIC
Guilherme Andrade,Homem,Leonardo Rocha,Homem,CTIC
Guilherme Andrade,Homem,Sávyo Toledo,Homem,CTIC
Leonardo Rocha,Homem,Sávyo Toledo,Homem,CTIC
Cristiano André da Costa,Homem,Lucas Pfeiffer Salomão Dias,Homem,SBCUP
Cristiano André da Costa,Homem,Rodrigo da Rosa Righi,Homem,SBCUP
Cristiano André da Costa,Homem,Thiago Roberto Lima Lopes,Homem,SBCUP
Lucas Pfeiffer Salomão Dias,Homem,Rodrigo da Rosa Righi,Homem,SBCUP
Lucas Pfeiffer Salomão Dias,Homem,Thiago Roberto Lima Lopes,Homem,SBCUP
Rodrigo da Rosa Righi,Homem,Thiago Roberto Lima Lopes,Homem,SBCUP
Andre Aquino,Homem,Israel Vasconcelos,Homem,CTIC
Arison Heltami Rodrigues Uchoa,Homem,Emanuel Coutinho,Homem,WASHES
Carolinne Roque e Faria,Mulher,Maurilio Martins Campano Júnior,Homem,SEMISH
Arthur Artoni,Homem,Bruno Oliveira,Homem,SEMISH
Fábio Botler,Homem,Luiz Hoffmann,Homem,ETC
Fábio Botler,Homem,Yoshiko Wakabayashi,Mulher,CTD
Alan Diêgo Aurélio Carneiro,Homem,Fábio Protti,Homem,ETC
Alan Diêgo Aurélio Carneiro,Homem,Uéverton S. Santos,Homem,ETC
Fábio Protti,Homem,Uéverton S. Santos,Homem,ETC
Carina T. de Oliveira,Mulher,Jarina M. P. Marinho,Mulher,WIT
Carina T. de Oliveira,Mulher,Márcia de N. Viana,Mulher,WIT
Carina T. de Oliveira,Mulher,Reinaldo B. Braga,Homem,WIT
Carina T. de Oliveira,Mulher,Rhayane S. Monteiro,Mulher,WIT
Jarina M. P. Marinho,Mulher,Márcia de N. Viana,Mulher,WIT
Jarina M. P. Marinho,Mulher,Reinaldo B. Braga,Homem,WIT
Jarina M. P. Marinho,Mulher,Rhayane S. Monteiro,Mulher,WIT
Márcia de N. Viana,Mulher,Reinaldo B. Braga,Homem,WIT
Márcia de N. Viana,Mulher,Rhayane S. Monteiro,Mulher,WIT
Reinaldo B. Braga,Homem,Rhayane S. Monteiro,Mulher,WIT
Marcos Augusto Francisco Borges,Homem,Poliana Vitti,Mulher,WEI
Daniel S. A. Araújo,Homem,Gustavo Girão,Homem,WEI
Daniel S. A. Araújo,Homem,Jair Leite,Homem,WEI
Gustavo Girão,Homem,Jair Leite,Homem,WEI
Lúcia Maria Martins Giraffa,Mulher,Patricia Cabral de Azevedo Restelli Tedesco,Mulher,WEI
Lúcia Maria Martins Giraffa,Mulher,Viviane Cristina Oliveira Aureliano,Mulher,WEI
Patricia Cabral de Azevedo Restelli Tedesco,Mulher,Viviane Cristina Oliveira Aureliano,Mulher,WEI
Ana Teresa Martins,Mulher,Thiago Alves Rocha,Homem,ETC
Amanda C. Pereira,Mulher,Matheus E. Franco,Homem,ENCompIF
Caroline P. Castro,Mulher,Cleon X. Pereira Júnior,Homem,ENCompIF
Caroline P. Castro,Mulher,Geovanna S. Santos,Mulher,ENCompIF
Caroline P. Castro,Mulher,Thaís A. Aires,Mulher,ENCompIF
Caroline P. Castro,Mulher,Zara Hoffmann,Mulher,ENCompIF
Cleon X. Pereira Júnior,Homem,Geovanna S. Santos,Mulher,ENCompIF
Cleon X. Pereira Júnior,Homem,Thaís A. Aires,Mulher,ENCompIF
Cleon X. Pereira Júnior,Homem,Zara Hoffmann,Mulher,ENCompIF
Geovanna S. Santos,Mulher,Thaís A. Aires,Mulher,ENCompIF
Geovanna S. Santos,Mulher,Zara Hoffmann,Mulher,ENCompIF
Thaís A. Aires,Mulher,Zara Hoffmann,Mulher,ENCompIF
Emmerson Silva,Homem,Jucimar Souza,Homem,ENCompIF
Emmerson Silva,Homem,Leonardo Vieira,Homem,ENCompIF
Jucimar Souza,Homem,Leonardo Vieira,Homem,ENCompIF
Francisco Almeida,Homem,Marcos Nunes,Homem,ENCompIF
Daniel Figueiredo,Homem,Giulio Iacobelli,Homem,WPerformance
Daniel Figueiredo,Homem,Pedro Freitas,Homem,WPerformance
Daniel Figueiredo,Homem,Victor Cardoso,Homem,WPerformance
Giulio Iacobelli,Homem,Pedro Freitas,Homem,WPerformance
Giulio Iacobelli,Homem,Victor Cardoso,Homem,WPerformance
Pedro Freitas,Homem,Victor Cardoso,Homem,WPerformance
Cleber Fernando Serafin,Homem,Felipe José Rezende de Carvalho,Homem,ENCompIF
Cleber Fernando Serafin,Homem,João Vitor Zarth,Homem,ENCompIF
Cleber Fernando Serafin,Homem,Marcos Fernando Schmitt,Homem,ENCompIF
Felipe José Rezende de Carvalho,Homem,João Vitor Zarth,Homem,ENCompIF
Felipe José Rezende de Carvalho,Homem,Marcos Fernando Schmitt,Homem,ENCompIF
João Vitor Zarth,Homem,Marcos Fernando Schmitt,Homem,ENCompIF
Claiton Correa,Homem,Daila Rita Becker Nunes,Mulher,ENCompIF
Claiton Correa,Homem,Luciéli Tolfo Beque Guerra,Mulher,ENCompIF
Daila Rita Becker Nunes,Mulher,Luciéli Tolfo Beque Guerra,Mulher,ENCompIF
Anna Beatriz Marques,Mulher,Lauana Maria C. de Oliveira,Mulher,WIT
Christian Esteve Rothenberg,Homem,Fabricio E. Rodriguez Cesen,Homem,WPerformance
Geovanna Evelyn Taype Espinoza,Mulher,Maria Cecilia Calani Baranauskas,Mulher,SEMISH
Aline Sousa,Mulher,Natasha Valentim,Mulher,WASHES
Ethan T. McGee,Homem,John D. McGregor,Homem,WASHES
Ethan T. McGee,Homem,Laine Mears,Mulher,WASHES
Ethan T. McGee,Homem,Matthew Krugh,Homem,WASHES
John D. McGregor,Homem,Laine Mears,Mulher,WASHES
John D. McGregor,Homem,Matthew Krugh,Homem,WASHES
Laine Mears,Mulher,Matthew Krugh,Homem,WASHES
Fernando Mourão,Homem,Leonardo Rocha,Homem,CTIC
Fernando Mourão,Homem,Nícollas Silva,Homem,CTIC
Leonardo Rocha,Homem,Nícollas Silva,Homem,CTIC
Adrisson Rodrigues,Homem,João Marcos Cavalcanti,Homem,SEMISH
Adrisson Rodrigues,Homem,Marcela Pessoa,Mulher,SEMISH
Adrisson Rodrigues,Homem,Robson Melo,Homem,SEMISH
Adrisson Rodrigues,Homem,Sergio Cleger,Homem,SEMISH
João Marcos Cavalcanti,Homem,Marcela Pessoa,Mulher,SEMISH
João Marcos Cavalcanti,Homem,Robson Melo,Homem,SEMISH
João Marcos Cavalcanti,Homem,Sergio Cleger,Homem,SEMISH
Marcela Pessoa,Mulher,Robson Melo,Homem,SEMISH
Marcela Pessoa,Mulher,Sergio Cleger,Homem,SEMISH
Robson Melo,Homem,Sergio Cleger,Homem,SEMISH
Arnaud Legrand,Homem,Lucas Mello Schnorr,Homem,WPerformance
Arnaud Legrand,Homem,Luka Stanisic,Homem,WPerformance
Arnaud Legrand,Homem,Samuel Thibault,Homem,WPerformance
Arnaud Legrand,Homem,Vincent Danjean,Homem,WPerformance
Arnaud Legrand,Homem,Vinicius Garcia Pinto,Homem,WPerformance
Lucas Mello Schnorr,Homem,Luka Stanisic,Homem,WPerformance
Lucas Mello Schnorr,Homem,Samuel Thibault,Homem,WPerformance
Lucas Mello Schnorr,Homem,Vincent Danjean,Homem,WPerformance
Lucas Mello Schnorr,Homem,Vinicius Garcia Pinto,Homem,WPerformance
Luka Stanisic,Homem,Samuel Thibault,Homem,WPerformance
Luka Stanisic,Homem,Vincent Danjean,Homem,WPerformance
Luka Stanisic,Homem,Vinicius Garcia Pinto,Homem,WPerformance
Samuel Thibault,Homem,Vincent Danjean,Homem,WPerformance
Samuel Thibault,Homem,Vinicius Garcia Pinto,Homem,WPerformance
Vincent Danjean,Homem,Vinicius Garcia Pinto,Homem,WPerformance
Fabiola G. Nakamura,Mulher,Victoria P. S. Aires,Mulher,CTIC
Eduardo F. Nakamura,Homem,Juan G. Colonna,Homem,CTIC
Eduardo F. Nakamura,Homem,Waldomiro J. G. Seabra,Homem,CTIC
Juan G. Colonna,Homem,Waldomiro J. G. Seabra,Homem,CTIC
Fernanda Pires,Mulher,Karolayne Teixeira,Mulher,WEI
Fernanda Pires,Mulher,Marcela Pessoa,Mulher,WEI
Karolayne Teixeira,Mulher,Marcela Pessoa,Mulher,WEI
Helio Pedrini,Homem,Marcos Roberto e Souza,Homem,CTD
Cabral Lima,Homem,Daniel Menasch,Homem,WPerformance
Cabral Lima,Homem,Italo Cunha,Homem,WPerformance
Cabral Lima,Homem,Leandro P. de Aguiar,Homem,WPerformance
Daniel Menasch,Homem,Italo Cunha,Homem,WPerformance
Daniel Menasch,Homem,Leandro P. de Aguiar,Homem,WPerformance
Italo Cunha,Homem,Leandro P. de Aguiar,Homem,WPerformance
Alex Borges,Homem,Daniel S. Menasché,Homem,WPerformance
Alex Borges,Homem,Eduardo Ferreira,Homem,WPerformance
Alex Borges,Homem,Helder Luiz,Homem,WPerformance
Alex Borges,Homem,Saulo Ricci,Homem,WPerformance
Daniel S. Menasché,Homem,Eduardo Ferreira,Homem,WPerformance
Daniel S. Menasché,Homem,Helder Luiz,Homem,WPerformance
Daniel S. Menasché,Homem,Saulo Ricci,Homem,WPerformance
Eduardo Ferreira,Homem,Helder Luiz,Homem,WPerformance
Eduardo Ferreira,Homem,Saulo Ricci,Homem,WPerformance
Helder Luiz,Homem,Saulo Ricci,Homem,WPerformance
Renato Eubank de Almeida,Homem,Rodrigo Gabriel Galeano da Silva,Homem,ENCompIF
Cristiano Maciel,Homem,Karen Ribeiro,Mulher,WIT
Camille Braga,Mulher,Carla Leitão,Mulher,WIT
Camille Braga,Mulher,Gabriela Hecksher,Mulher,WIT
Camille Braga,Mulher,Karina Mochetti,Mulher,WIT
Camille Braga,Mulher,Kayalla Pontes,Mulher,WIT
Camille Braga,Mulher,Luciana Salgado,Mulher,WIT
Camille Braga,Mulher,Raquel Bravo,Mulher,WIT
Carla Leitão,Mulher,Gabriela Hecksher,Mulher,WIT
Carla Leitão,Mulher,Karina Mochetti,Mulher,WIT
Carla Leitão,Mulher,Kayalla Pontes,Mulher,WIT
Carla Leitão,Mulher,Luciana Salgado,Mulher,WIT
Carla Leitão,Mulher,Raquel Bravo,Mulher,WIT
Gabriela Hecksher,Mulher,Karina Mochetti,Mulher,WIT
Gabriela Hecksher,Mulher,Kayalla Pontes,Mulher,WIT
Gabriela Hecksher,Mulher,Luciana Salgado,Mulher,WIT
Gabriela Hecksher,Mulher,Raquel Bravo,Mulher,WIT
Karina Mochetti,Mulher,Kayalla Pontes,Mulher,WIT
Karina Mochetti,Mulher,Luciana Salgado,Mulher,WIT
Karina Mochetti,Mulher,Raquel Bravo,Mulher,WIT
Kayalla Pontes,Mulher,Luciana Salgado,Mulher,WIT
Kayalla Pontes,Mulher,Raquel Bravo,Mulher,WIT
Luciana Salgado,Mulher,Raquel Bravo,Mulher,WIT
Diego P. Rubert,Homem,Fábio H. V. Martinez,Homem,CTD
Diego P. Rubert,Homem,Jens Stoye,Homem,CTD
Fábio H. V. Martinez,Homem,Jens Stoye,Homem,CTD
Luiz A. Pellison,Homem,Luiz E. Merkle,Homem,WIT
Luiz A. Pellison,Homem,Maria Cláudia F. P. Emer,Mulher,WIT
Luiz A. Pellison,Homem,Mariângela O. G. Setti,Mulher,WIT
Luiz A. Pellison,Homem,Marília A. Amaral,Mulher,WIT
Luiz A. Pellison,Homem,Nádia P. Kozievitch,Mulher,WIT
Luiz A. Pellison,Homem,Sílvia Amélia Bim,Mulher,WIT
Luiz E. Merkle,Homem,Maria Cláudia F. P. Emer,Mulher,WIT
Luiz E. Merkle,Homem,Mariângela O. G. Setti,Mulher,WIT
Luiz E. Merkle,Homem,Marília A. Amaral,Mulher,WIT
Luiz E. Merkle,Homem,Nádia P. Kozievitch,Mulher,WIT
Luiz E. Merkle,Homem,Sílvia Amélia Bim,Mulher,WIT
Maria Cláudia F. P. Emer,Mulher,Mariângela O. G. Setti,Mulher,WIT
Maria Cláudia F. P. Emer,Mulher,Marília A. Amaral,Mulher,WIT
Maria Cláudia F. P. Emer,Mulher,Nádia P. Kozievitch,Mulher,WIT
Maria Cláudia F. P. Emer,Mulher,Sílvia Amélia Bim,Mulher,WIT
Mariângela O. G. Setti,Mulher,Marília A. Amaral,Mulher,WIT
Mariângela O. G. Setti,Mulher,Nádia P. Kozievitch,Mulher,WIT
Mariângela O. G. Setti,Mulher,Sílvia Amélia Bim,Mulher,WIT
Marília A. Amaral,Mulher,Nádia P. Kozievitch,Mulher,WIT
Marília A. Amaral,Mulher,Sílvia Amélia Bim,Mulher,WIT
Nádia P. Kozievitch,Mulher,Sílvia Amélia Bim,Mulher,WIT
André G. Pereira,Homem,Augusto B. Corrêa,Homem,CTIC
André G. Pereira,Homem,Marcus Ritt,Homem,CTIC
Augusto B. Corrêa,Homem,Marcus Ritt,Homem,CTIC
Fábio Protti,Homem,Rodrigo Lamblet Mafort,Homem,ETC
Fábio Ferrentini Sampaio,Homem,Rubens Lacerda Queiroz,Homem,WEI
Adenauer Yamin,Homem,Amanda Argou,Mulher,SBCUP
Adenauer Yamin,Homem,Ana Pernas,Mulher,SBCUP
Adenauer Yamin,Homem,Renata Reiser,Mulher,SBCUP
Adenauer Yamin,Homem,Renato Dilli,Homem,SBCUP
Amanda Argou,Mulher,Ana Pernas,Mulher,SBCUP
Amanda Argou,Mulher,Renata Reiser,Mulher,SBCUP
Amanda Argou,Mulher,Renato Dilli,Homem,SBCUP
Ana Pernas,Mulher,Renata Reiser,Mulher,SBCUP
Ana Pernas,Mulher,Renato Dilli,Homem,SBCUP
Renata Reiser,Mulher,Renato Dilli,Homem,SBCUP
Adenauer C. Yamin,Homem,Ana Marilza Pernas,Mulher,SBCUP
Adenauer C. Yamin,Homem,Diórgenes Y. L. da Rosa,Homem,SBCUP
Adenauer C. Yamin,Homem,Ricardo Almeida,Homem,SBCUP
Adenauer C. Yamin,Homem,Roger S. Machado,Homem,SBCUP
Ana Marilza Pernas,Mulher,Diórgenes Y. L. da Rosa,Homem,SBCUP
Ana Marilza Pernas,Mulher,Ricardo Almeida,Homem,SBCUP
Ana Marilza Pernas,Mulher,Roger S. Machado,Homem,SBCUP
Diórgenes Y. L. da Rosa,Homem,Ricardo Almeida,Homem,SBCUP
Diórgenes Y. L. da Rosa,Homem,Roger S. Machado,Homem,SBCUP
Ricardo Almeida,Homem,Roger S. Machado,Homem,SBCUP
Ana Santos,Mulher,Elaine Oliveira,Mulher,WEI
Ana Santos,Mulher,Fabíola Nakamura,Mulher,WEI
Ana Santos,Mulher,Leandro Carvalho,Homem,WEI
Elaine Oliveira,Mulher,Fabíola Nakamura,Mulher,WEI
Elaine Oliveira,Mulher,Leandro Carvalho,Homem,WEI
Fabíola Nakamura,Mulher,Leandro Carvalho,Homem,WEI
André Luiz P. Guedes,Homem,Leandro M. Zatesko,Homem,ETC
André Luiz P. Guedes,Homem,Renato Carmo,Homem,ETC
Leandro M. Zatesko,Homem,Renato Carmo,Homem,ETC
Fabrício Pinto,Homem,Paulo Silva,Homem,WEI
Calebe Conceição,Homem,Carla Aquino,Mulher,ENCompIF
Calebe Conceição,Homem,Glederson Santos,Homem,ENCompIF
Calebe Conceição,Homem,Pedro Mietliki,Homem,ENCompIF
Carla Aquino,Mulher,Glederson Santos,Homem,ENCompIF
Carla Aquino,Mulher,Pedro Mietliki,Homem,ENCompIF
Glederson Santos,Homem,Pedro Mietliki,Homem,ENCompIF
Antônio Pinto,Homem,Ednara Pereira,Mulher,WEI
Antônio Pinto,Homem,Fernando Leite,Homem,WEI
Antônio Pinto,Homem,Gabriel Cardoso,Homem,WEI
Antônio Pinto,Homem,Geraldo Braz Júnior,Homem,WEI
Antônio Pinto,Homem,Igor Estrela,Homem,WEI
Antônio Pinto,Homem,Luis Rivero,Homem,WEI
Ednara Pereira,Mulher,Fernando Leite,Homem,WEI
Ednara Pereira,Mulher,Gabriel Cardoso,Homem,WEI
Ednara Pereira,Mulher,Geraldo Braz Júnior,Homem,WEI
Ednara Pereira,Mulher,Igor Estrela,Homem,WEI
Ednara Pereira,Mulher,Luis Rivero,Homem,WEI
Fernando Leite,Homem,Gabriel Cardoso,Homem,WEI
Fernando Leite,Homem,Geraldo Braz Júnior,Homem,WEI
Fernando Leite,Homem,Igor Estrela,Homem,WEI
Fernando Leite,Homem,Luis Rivero,Homem,WEI
Gabriel Cardoso,Homem,Geraldo Braz Júnior,Homem,WEI
Gabriel Cardoso,Homem,Igor Estrela,Homem,WEI
Gabriel Cardoso,Homem,Luis Rivero,Homem,WEI
Geraldo Braz Júnior,Homem,Igor Estrela,Homem,WEI
Geraldo Braz Júnior,Homem,Luis Rivero,Homem,WEI
Igor Estrela,Homem,Luis Rivero,Homem,WEI
Eduardo S. L. Gastal,Homem,Manuel M. Oliveira,Homem,CTD
Bruno Masquio,Homem,Jayme L. Szwarcfiter,Homem,ETC
Bruno Masquio,Homem,Paulo Pinto,Homem,ETC
Jayme L. Szwarcfiter,Homem,Paulo Pinto,Homem,ETC
Bianca Carvalho de Oliveira,Mulher,Eliane Nascimento Pereira,Mulher,WIT
Bianca Carvalho de Oliveira,Mulher,Gabriela Marim de Souza,Mulher,WIT
Bianca Carvalho de Oliveira,Mulher,Letícia Torres,Mulher,WIT
Eliane Nascimento Pereira,Mulher,Gabriela Marim de Souza,Mulher,WIT
Eliane Nascimento Pereira,Mulher,Letícia Torres,Mulher,WIT
Gabriela Marim de Souza,Mulher,Letícia Torres,Mulher,WIT
Denis Rosário,Homem,Eduardo Cerqueira,Homem,SBCUP
Denis Rosário,Homem,Felipe Araújo,Homem,SBCUP
Denis Rosário,Homem,Geam Pfeiff,Homem,SBCUP
Denis Rosário,Homem,Helder Oliveira,Homem,SBCUP
Eduardo Cerqueira,Homem,Felipe Araújo,Homem,SBCUP
Eduardo Cerqueira,Homem,Geam Pfeiff,Homem,SBCUP
Eduardo Cerqueira,Homem,Helder Oliveira,Homem,SBCUP
Felipe Araújo,Homem,Geam Pfeiff,Homem,SBCUP
Felipe Araújo,Homem,Helder Oliveira,Homem,SBCUP
Geam Pfeiff,Homem,Helder Oliveira,Homem,SBCUP
Gracieli Posser,Mulher,Ricardo Reis,Homem,CTD
Benediel Gonçalves,Homem,Carlos Portela,Homem,WEI
Benediel Gonçalves,Homem,Elison Nascimento,Homem,WEI
Benediel Gonçalves,Homem,Enio Monteiro,Homem,WEI
Benediel Gonçalves,Homem,Sandra Oliveira,Homem,WEI
Carlos Portela,Homem,Elison Nascimento,Homem,WEI
Carlos Portela,Homem,Enio Monteiro,Homem,WEI
Carlos Portela,Homem,Sandra Oliveira,Homem,WEI
Elison Nascimento,Homem,Enio Monteiro,Homem,WEI
Elison Nascimento,Homem,Sandra Oliveira,Homem,WEI
Enio Monteiro,Homem,Sandra Oliveira,Homem,WEI
Emmerson Silva,Homem,Marcia Martins,Mulher,ENCompIF
Emmerson Silva,Homem,Miguel Oliveira,Homem,ENCompIF
Marcia Martins,Mulher,Miguel Oliveira,Homem,ENCompIF
Carlos Maurício Seródio Figueiredo,Homem,Luiz Carlos Silva de Araújo Filho,Homem,SBCUP
Ivan Machado,Homem,Joselito Mota Júnior,Homem,CTIC
Eliane Pozzebon,Mulher,Joice P. Cardoso,Mulher,WIT
Eliane Pozzebon,Mulher,Laís Dalle Mulle,Mulher,WIT
Eliane Pozzebon,Mulher,Luciana B. Frigo,Mulher,WIT
Joice P. Cardoso,Mulher,Laís Dalle Mulle,Mulher,WIT
Joice P. Cardoso,Mulher,Luciana B. Frigo,Mulher,WIT
Laís Dalle Mulle,Mulher,Luciana B. Frigo,Mulher,WIT
Giuliano Viana de Alkmim,Homem,Rosemary Dore Heijmans,Mulher,WEI
Carlos Gomes,Homem,Eduardo Tavares,Homem,WPerformance
Nelson L. S. da Fonseca,Homem,Rodrigo A. C. da Silva,Homem,CTD
Felipe A. Louza,Homem,Guilherme P. Telles,Homem,CTD
Felipe A. Louza,Homem,Simon Gog,Homem,CTD
Guilherme P. Telles,Homem,Simon Gog,Homem,CTD
Ariel Bentes,Homem,Ingrid Santos,Mulher,WIT
Ariel Bentes,Homem,Isabelly Oliveira,Mulher,WIT
Ariel Bentes,Homem,Karla Susiane Pereira,Mulher,WIT
Ariel Bentes,Homem,Larissa Pessoa,Mulher,WIT
Ariel Bentes,Homem,Rosiane Freitas,Mulher,WIT
Ariel Bentes,Homem,Tanara Lauschner,Mulher,WIT
Ingrid Santos,Mulher,Isabelly Oliveira,Mulher,WIT
Ingrid Santos,Mulher,Karla Susiane Pereira,Mulher,WIT
Ingrid Santos,Mulher,Larissa Pessoa,Mulher,WIT
Ingrid Santos,Mulher,Rosiane Freitas,Mulher,WIT
Ingrid Santos,Mulher,Tanara Lauschner,Mulher,WIT
Isabelly Oliveira,Mulher,Karla Susiane Pereira,Mulher,WIT
Isabelly Oliveira,Mulher,Larissa Pessoa,Mulher,WIT
Isabelly Oliveira,Mulher,Rosiane Freitas,Mulher,WIT
Isabelly Oliveira,Mulher,Tanara Lauschner,Mulher,WIT
Karla Susiane Pereira,Mulher,Larissa Pessoa,Mulher,WIT
Karla Susiane Pereira,Mulher,Rosiane Freitas,Mulher,WIT
Karla Susiane Pereira,Mulher,Tanara Lauschner,Mulher,WIT
Larissa Pessoa,Mulher,Rosiane Freitas,Mulher,WIT
Larissa Pessoa,Mulher,Tanara Lauschner,Mulher,WIT
Rosiane Freitas,Mulher,Tanara Lauschner,Mulher,WIT
Bruno F. Gadelha,Homem,David B. F. Oliveira,Homem,WEI
Bruno F. Gadelha,Homem,Elaine H. T. Oliveira,Mulher,WEI
Bruno F. Gadelha,Homem,Fabiola G. Nakamura,Mulher,WEI
Bruno F. Gadelha,Homem,Leandro S. G. Carvalho,Homem,WEI
David B. F. Oliveira,Homem,Elaine H. T. Oliveira,Mulher,WEI
David B. F. Oliveira,Homem,Fabiola G. Nakamura,Mulher,WEI
David B. F. Oliveira,Homem,Leandro S. G. Carvalho,Homem,WEI
Elaine H. T. Oliveira,Mulher,Fabiola G. Nakamura,Mulher,WEI
Elaine H. T. Oliveira,Mulher,Leandro S. G. Carvalho,Homem,WEI
Fabiola G. Nakamura,Mulher,Leandro S. G. Carvalho,Homem,WEI
Alessandra Luengo Latorre da Silva,Mulher,Danielle Juliana Silva Martins,Mulher,WEI
Alessandra Luengo Latorre da Silva,Mulher,Fábio Cristiano Souza Oliveira,Homem,WEI
Danielle Juliana Silva Martins,Mulher,Fábio Cristiano Souza Oliveira,Homem,WEI
Maria Márcia Bachion,Mulher,Rodrigo Cândido Borges,Homem,WEI
Anna C. C. M. de Oliveira,Mulher,Luiz C. F. Fernandez,Homem,ETC
Anna C. C. M. de Oliveira,Mulher,Mario R. F. Benevides,Homem,ETC
Luiz C. F. Fernandez,Homem,Mario R. F. Benevides,Homem,ETC
Bruno Monteiro,Homem,Vinicius F. dos Santos,Homem,ETC
Emmanoel M. Sousa Junior,Homem,Frederico Lopes,Homem,SEMISH
Alan Afif Helal,Homem,Fábio da Cunha Garcia,Homem,SEMISH
Alan Afif Helal,Homem,Gilberto Fonseca Barroso,Homem,SEMISH
Alan Afif Helal,Homem,Roberto Colistete Junior,Homem,SEMISH
Alan Afif Helal,Homem,Rodolfo da Silva Villaça,Homem,SEMISH
Fábio da Cunha Garcia,Homem,Gilberto Fonseca Barroso,Homem,SEMISH
Fábio da Cunha Garcia,Homem,Roberto Colistete Junior,Homem,SEMISH
Fábio da Cunha Garcia,Homem,Rodolfo da Silva Villaça,Homem,SEMISH
Gilberto Fonseca Barroso,Homem,Roberto Colistete Junior,Homem,SEMISH
Gilberto Fonseca Barroso,Homem,Rodolfo da Silva Villaça,Homem,SEMISH
Roberto Colistete Junior,Homem,Rodolfo da Silva Villaça,Homem,SEMISH
Celso Alberto Saibel Santos,Homem,Fábio Franco de Oliveira,Homem,SEMISH
Celso Alberto Saibel Santos,Homem,Roberto Colistete Junior,Homem,SEMISH
Celso Alberto Saibel Santos,Homem,Rodolfo da Silva Villaça,Homem,SEMISH
Fábio Franco de Oliveira,Homem,Roberto Colistete Junior,Homem,SEMISH
Fábio Franco de Oliveira,Homem,Rodolfo da Silva Villaça,Homem,SEMISH
Roberto Colistete Junior,Homem,Rodolfo da Silva Villaça,Homem,SEMISH
Denizar S. Souza,Homem,Rodrigo R. da Silva,Homem,ENCompIF
Denizar S. Souza,Homem,Thales V. Maciel,Homem,ENCompIF
Denizar S. Souza,Homem,Vinícius do N. Lampert,Homem,ENCompIF
Rodrigo R. da Silva,Homem,Thales V. Maciel,Homem,ENCompIF
Rodrigo R. da Silva,Homem,Vinícius do N. Lampert,Homem,ENCompIF
Thales V. Maciel,Homem,Vinícius do N. Lampert,Homem,ENCompIF
Carina Oliveira,Mulher,Jaciana B. da Silva,Mulher,WIT
Carina Oliveira,Mulher,Reinaldo B. Braga,Homem,WIT
Jaciana B. da Silva,Mulher,Reinaldo B. Braga,Homem,WIT
Fabiano de S. Oliveira,Homem,Juan P. A. Lopes,Homem,ETC
Fabiano de S. Oliveira,Homem,Paulo E. D. Pinto,Homem,ETC
Juan P. A. Lopes,Homem,Paulo E. D. Pinto,Homem,ETC
Djalma A. Lima Filho,Homem,José A. Suruagy Monteiro,Homem,WPerformance
André C. da Silva,Homem,Luis Otávio A. Nascimento,Homem,ENCompIF
André C. da Silva,Homem,Vinicius S. dos S. Silva,Homem,ENCompIF
Luis Otávio A. Nascimento,Homem,Vinicius S. dos S. Silva,Homem,ENCompIF
Anselmo L. Gomes,Homem,José Andersson S. da Silva,Homem,WEI
Anselmo L. Gomes,Homem,Sônia R. Fortes da Silva,Mulher,WEI
José Andersson S. da Silva,Homem,Sônia R. Fortes da Silva,Mulher,WEI
Alexandre L. Silva,Homem,Daniela Brauner,Mulher,WEI
Alexandre L. Silva,Homem,Pablo Margreff,Homem,WEI
Alexandre L. Silva,Homem,Tatiana Tavares,Mulher,WEI
Alexandre L. Silva,Homem,Vinicius Kruger da Costa,Homem,WEI
Daniela Brauner,Mulher,Pablo Margreff,Homem,WEI
Daniela Brauner,Mulher,Tatiana Tavares,Mulher,WEI
Daniela Brauner,Mulher,Vinicius Kruger da Costa,Homem,WEI
Pablo Margreff,Homem,Tatiana Tavares,Mulher,WEI
Pablo Margreff,Homem,Vinicius Kruger da Costa,Homem,WEI
Tatiana Tavares,Mulher,Vinicius Kruger da Costa,Homem,WEI
Marco Almada,Homem,Romis Attux,Homem,WASHES
Jean Luca Bez,Homem,Philippe O. A. Navaux,Homem,CTD
Carla M. D. S. Freitas,Mulher,Jorge A. Wagner Filho,Homem,CTD
Carla M. D. S. Freitas,Mulher,Luciana Nedel,Mulher,CTD
Jorge A. Wagner Filho,Homem,Luciana Nedel,Mulher,CTD
Aluizio Rocha,Homem,Arthur Souza,Homem,SBCUP
Aluizio Rocha,Homem,Dannylo Johnathan,Homem,SBCUP
Aluizio Rocha,Homem,Mário Melo,Homem,SBCUP
Aluizio Rocha,Homem,Rafael Queiroz,Homem,SBCUP
Arthur Souza,Homem,Dannylo Johnathan,Homem,SBCUP
Arthur Souza,Homem,Mário Melo,Homem,SBCUP
Arthur Souza,Homem,Rafael Queiroz,Homem,SBCUP
Dannylo Johnathan,Homem,Mário Melo,Homem,SBCUP
Dannylo Johnathan,Homem,Rafael Queiroz,Homem,SBCUP
Mário Melo,Homem,Rafael Queiroz,Homem,SBCUP
Alex Barradas Filho,Homem,Allan K. Barros,Homem,WEI
Alex Barradas Filho,Homem,Davi Viana,Homem,WEI
Alex Barradas Filho,Homem,João B. Bottentuit Junior,Homem,WEI
Alex Barradas Filho,Homem,Luis Rivero,Homem,WEI
Allan K. Barros,Homem,Davi Viana,Homem,WEI
Allan K. Barros,Homem,João B. Bottentuit Junior,Homem,WEI
Allan K. Barros,Homem,Luis Rivero,Homem,WEI
Davi Viana,Homem,João B. Bottentuit Junior,Homem,WEI
Davi Viana,Homem,Luis Rivero,Homem,WEI
João B. Bottentuit Junior,Homem,Luis Rivero,Homem,WEI
Felipe Furtado,Homem,Hermano P. de Moura,Homem,WASHES
Felipe Furtado,Homem,Ivaldir H. de Farias Junior,Homem,WASHES
Felipe Furtado,Homem,Nelson G. de Sá Leitão Junior,Homem,WASHES
Felipe Furtado,Homem,Rodrigo Santos,Homem,WASHES
Felipe Furtado,Homem,Sabrina Marczak,Mulher,WASHES
Hermano P. de Moura,Homem,Ivaldir H. de Farias Junior,Homem,WASHES
Hermano P. de Moura,Homem,Nelson G. de Sá Leitão Junior,Homem,WASHES
Hermano P. de Moura,Homem,Rodrigo Santos,Homem,WASHES
Hermano P. de Moura,Homem,Sabrina Marczak,Mulher,WASHES
Ivaldir H. de Farias Junior,Homem,Nelson G. de Sá Leitão Junior,Homem,WASHES
Ivaldir H. de Farias Junior,Homem,Rodrigo Santos,Homem,WASHES
Ivaldir H. de Farias Junior,Homem,Sabrina Marczak,Mulher,WASHES
Nelson G. de Sá Leitão Junior,Homem,Rodrigo Santos,Homem,WASHES
Nelson G. de Sá Leitão Junior,Homem,Sabrina Marczak,Mulher,WASHES
Rodrigo Santos,Homem,Sabrina Marczak,Mulher,WASHES
Anna Paula de A. Lande,Mulher,Elias Canhadas Gengivir,Homem,WASHES
Anna Paula de A. Lande,Mulher,Rebeca Teodoro da Silva,Mulher,WASHES
Elias Canhadas Gengivir,Homem,Rebeca Teodoro da Silva,Mulher,WASHES
Andre Aquino,Homem,Maurício Silva,Homem,SBCUP
Andre Aquino,Homem,Ricardo Oliveira,Homem,SBCUP
Maurício Silva,Homem,Ricardo Oliveira,Homem,SBCUP
Angelina S. da S. Sales,Mulher,Danielle R. D. Silva,Mulher,WIT
Angelina S. da S. Sales,Mulher,Luana S. Reis,Mulher,WIT
Danielle R. D. Silva,Mulher,Luana S. Reis,Mulher,WIT
Cristiano Galafassi,Homem,Eliseo Reategui,Homem,SEMISH
Cristiano Galafassi,Homem,Fabiane Galafassi,Mulher,SEMISH
Cristiano Galafassi,Homem,Rosa Vicari,Mulher,SEMISH
Eliseo Reategui,Homem,Fabiane Galafassi,Mulher,SEMISH
Eliseo Reategui,Homem,Rosa Vicari,Mulher,SEMISH
Fabiane Galafassi,Mulher,Rosa Vicari,Mulher,SEMISH
Daniel Xavier de Sousa,Homem,Marcos André Gonçalves,Homem,CTD
Adriano Ferreti Borgatto,Homem,Christiane Gresse von Wangenheim,Mulher,WEI
Adriano Ferreti Borgatto,Homem,Giani Petri,Mulher,WEI
Christiane Gresse von Wangenheim,Mulher,Giani Petri,Mulher,WEI
Alex B. Vieira,Homem,Artur Ziviani,Homem,WPerformance
Alex B. Vieira,Homem,Breno Machado,Homem,WPerformance
Alex B. Vieira,Homem,Italo Cunha,Homem,WPerformance
Artur Ziviani,Homem,Breno Machado,Homem,WPerformance
Artur Ziviani,Homem,Italo Cunha,Homem,WPerformance
Breno Machado,Homem,Italo Cunha,Homem,WPerformance
Fernanda S. H. de Souza,Mulher,Geraldo R. Mateus,Homem,CTD
Fernanda S. H. de Souza,Mulher,Samuel M. A. Araújo,Homem,CTD
Geraldo R. Mateus,Homem,Samuel M. A. Araújo,Homem,CTD
Mauro Roberto Costa da Silva,Homem,Rafael C. S. Schoeury,Homem,ETC
Mauro Roberto Costa da Silva,Homem,Welverton Rodrigues da Silva,Homem,ETC
Rafael C. S. Schoeury,Homem,Welverton Rodrigues da Silva,Homem,ETC
Artur Ziviani,Homem,Felipe S. Abrahão,Homem,ETC
Artur Ziviani,Homem,Klaus Wehmuth,Homem,ETC
Felipe S. Abrahão,Homem,Klaus Wehmuth,Homem,ETC
Artur Ziviani,Homem,Felipe S. Abrahão,Homem,ETC
Artur Ziviani,Homem,Klaus Wehmuth,Homem,ETC
Felipe S. Abrahão,Homem,Klaus Wehmuth,Homem,ETC
Ermeson Andrade,Homem,Gabriel Alves,Homem,WPerformance
Ermeson Andrade,Homem,Júlio Mendonça,Homem,WPerformance
Ermeson Andrade,Homem,Wilson Medeiros,Homem,WPerformance
Gabriel Alves,Homem,Júlio Mendonça,Homem,WPerformance
Gabriel Alves,Homem,Wilson Medeiros,Homem,WPerformance
Júlio Mendonça,Homem,Wilson Medeiros,Homem,WPerformance
Daniela Brauner,Mulher,Gabriel Nazar,Homem,WEI
Daniela Brauner,Mulher,Karina Moura,Mulher,WEI
Daniela Brauner,Mulher,Lisandro Zambenedetti Granville,Homem,WEI
Daniela Brauner,Mulher,Raquel Janissek-Muniz,Mulher,WEI
Daniela Brauner,Mulher,Sandro Fetter,Homem,WEI
Gabriel Nazar,Homem,Karina Moura,Mulher,WEI
Gabriel Nazar,Homem,Lisandro Zambenedetti Granville,Homem,WEI
Gabriel Nazar,Homem,Raquel Janissek-Muniz,Mulher,WEI
Gabriel Nazar,Homem,Sandro Fetter,Homem,WEI
Karina Moura,Mulher,Lisandro Zambenedetti Granville,Homem,WEI
Karina Moura,Mulher,Raquel Janissek-Muniz,Mulher,WEI
Karina Moura,Mulher,Sandro Fetter,Homem,WEI
Lisandro Zambenedetti Granville,Homem,Raquel Janissek-Muniz,Mulher,WEI
Lisandro Zambenedetti Granville,Homem,Sandro Fetter,Homem,WEI
Raquel Janissek-Muniz,Mulher,Sandro Fetter,Homem,WEI
Gian Flores,Homem,Jaline Mombach,Mulher,ENCompIF
Gian Flores,Homem,Rudieri Bauer,Homem,ENCompIF
Gian Flores,Homem,Ângelo Crestani,Homem,ENCompIF
Jaline Mombach,Mulher,Rudieri Bauer,Homem,ENCompIF
Jaline Mombach,Mulher,Ângelo Crestani,Homem,ENCompIF
Rudieri Bauer,Homem,Ângelo Crestani,Homem,ENCompIF
Leticia Fleig Dal Forno,Mulher,Regiane Macuch,Mulher,WEI
Leticia Fleig Dal Forno,Mulher,Rita C. G. Berardi,Mulher,WEI
Leticia Fleig Dal Forno,Mulher,Silvia A. Bim,Mulher,WEI
Regiane Macuch,Mulher,Rita C. G. Berardi,Mulher,WEI
Regiane Macuch,Mulher,Silvia A. Bim,Mulher,WEI
Rita C. G. Berardi,Mulher,Silvia A. Bim,Mulher,WEI
Ana Luísa V. Solórzano,Mulher,Andrea S. Charão,Mulher,WEI
Ana Luísa V. Solórzano,Mulher,Patrícia P. Barcelos,Mulher,WEI
Andrea S. Charão,Mulher,Patrícia P. Barcelos,Mulher,WEI
Alberto Alan Raiol,Homem,Ana Carina Lima,Mulher,WEI
Alberto Alan Raiol,Homem,Breno Sousa,Homem,WEI
Alberto Alan Raiol,Homem,Fábio Bezerra,Homem,WEI
Alberto Alan Raiol,Homem,João Sarges,Homem,WEI
Alberto Alan Raiol,Homem,Rafael Santos,Homem,WEI
Ana Carina Lima,Mulher,Breno Sousa,Homem,WEI
Ana Carina Lima,Mulher,Fábio Bezerra,Homem,WEI
Ana Carina Lima,Mulher,João Sarges,Homem,WEI
Ana Carina Lima,Mulher,Rafael Santos,Homem,WEI
Breno Sousa,Homem,Fábio Bezerra,Homem,WEI
Breno Sousa,Homem,João Sarges,Homem,WEI
Breno Sousa,Homem,Rafael Santos,Homem,WEI
Fábio Bezerra,Homem,João Sarges,Homem,WEI
Fábio Bezerra,Homem,Rafael Santos,Homem,WEI
João Sarges,Homem,Rafael Santos,Homem,WEI
Jonice Oliveira Sampaio,Mulher,Luan Soares Andrade,Homem,SEMISH
Jonice Oliveira Sampaio,Mulher,Sérgio Manuel Serra da Cruz,Homem,SEMISH
Luan Soares Andrade,Homem,Sérgio Manuel Serra da Cruz,Homem,SEMISH
Adenauer Yamin,Homem,Ana Pernas,Mulher,SBCUP
Adenauer Yamin,Homem,Diórgenes da Rosa,Homem,SBCUP
Adenauer Yamin,Homem,João Lopes,Homem,SBCUP
Adenauer Yamin,Homem,Ricardo Almeida,Homem,SBCUP
Adenauer Yamin,Homem,Roger Machado,Homem,SBCUP
Ana Pernas,Mulher,Diórgenes da Rosa,Homem,SBCUP
Ana Pernas,Mulher,João Lopes,Homem,SBCUP
Ana Pernas,Mulher,Ricardo Almeida,Homem,SBCUP
Ana Pernas,Mulher,Roger Machado,Homem,SBCUP
Diórgenes da Rosa,Homem,João Lopes,Homem,SBCUP
Diórgenes da Rosa,Homem,Ricardo Almeida,Homem,SBCUP
Diórgenes da Rosa,Homem,Roger Machado,Homem,SBCUP
João Lopes,Homem,Ricardo Almeida,Homem,SBCUP
João Lopes,Homem,Roger Machado,Homem,SBCUP
Ricardo Almeida,Homem,Roger Machado,Homem,SBCUP
Ana Carla Holanda,Mulher,André Calisto,Homem,WEI
Ana Carla Holanda,Mulher,Carla Silva,Mulher,WEI
Ana Carla Holanda,Mulher,Dorgival Netto,Homem,WEI
Ana Carla Holanda,Mulher,Fabio Q. B. Silva,Homem,WEI
Ana Carla Holanda,Mulher,Helena Cristina Bastos,Mulher,WEI
Ana Carla Holanda,Mulher,Jaelson Castro,Homem,WEI
Ana Carla Holanda,Mulher,Mayara Santos,Mulher,WEI
André Calisto,Homem,Carla Silva,Mulher,WEI
André Calisto,Homem,Dorgival Netto,Homem,WEI
André Calisto,Homem,Fabio Q. B. Silva,Homem,WEI
André Calisto,Homem,Helena Cristina Bastos,Mulher,WEI
André Calisto,Homem,Jaelson Castro,Homem,WEI
André Calisto,Homem,Mayara Santos,Mulher,WEI
Carla Silva,Mulher,Dorgival Netto,Homem,WEI
Carla Silva,Mulher,Fabio Q. B. Silva,Homem,WEI
Carla Silva,Mulher,Helena Cristina Bastos,Mulher,WEI
Carla Silva,Mulher,Jaelson Castro,Homem,WEI
Carla Silva,Mulher,Mayara Santos,Mulher,WEI
Dorgival Netto,Homem,Fabio Q. B. Silva,Homem,WEI
Dorgival Netto,Homem,Helena Cristina Bastos,Mulher,WEI
Dorgival Netto,Homem,Jaelson Castro,Homem,WEI
Dorgival Netto,Homem,Mayara Santos,Mulher,WEI
Fabio Q. B. Silva,Homem,Helena Cristina Bastos,Mulher,WEI
Fabio Q. B. Silva,Homem,Jaelson Castro,Homem,WEI
Fabio Q. B. Silva,Homem,Mayara Santos,Mulher,WEI
Helena Cristina Bastos,Mulher,Jaelson Castro,Homem,WEI
Helena Cristina Bastos,Mulher,Mayara Santos,Mulher,WEI
Jaelson Castro,Homem,Mayara Santos,Mulher,WEI
Cristina Paludo Santos,Mulher,Denilson Rodrigues da Silva,Homem,WIT
Cristina Paludo Santos,Mulher,Giana Ferreira,Mulher,WIT
Cristina Paludo Santos,Mulher,Maria Gisele Flores da Silveira,Mulher,WIT
Denilson Rodrigues da Silva,Homem,Giana Ferreira,Mulher,WIT
Denilson Rodrigues da Silva,Homem,Maria Gisele Flores da Silveira,Mulher,WIT
Giana Ferreira,Mulher,Maria Gisele Flores da Silveira,Mulher,WIT
Felipe Rocha,Homem,Pedro Paulo Balbi,Homem,SEMISH
Keiko V. O. Fonseca,Mulher,Luiz C. Gomes Jr.,Homem,SEMISH
Keiko V. O. Fonseca,Mulher,Marcelo O. Rosa,Homem,SEMISH
Keiko V. O. Fonseca,Mulher,Monika Abkar,Mulher,SEMISH
Keiko V. O. Fonseca,Mulher,Nádia P. Kozievitch,Mulher,SEMISH
Keiko V. O. Fonseca,Mulher,Tatiana M. C. Gadda,Mulher,SEMISH
Luiz C. Gomes Jr.,Homem,Marcelo O. Rosa,Homem,SEMISH
Luiz C. Gomes Jr.,Homem,Monika Abkar,Mulher,SEMISH
Luiz C. Gomes Jr.,Homem,Nádia P. Kozievitch,Mulher,SEMISH
Luiz C. Gomes Jr.,Homem,Tatiana M. C. Gadda,Mulher,SEMISH
Marcelo O. Rosa,Homem,Monika Abkar,Mulher,SEMISH
Marcelo O. Rosa,Homem,Nádia P. Kozievitch,Mulher,SEMISH
Marcelo O. Rosa,Homem,Tatiana M. C. Gadda,Mulher,SEMISH
Monika Abkar,Mulher,Nádia P. Kozievitch,Mulher,SEMISH
Monika Abkar,Mulher,Tatiana M. C. Gadda,Mulher,SEMISH
Nádia P. Kozievitch,Mulher,Tatiana M. C. Gadda,Mulher,SEMISH
Andrea S. Charão,Mulher,Fernando P. Barbosa,Homem,WEI
Andrea S. Charão,Mulher,Karina Wiechork,Mulher,WEI
Andrea S. Charão,Mulher,Marlon L. S. Rodrigues,Homem,WEI
Fernando P. Barbosa,Homem,Karina Wiechork,Mulher,WEI
Fernando P. Barbosa,Homem,Marlon L. S. Rodrigues,Homem,WEI
Karina Wiechork,Mulher,Marlon L. S. Rodrigues,Homem,WEI
Andrew L. Fontão,Homem,Arilo Claudio Dias-Neto,Homem,WASHES
Andrew L. Fontão,Homem,Bruno Araujo Bonifácio,Homem,WASHES
Andrew L. Fontão,Homem,Bruno Pedraça de Souza,Homem,WASHES
Andrew L. Fontão,Homem,Priscila Silva Fernandes,Mulher,WASHES
Arilo Claudio Dias-Neto,Homem,Bruno Araujo Bonifácio,Homem,WASHES
Arilo Claudio Dias-Neto,Homem,Bruno Pedraça de Souza,Homem,WASHES
Arilo Claudio Dias-Neto,Homem,Priscila Silva Fernandes,Mulher,WASHES
Bruno Araujo Bonifácio,Homem,Bruno Pedraça de Souza,Homem,WASHES
Bruno Araujo Bonifácio,Homem,Priscila Silva Fernandes,Mulher,WASHES
Bruno Pedraça de Souza,Homem,Priscila Silva Fernandes,Mulher,WASHES
João C. P. da Silva,Homem,Karen Torres Teixeira,Mulher,SEMISH
João C. P. da Silva,Homem,Maria Luiza Machado Campos,Mulher,SEMISH
Karen Torres Teixeira,Mulher,Maria Luiza Machado Campos,Mulher,SEMISH
Diego Carvalho,Homem,Leonardo Rocha,Homem,CTIC
Diego Carvalho,Homem,Nícollas Silva,Homem,CTIC
Leonardo Rocha,Homem,Nícollas Silva,Homem,CTIC
Danielo G. Gomes,Homem,Leonardo Moreira,Homem,WPerformance
Danielo G. Gomes,Homem,Mauricio M. Neto,Homem,WPerformance
Leonardo Moreira,Homem,Mauricio M. Neto,Homem,WPerformance
Bernardo Augusto Godinho de Oliveira,Homem,Carlos Augusto Martins,Homem,CTIC
Bernardo Augusto Godinho de Oliveira,Homem,Flávia M. F. Ferreira,Mulher,CTIC
Carlos Augusto Martins,Homem,Flávia M. F. Ferreira,Mulher,CTIC
Murilo Santos de Lima,Homem,Mário César San Felice,Homem,ETC
Murilo Santos de Lima,Homem,Orlando Lee,Homem,ETC
Mário César San Felice,Homem,Orlando Lee,Homem,ETC
Arilo Claudio Dias-Neto,Homem,Rodrigo Santos,Homem,WASHES
Amanda Martins,Mulher,Ayla Rebouças,Mulher,WIT
Amanda Martins,Mulher,Joana Silva,Mulher,WIT
Amanda Martins,Mulher,Joyce Santos,Mulher,WIT
Ayla Rebouças,Mulher,Joana Silva,Mulher,WIT
Ayla Rebouças,Mulher,Joyce Santos,Mulher,WIT
Joana Silva,Mulher,Joyce Santos,Mulher,WIT
Daniela de Souza Gomes,Mulher,Gabriel Philippe Pereira,Homem,WEI
Daniela de Souza Gomes,Mulher,Giovanni Ventorim Comarela,Homem,WEI
Daniela de Souza Gomes,Mulher,Marcos Henrique Fonseca Ribeiro,Homem,WEI
Gabriel Philippe Pereira,Homem,Giovanni Ventorim Comarela,Homem,WEI
Gabriel Philippe Pereira,Homem,Marcos Henrique Fonseca Ribeiro,Homem,WEI
Giovanni Ventorim Comarela,Homem,Marcos Henrique Fonseca Ribeiro,Homem,WEI
Ana Elisa Ferreira Schmidt,Mulher,Mozara Dias Koehler,Mulher,ENCompIF
Alice Fonseca Finger,Mulher,Aline Vieira de Mello,Mulher,WIT
Alice Fonseca Finger,Mulher,Andréa Sabedra Bordin,Mulher,WIT
Aline Vieira de Mello,Mulher,Andréa Sabedra Bordin,Mulher,WIT
Gustavo M. S. Dória,Homem,Luciano Silva,Homem,SEMISH
Gustavo M. S. Dória,Homem,Olga R. P. Bellon,Mulher,SEMISH
Gustavo M. S. Dória,Homem,Thiago Pradi,Homem,SEMISH
Luciano Silva,Homem,Olga R. P. Bellon,Mulher,SEMISH
Luciano Silva,Homem,Thiago Pradi,Homem,SEMISH
Olga R. P. Bellon,Mulher,Thiago Pradi,Homem,SEMISH
João Neto,Homem,Robson Bonidia,Homem,WEI
Clara Scheffer Emerich,Mulher,Matheus Lorenzato Braga,Homem,ENCompIF
Clara Scheffer Emerich,Mulher,Rafael Américo Fuhrich,Homem,ENCompIF
Clara Scheffer Emerich,Mulher,Victor Martins de Sousa,Homem,ENCompIF
Matheus Lorenzato Braga,Homem,Rafael Américo Fuhrich,Homem,ENCompIF
Matheus Lorenzato Braga,Homem,Victor Martins de Sousa,Homem,ENCompIF
Rafael Américo Fuhrich,Homem,Victor Martins de Sousa,Homem,ENCompIF
Jonas Costa,Homem,Raul Lopes,Homem,ETC
Ialy C. Sousa,Mulher,Iana Daya C. F. Passos,Mulher,WIT
Ialy C. Sousa,Mulher,Jerry A. Souza,Homem,WIT
Ialy C. Sousa,Mulher,Lílian H. Teixeira,Mulher,WIT
Ialy C. Sousa,Mulher,Mary Karlla A. Guimarães,Mulher,WIT
Ialy C. Sousa,Mulher,Moacy P. Silva,Homem,WIT
Iana Daya C. F. Passos,Mulher,Jerry A. Souza,Homem,WIT
Iana Daya C. F. Passos,Mulher,Lílian H. Teixeira,Mulher,WIT
Iana Daya C. F. Passos,Mulher,Mary Karlla A. Guimarães,Mulher,WIT
Iana Daya C. F. Passos,Mulher,Moacy P. Silva,Homem,WIT
Jerry A. Souza,Homem,Lílian H. Teixeira,Mulher,WIT
Jerry A. Souza,Homem,Mary Karlla A. Guimarães,Mulher,WIT
Jerry A. Souza,Homem,Moacy P. Silva,Homem,WIT
Lílian H. Teixeira,Mulher,Mary Karlla A. Guimarães,Mulher,WIT
Lílian H. Teixeira,Mulher,Moacy P. Silva,Homem,WIT
Mary Karlla A. Guimarães,Mulher,Moacy P. Silva,Homem,WIT
Anna Raquel S. Marinho,Mulher,Ecivaldo Matos,Homem,WEI
Anna Raquel S. Marinho,Mulher,Jean C. S. Rosa,Homem,WEI
Ecivaldo Matos,Homem,Jean C. S. Rosa,Homem,WEI
Alexandre Ribeiro,Homem,Guilherme Londe,Homem,ETC
Alexandre Ribeiro,Homem,Jorge dos Santos,Homem,ETC
Alexandre Ribeiro,Homem,Welverton da Silva,Homem,ETC
Guilherme Londe,Homem,Jorge dos Santos,Homem,ETC
Guilherme Londe,Homem,Welverton da Silva,Homem,ETC
Jorge dos Santos,Homem,Welverton da Silva,Homem,ETC
Marcio E. F. Maia,Homem,Rossana M. C. Andrade,Mulher,SBCUP
Marcio E. F. Maia,Homem,Tales P. Nogueira,Homem,SBCUP
Rossana M. C. Andrade,Mulher,Tales P. Nogueira,Homem,SBCUP
Alba Sandyra B. Lopes,Mulher,Amanda dos S. Bernardo,Mulher,ENCompIF
Alba Sandyra B. Lopes,Mulher,Edmilson Barbalho C. Neto,Homem,ENCompIF
Alba Sandyra B. Lopes,Mulher,Kadja Alleska S. de Lima,Mulher,ENCompIF
Amanda dos S. Bernardo,Mulher,Edmilson Barbalho C. Neto,Homem,ENCompIF
Amanda dos S. Bernardo,Mulher,Kadja Alleska S. de Lima,Mulher,ENCompIF
Edmilson Barbalho C. Neto,Homem,Kadja Alleska S. de Lima,Mulher,ENCompIF
Mônica Vicente,Mulher,Ubirajara Lima Júnior,Homem,ENCompIF
Anselmo Paiva,Homem,Daniel Pinto,Homem,WEI
Anselmo Paiva,Homem,Eduarda Chagas,Mulher,WEI
Anselmo Paiva,Homem,Gabriel Costa,Homem,WEI
Anselmo Paiva,Homem,Kennedy Nunes,Homem,WEI
Anselmo Paiva,Homem,Luis Rivero,Homem,WEI
Anselmo Paiva,Homem,Ricardo Anchieta,Homem,WEI
Anselmo Paiva,Homem,Simara Rocha,Mulher,WEI
Daniel Pinto,Homem,Eduarda Chagas,Mulher,WEI
Daniel Pinto,Homem,Gabriel Costa,Homem,WEI
Daniel Pinto,Homem,Kennedy Nunes,Homem,WEI
Daniel Pinto,Homem,Luis Rivero,Homem,WEI
Daniel Pinto,Homem,Ricardo Anchieta,Homem,WEI
Daniel Pinto,Homem,Simara Rocha,Mulher,WEI
Eduarda Chagas,Mulher,Gabriel Costa,Homem,WEI
Eduarda Chagas,Mulher,Kennedy Nunes,Homem,WEI
Eduarda Chagas,Mulher,Luis Rivero,Homem,WEI
Eduarda Chagas,Mulher,Ricardo Anchieta,Homem,WEI
Eduarda Chagas,Mulher,Simara Rocha,Mulher,WEI
Gabriel Costa,Homem,Kennedy Nunes,Homem,WEI
Gabriel Costa,Homem,Luis Rivero,Homem,WEI
Gabriel Costa,Homem,Ricardo Anchieta,Homem,WEI
Gabriel Costa,Homem,Simara Rocha,Mulher,WEI
Kennedy Nunes,Homem,Luis Rivero,Homem,WEI
Kennedy Nunes,Homem,Ricardo Anchieta,Homem,WEI
Kennedy Nunes,Homem,Simara Rocha,Mulher,WEI
Luis Rivero,Homem,Ricardo Anchieta,Homem,WEI
Luis Rivero,Homem,Simara Rocha,Mulher,WEI
Ricardo Anchieta,Homem,Simara Rocha,Mulher,WEI
Analucia Schaffino Morales,Mulher,Frank Siqueira,Homem,SBCUP
Analucia Schaffino Morales,Mulher,Gustavo Medeiros de Araújo,Homem,SBCUP
Analucia Schaffino Morales,Mulher,João Paulo Cardoso de Lima,Homem,SBCUP
Analucia Schaffino Morales,Mulher,Leandro Buss Becker,Homem,SBCUP
Frank Siqueira,Homem,Gustavo Medeiros de Araújo,Homem,SBCUP
Frank Siqueira,Homem,João Paulo Cardoso de Lima,Homem,SBCUP
Frank Siqueira,Homem,Leandro Buss Becker,Homem,SBCUP
Gustavo Medeiros de Araújo,Homem,João Paulo Cardoso de Lima,Homem,SBCUP
Gustavo Medeiros de Araújo,Homem,Leandro Buss Becker,Homem,SBCUP
João Paulo Cardoso de Lima,Homem,Leandro Buss Becker,Homem,SBCUP
Diego S. Nicodemos,Homem,Sulamita Klein,Mulher,ETC
Guilherme Andrade,Homem,Leonardo Rocha,Homem,CTIC
Allysson Allex Araújo,Homem,Emanuel Coutinho,Homem,WEI
Allysson Allex Araújo,Homem,Francisco Gomes,Homem,WEI
Allysson Allex Araújo,Homem,Jerffeson Souza,Homem,WEI
Allysson Allex Araújo,Homem,Saori Costa,Mulher,WEI
Emanuel Coutinho,Homem,Francisco Gomes,Homem,WEI
Emanuel Coutinho,Homem,Jerffeson Souza,Homem,WEI
Emanuel Coutinho,Homem,Saori Costa,Mulher,WEI
Francisco Gomes,Homem,Jerffeson Souza,Homem,WEI
Francisco Gomes,Homem,Saori Costa,Mulher,WEI
Jerffeson Souza,Homem,Saori Costa,Mulher,WEI
Daniel de Pontes,Homem,Dorgival Netto,Homem,WEI
Daniel de Pontes,Homem,Edilson de Morais,Homem,WEI
Daniel de Pontes,Homem,Luiz Mario Medeiros,Homem,WEI
Dorgival Netto,Homem,Edilson de Morais,Homem,WEI
Dorgival Netto,Homem,Luiz Mario Medeiros,Homem,WEI
Edilson de Morais,Homem,Luiz Mario Medeiros,Homem,WEI
Marcia E. J. Kniphoff da Cruz,Mulher,Michel Girotto Brum,Homem,WEI
Laura Shibukawa,Mulher,Mayara Yamanoe,Mulher,WIT
Cristina Ciferri,Mulher,Kalinka Branco,Mulher,WIT
Cristina Ciferri,Mulher,Viviana Noguera,Mulher,WIT
Kalinka Branco,Mulher,Viviana Noguera,Mulher,WIT
Erick Gomez-Nieto,Homem,Luis Gustavo Nonato,Homem,CTD
Adenauer Correa Yamin,Homem,Lisane B. Brisolara,Mulher,SBCUP
Francisco José Monaco,Homem,Lourenço Alves Pereira Júnior,Homem,WPerformance
Francisco José Monaco,Homem,Marcos José Santana,Homem,WPerformance
Francisco José Monaco,Homem,Regina H. Carlucci Sanatana,Mulher,WPerformance
Lourenço Alves Pereira Júnior,Homem,Marcos José Santana,Homem,WPerformance
Lourenço Alves Pereira Júnior,Homem,Regina H. Carlucci Sanatana,Mulher,WPerformance
Marcos José Santana,Homem,Regina H. Carlucci Sanatana,Mulher,WPerformance
Antonio Rafael Braga,Homem,Danielo G. Gomes,Homem,SBCUP
Antonio Rafael Braga,Homem,Felipe Anderson O. Maciel,Homem,SBCUP
Antonio Rafael Braga,Homem,Paulo A. C. Aguilar,Homem,SBCUP
Antonio Rafael Braga,Homem,Rodrigo L. A. Almeida,Homem,SBCUP
Antonio Rafael Braga,Homem,Rossana M. C. Andrade,Mulher,SBCUP
Danielo G. Gomes,Homem,Felipe Anderson O. Maciel,Homem,SBCUP
Danielo G. Gomes,Homem,Paulo A. C. Aguilar,Homem,SBCUP
Danielo G. Gomes,Homem,Rodrigo L. A. Almeida,Homem,SBCUP
Danielo G. Gomes,Homem,Rossana M. C. Andrade,Mulher,SBCUP
Felipe Anderson O. Maciel,Homem,Paulo A. C. Aguilar,Homem,SBCUP
Felipe Anderson O. Maciel,Homem,Rodrigo L. A. Almeida,Homem,SBCUP
Felipe Anderson O. Maciel,Homem,Rossana M. C. Andrade,Mulher,SBCUP
Paulo A. C. Aguilar,Homem,Rodrigo L. A. Almeida,Homem,SBCUP
Paulo A. C. Aguilar,Homem,Rossana M. C. Andrade,Mulher,SBCUP
Rodrigo L. A. Almeida,Homem,Rossana M. C. Andrade,Mulher,SBCUP
Adenauer C. Yamin,Homem,Ana M. Pernas,Mulher,SBCUP
Adenauer C. Yamin,Homem,Gerson G. H. Cavalheiro,Homem,SBCUP
Adenauer C. Yamin,Homem,Lucas M. S. Xavier,Homem,SBCUP
Ana M. Pernas,Mulher,Gerson G. H. Cavalheiro,Homem,SBCUP
Ana M. Pernas,Mulher,Lucas M. S. Xavier,Homem,SBCUP
Gerson G. H. Cavalheiro,Homem,Lucas M. S. Xavier,Homem,SBCUP
Eliane Pozzebon,Mulher,Francielli Freitas Moro,Mulher,WIT
Eliane Pozzebon,Mulher,Luciana Bolan Frigo,Mulher,WIT
Eliane Pozzebon,Mulher,Rafaela Oliveira Padilha,Mulher,WIT
Francielli Freitas Moro,Mulher,Luciana Bolan Frigo,Mulher,WIT
Francielli Freitas Moro,Mulher,Rafaela Oliveira Padilha,Mulher,WIT
Luciana Bolan Frigo,Mulher,Rafaela Oliveira Padilha,Mulher,WIT
André Silva,Homem,José Silva,Homem,WEI
André Silva,Homem,Letícia Oliveira,Mulher,WEI
José Silva,Homem,Letícia Oliveira,Mulher,WEI
Gabriel Nascimento,Homem,Márcia Oliveira,Mulher,WIT
Gabriel Nascimento,Homem,Vania Marquiori,Mulher,WIT
Márcia Oliveira,Mulher,Vania Marquiori,Mulher,WIT
Bruno Pereira,Homem,Francisco Henrique Ferreira,Homem,WASHES
Bruno Pereira,Homem,Luiz Alexandre Costa,Homem,WASHES
Bruno Pereira,Homem,Marcio Imamura,Homem,WASHES
Bruno Pereira,Homem,Rodrigo Pereira dos Santos,Homem,WASHES
Francisco Henrique Ferreira,Homem,Luiz Alexandre Costa,Homem,WASHES
Francisco Henrique Ferreira,Homem,Marcio Imamura,Homem,WASHES
Francisco Henrique Ferreira,Homem,Rodrigo Pereira dos Santos,Homem,WASHES
Luiz Alexandre Costa,Homem,Marcio Imamura,Homem,WASHES
Luiz Alexandre Costa,Homem,Rodrigo Pereira dos Santos,Homem,WASHES
Marcio Imamura,Homem,Rodrigo Pereira dos Santos,Homem,WASHES
Claudson Bornstein,Homem,Jayme L. Szwarcfiter,Homem,ETC
Claudson Bornstein,Homem,José Wilson C. Pinto,Homem,ETC
Jayme L. Szwarcfiter,Homem,José Wilson C. Pinto,Homem,ETC
Rubens A. Sucupira,Homem,Sulamita Klein,Mulher,ETC
Phablo F. S. Moura,Homem,Yoshiko Wakabayashi,Mulher,CTD
Ana Paula Ambrósio,Mulher,Cleon X. Pereira Júnior,Homem,WEI
Ana Paula Ambrósio,Mulher,Rodrigo Elias Francisco,Homem,WEI
Cleon X. Pereira Júnior,Homem,Rodrigo Elias Francisco,Homem,WEI
Breno M. Barra,Homem,Caio C. Dias,Homem,WEI
Breno M. Barra,Homem,Matheus E. Franco,Homem,WEI
Breno M. Barra,Homem,Rosana A. Moreira,Mulher,WEI
Caio C. Dias,Homem,Matheus E. Franco,Homem,WEI
Caio C. Dias,Homem,Rosana A. Moreira,Mulher,WEI
Matheus E. Franco,Homem,Rosana A. Moreira,Mulher,WEI
Elmo de Faria,Homem,Eunice Nunes,Mulher,WASHES
Elmo de Faria,Homem,Fernando Magalhães,Homem,WASHES
Elmo de Faria,Homem,Jonas Boechat,Homem,WASHES
Elmo de Faria,Homem,Luciana Borges,Mulher,WASHES
Elmo de Faria,Homem,Otávio Dantas,Homem,WASHES
Eunice Nunes,Mulher,Fernando Magalhães,Homem,WASHES
Eunice Nunes,Mulher,Jonas Boechat,Homem,WASHES
Eunice Nunes,Mulher,Luciana Borges,Mulher,WASHES
Eunice Nunes,Mulher,Otávio Dantas,Homem,WASHES
Fernando Magalhães,Homem,Jonas Boechat,Homem,WASHES
Fernando Magalhães,Homem,Luciana Borges,Mulher,WASHES
Fernando Magalhães,Homem,Otávio Dantas,Homem,WASHES
Jonas Boechat,Homem,Luciana Borges,Mulher,WASHES
Jonas Boechat,Homem,Otávio Dantas,Homem,WASHES
Luciana Borges,Mulher,Otávio Dantas,Homem,WASHES
Amanda Saccol,Mulher,Carla Castanho,Mulher,WIT
Amanda Saccol,Mulher,Eduardo Silva,Homem,WIT
Amanda Saccol,Mulher,Eduardo Spies,Homem,WIT
Amanda Saccol,Mulher,Victor Alves,Homem,WIT
Carla Castanho,Mulher,Eduardo Silva,Homem,WIT
Carla Castanho,Mulher,Eduardo Spies,Homem,WIT
Carla Castanho,Mulher,Victor Alves,Homem,WIT
Eduardo Silva,Homem,Eduardo Spies,Homem,WIT
Eduardo Silva,Homem,Victor Alves,Homem,WIT
Eduardo Spies,Homem,Victor Alves,Homem,WIT
Aline Vieira de Mello,Mulher,Amanda Meincke Melo,Mulher,WIT
Aline Vieira de Mello,Mulher,Isadora Garcia Ferrão,Mulher,WIT
Amanda Meincke Melo,Mulher,Isadora Garcia Ferrão,Mulher,WIT
Ana Elisa Ferreira Schmidt,Mulher,Mozara Dias Koehler,Mulher,ENCompIF
Rubens A. Sucupira,Homem,Sulamita Klein,Mulher,ETC
Alberto F. Kummer Neto,Homem,Andrea S. Charão,Mulher,WEI
Alberto F. Kummer Neto,Homem,Benhur de O. Stein,Homem,WEI
Alberto F. Kummer Neto,Homem,Patrícia P. de A. Barcelos,Mulher,WEI
Andrea S. Charão,Mulher,Benhur de O. Stein,Homem,WEI
Andrea S. Charão,Mulher,Patrícia P. de A. Barcelos,Mulher,WEI
Benhur de O. Stein,Homem,Patrícia P. de A. Barcelos,Mulher,WEI
Alan Filipe Santana,Homem,Marcos André Gonçalves,Homem,CTD
Cristina Fernandes,Mulher,Juan Gutiérrez,Homem,ETC
Fabíola Nakamura,Mulher,Rosiane Freitas,Mulher,WIT
Fabíola Nakamura,Mulher,Tanara Lauschner,Mulher,WIT
Fabíola Nakamura,Mulher,Taynah Almeida,Mulher,WIT
Rosiane Freitas,Mulher,Tanara Lauschner,Mulher,WIT
Rosiane Freitas,Mulher,Taynah Almeida,Mulher,WIT
Tanara Lauschner,Mulher,Taynah Almeida,Mulher,WIT
Andrea Charão,Mulher,Cassiano Schneider,Homem,WEI
Andrea Charão,Mulher,Leandro Schneider,Homem,WEI
Andrea Charão,Mulher,Lucas Silva,Homem,WEI
Cassiano Schneider,Homem,Leandro Schneider,Homem,WEI
Cassiano Schneider,Homem,Lucas Silva,Homem,WEI
Leandro Schneider,Homem,Lucas Silva,Homem,WEI
André Pinheiro,Homem,Caio Rabello,Homem,WASHES
André Pinheiro,Homem,Cleidson Souza,Homem,WASHES
André Pinheiro,Homem,Gustavo Pinto,Homem,WASHES
André Pinheiro,Homem,Leonardo Furtado,Homem,WASHES
Caio Rabello,Homem,Cleidson Souza,Homem,WASHES
Caio Rabello,Homem,Gustavo Pinto,Homem,WASHES
Caio Rabello,Homem,Leonardo Furtado,Homem,WASHES
Cleidson Souza,Homem,Gustavo Pinto,Homem,WASHES
Cleidson Souza,Homem,Leonardo Furtado,Homem,WASHES
Gustavo Pinto,Homem,Leonardo Furtado,Homem,WASHES
Davi Viana,Homem,Flávio E. A. Horita,Homem,WASHES
Davi Viana,Homem,Mohamad Kassab,Homem,WASHES
Davi Viana,Homem,Rodrigo P. dos Santos,Homem,WASHES
Davi Viana,Homem,Valdemar V. Graciano Neto,Homem,WASHES
Flávio E. A. Horita,Homem,Mohamad Kassab,Homem,WASHES
Flávio E. A. Horita,Homem,Rodrigo P. dos Santos,Homem,WASHES
Flávio E. A. Horita,Homem,Valdemar V. Graciano Neto,Homem,WASHES
Mohamad Kassab,Homem,Rodrigo P. dos Santos,Homem,WASHES
Mohamad Kassab,Homem,Valdemar V. Graciano Neto,Homem,WASHES
Rodrigo P. dos Santos,Homem,Valdemar V. Graciano Neto,Homem,WASHES
Rita C. G. Berardi,Mulher,Sílvia Amélia Bim,Mulher,WEI
Josinaldo Pontes,Homem,José Adson Cunha,Homem,WASHES
Josinaldo Pontes,Homem,Mirelly da Silva,Mulher,WASHES
José Adson Cunha,Homem,Mirelly da Silva,Mulher,WASHES
Amanda Meincke Melo,Mulher,Isadora Garcia Ferrão,Mulher,WIT
Adenauer Yamin,Homem,Ana Marilza Pernas,Mulher,SEMISH
Adenauer Yamin,Homem,João Lopes,Homem,SEMISH
Adenauer Yamin,Homem,Roger Machado,Homem,SEMISH
Adenauer Yamin,Homem,Rogério Albandes,Homem,SEMISH
Ana Marilza Pernas,Mulher,João Lopes,Homem,SEMISH
Ana Marilza Pernas,Mulher,Roger Machado,Homem,SEMISH
Ana Marilza Pernas,Mulher,Rogério Albandes,Homem,SEMISH
João Lopes,Homem,Roger Machado,Homem,SEMISH
João Lopes,Homem,Rogério Albandes,Homem,SEMISH
Roger Machado,Homem,Rogério Albandes,Homem,SEMISH
David Coelho dos Santos,Homem,João Carlos Xavier Júnior,Homem,SBCUP
Emmilly Raianny Bezerra Ferreira,Mulher,Marcos Nascimento Júnior,Homem,ENCompIF
Emmilly Raianny Bezerra Ferreira,Mulher,Maria Laysa Meneses da Silva,Mulher,ENCompIF
Emmilly Raianny Bezerra Ferreira,Mulher,Mariana Marques Ferreira,Mulher,ENCompIF
Emmilly Raianny Bezerra Ferreira,Mulher,Maurício Rabello Silva,Homem,ENCompIF
Marcos Nascimento Júnior,Homem,Maria Laysa Meneses da Silva,Mulher,ENCompIF
Marcos Nascimento Júnior,Homem,Mariana Marques Ferreira,Mulher,ENCompIF
Marcos Nascimento Júnior,Homem,Maurício Rabello Silva,Homem,ENCompIF
Maria Laysa Meneses da Silva,Mulher,Mariana Marques Ferreira,Mulher,ENCompIF
Maria Laysa Meneses da Silva,Mulher,Maurício Rabello Silva,Homem,ENCompIF
Mariana Marques Ferreira,Mulher,Maurício Rabello Silva,Homem,ENCompIF
Luis Guilherme Eich,Homem,Vinicius Hartmann Ferreira,Homem,ENCompIF
Eduardo Henrique,Homem,Jéssica Laisa,Mulher,WEI
Eduardo Henrique,Homem,Wendell Oliveira,Homem,WEI
Jéssica Laisa,Mulher,Wendell Oliveira,Homem,WEI
Alexandre Martinazzo,Homem,Andrea Britto Mattos,Mulher,WIT
Alexandre Martinazzo,Homem,Marisa Vasconcelos,Mulher,WIT
Alexandre Martinazzo,Homem,Maysa M. G. Macedo,Mulher,WIT
Alexandre Martinazzo,Homem,Roseli Lopes,Mulher,WIT
Andrea Britto Mattos,Mulher,Marisa Vasconcelos,Mulher,WIT
Andrea Britto Mattos,Mulher,Maysa M. G. Macedo,Mulher,WIT
Andrea Britto Mattos,Mulher,Roseli Lopes,Mulher,WIT
Marisa Vasconcelos,Mulher,Maysa M. G. Macedo,Mulher,WIT
Marisa Vasconcelos,Mulher,Roseli Lopes,Mulher,WIT
Maysa M. G. Macedo,Mulher,Roseli Lopes,Mulher,WIT
Davi Santos,Homem,Jéssica Mendes,Mulher,WEI
Davi Santos,Homem,Luis Rivero,Homem,WEI
Davi Santos,Homem,Rodrigo Santos,Homem,WEI
Jéssica Mendes,Mulher,Luis Rivero,Homem,WEI
Jéssica Mendes,Mulher,Rodrigo Santos,Homem,WEI
Luis Rivero,Homem,Rodrigo Santos,Homem,WEI
Edilaine Santiago de Oliveira,Mulher,Pryscilla de Sousa Pereira,Mulher,WEI
Edilaine Santiago de Oliveira,Mulher,Ramires do Nascimento Moreira,Homem,WEI
Pryscilla de Sousa Pereira,Mulher,Ramires do Nascimento Moreira,Homem,WEI
Heremita Lima,Mulher,Laís Lima,Mulher,ENCompIF
Heremita Lima,Mulher,Márcio Júnior,Homem,ENCompIF
Heremita Lima,Mulher,Nicoly Almeida,Mulher,ENCompIF
Heremita Lima,Mulher,Petrus Bento,Homem,ENCompIF
Laís Lima,Mulher,Márcio Júnior,Homem,ENCompIF
Laís Lima,Mulher,Nicoly Almeida,Mulher,ENCompIF
Laís Lima,Mulher,Petrus Bento,Homem,ENCompIF
Márcio Júnior,Homem,Nicoly Almeida,Mulher,ENCompIF
Márcio Júnior,Homem,Petrus Bento,Homem,ENCompIF
Nicoly Almeida,Mulher,Petrus Bento,Homem,ENCompIF
Anderson Rocha,Homem,Jacques Wainer,Homem,CTD
Anderson Rocha,Homem,Ramon Pires,Homem,CTD
Jacques Wainer,Homem,Ramon Pires,Homem,CTD
Cleiton M. Marques,Homem,Cristina Meinhardt,Mulher,CTIC
Cleiton M. Marques,Homem,Paulo F. Butzen,Homem,CTIC
Cristina Meinhardt,Mulher,Paulo F. Butzen,Homem,CTIC
Edson N. Cáceres,Homem,Rafael F. Schmid,Homem,ETC
Daniel Ratton Figueiredo,Homem,Henrique José dos S. Ferreira Júnior ,Homem,CTIC
Hugo Sadok,Homem,Luis Henrique M. K. Costa,Homem,CTD
Hugo Sadok,Homem,Miguel Elias M. Campista,Homem,CTD
Luis Henrique M. K. Costa,Homem,Miguel Elias M. Campista,Homem,CTD
Ana Flávia S. A. Moura,Mulher,Giorgia O. Mattos,Mulher,WIT
Ana Flávia S. A. Moura,Mulher,Josilene A. Moreira,Mulher,WIT
Ana Flávia S. A. Moura,Mulher,Thiago Henrique C. Tavares,Homem,WIT
Giorgia O. Mattos,Mulher,Josilene A. Moreira,Mulher,WIT
Giorgia O. Mattos,Mulher,Thiago Henrique C. Tavares,Homem,WIT
Josilene A. Moreira,Mulher,Thiago Henrique C. Tavares,Homem,WIT
Eliane Pozzebon,Mulher,Luciana B. Frigo,Mulher,WIT
Eliane Pozzebon,Mulher,Maitê Thomazi Manenti,Mulher,WIT
Eliane Pozzebon,Mulher,Tatiana Nilson dos Santos,Mulher,WIT
Luciana B. Frigo,Mulher,Maitê Thomazi Manenti,Mulher,WIT
Luciana B. Frigo,Mulher,Tatiana Nilson dos Santos,Mulher,WIT
Maitê Thomazi Manenti,Mulher,Tatiana Nilson dos Santos,Mulher,WIT
Eliane Pozzebon,Mulher,Luciana B. Frigo,Mulher,WIT
Eliane Pozzebon,Mulher,Marcelly Homem Coelho,Mulher,WIT
Eliane Pozzebon,Mulher,Morgana Sartor,Mulher,WIT
Luciana B. Frigo,Mulher,Marcelly Homem Coelho,Mulher,WIT
Luciana B. Frigo,Mulher,Morgana Sartor,Mulher,WIT
Marcelly Homem Coelho,Mulher,Morgana Sartor,Mulher,WIT
Ana Carolina R. Soares,Mulher,Carolina C. Vieira,Mulher,WIT
Ana Carolina R. Soares,Mulher,Serena F. Ribeiro,Mulher,WIT
Carolina C. Vieira,Mulher,Serena F. Ribeiro,Mulher,WIT
Igor Santos,Homem,Luís Orleans,Homem,WEI
Igor Santos,Homem,Natália Silva,Mulher,WEI
Luís Orleans,Homem,Natália Silva,Mulher,WEI
Ageu Pacheco,Homem,Claudia Motta,Mulher,WEI
Ageu Pacheco,Homem,Daniel Menasch,Homem,WEI
Ageu Pacheco,Homem,Felipe Assis,Homem,WEI
Ageu Pacheco,Homem,Jefferson Simões,Homem,WEI
Ageu Pacheco,Homem,João Pinheiro,Homem,WEI
Ageu Pacheco,Homem,Marcus Amorim,Homem,WEI
Claudia Motta,Mulher,Daniel Menasch,Homem,WEI
Claudia Motta,Mulher,Felipe Assis,Homem,WEI
Claudia Motta,Mulher,Jefferson Simões,Homem,WEI
Claudia Motta,Mulher,João Pinheiro,Homem,WEI
Claudia Motta,Mulher,Marcus Amorim,Homem,WEI
Daniel Menasch,Homem,Felipe Assis,Homem,WEI
Daniel Menasch,Homem,Jefferson Simões,Homem,WEI
Daniel Menasch,Homem,João Pinheiro,Homem,WEI
Daniel Menasch,Homem,Marcus Amorim,Homem,WEI
Felipe Assis,Homem,Jefferson Simões,Homem,WEI
Felipe Assis,Homem,João Pinheiro,Homem,WEI
Felipe Assis,Homem,Marcus Amorim,Homem,WEI
Jefferson Simões,Homem,João Pinheiro,Homem,WEI
Jefferson Simões,Homem,Marcus Amorim,Homem,WEI
João Pinheiro,Homem,Marcus Amorim,Homem,WEI
Celciane Alves Vasconcelos,Mulher,Edio Roberto Manfio,Homem,SEMISH
Celciane Alves Vasconcelos,Mulher,Fabiane Cristina Altino,Mulher,SEMISH
Celciane Alves Vasconcelos,Mulher,Fábio Carlos Moreno,Homem,SEMISH
Celciane Alves Vasconcelos,Mulher,Marcelo Ozawa de Sousa,Homem,SEMISH
Celciane Alves Vasconcelos,Mulher,Maria Renata de Mira Gobbo,Mulher,SEMISH
Edio Roberto Manfio,Homem,Fabiane Cristina Altino,Mulher,SEMISH
Edio Roberto Manfio,Homem,Fábio Carlos Moreno,Homem,SEMISH
Edio Roberto Manfio,Homem,Marcelo Ozawa de Sousa,Homem,SEMISH
Edio Roberto Manfio,Homem,Maria Renata de Mira Gobbo,Mulher,SEMISH
Fabiane Cristina Altino,Mulher,Fábio Carlos Moreno,Homem,SEMISH
Fabiane Cristina Altino,Mulher,Marcelo Ozawa de Sousa,Homem,SEMISH
Fabiane Cristina Altino,Mulher,Maria Renata de Mira Gobbo,Mulher,SEMISH
Fábio Carlos Moreno,Homem,Marcelo Ozawa de Sousa,Homem,SEMISH
Fábio Carlos Moreno,Homem,Maria Renata de Mira Gobbo,Mulher,SEMISH
Marcelo Ozawa de Sousa,Homem,Maria Renata de Mira Gobbo,Mulher,SEMISH
Cristiano Maciel,Homem,Karen da Silva Figueiredo Medeiros Ribeiro,Mulher,WIT
Ana M. Pernas,Mulher,André Du Bois,Homem,WEI
Ana M. Pernas,Mulher,Clause de Brum Piana,Mulher,WEI
Ana M. Pernas,Mulher,Luciana Foss,Mulher,WEI
Ana M. Pernas,Mulher,Marilton S. de Aguiar,Homem,WEI
Ana M. Pernas,Mulher,Renata H. S. Reiser,Mulher,WEI
Ana M. Pernas,Mulher,Simone A. C. Cavalheiro,Mulher,WEI
Ana M. Pernas,Mulher,Yuri Weisshahn,Homem,WEI
André Du Bois,Homem,Clause de Brum Piana,Mulher,WEI
André Du Bois,Homem,Luciana Foss,Mulher,WEI
André Du Bois,Homem,Marilton S. de Aguiar,Homem,WEI
André Du Bois,Homem,Renata H. S. Reiser,Mulher,WEI
André Du Bois,Homem,Simone A. C. Cavalheiro,Mulher,WEI
André Du Bois,Homem,Yuri Weisshahn,Homem,WEI
Clause de Brum Piana,Mulher,Luciana Foss,Mulher,WEI
Clause de Brum Piana,Mulher,Marilton S. de Aguiar,Homem,WEI
Clause de Brum Piana,Mulher,Renata H. S. Reiser,Mulher,WEI
Clause de Brum Piana,Mulher,Simone A. C. Cavalheiro,Mulher,WEI
Clause de Brum Piana,Mulher,Yuri Weisshahn,Homem,WEI
Luciana Foss,Mulher,Marilton S. de Aguiar,Homem,WEI
Luciana Foss,Mulher,Renata H. S. Reiser,Mulher,WEI
Luciana Foss,Mulher,Simone A. C. Cavalheiro,Mulher,WEI
Luciana Foss,Mulher,Yuri Weisshahn,Homem,WEI
Marilton S. de Aguiar,Homem,Renata H. S. Reiser,Mulher,WEI
Marilton S. de Aguiar,Homem,Simone A. C. Cavalheiro,Mulher,WEI
Marilton S. de Aguiar,Homem,Yuri Weisshahn,Homem,WEI
Renata H. S. Reiser,Mulher,Simone A. C. Cavalheiro,Mulher,WEI
Renata H. S. Reiser,Mulher,Yuri Weisshahn,Homem,WEI
Simone A. C. Cavalheiro,Mulher,Yuri Weisshahn,Homem,WEI
Carolina Riente de Andrade,Mulher,Suzy Santiago,Mulher,WIT
Agatha Alves Martins Rodrigues,Mulher,Ariadna Carreiro de Miranda,Mulher,WIT
Agatha Alves Martins Rodrigues,Mulher,Claudia Sousa Barbosa,Mulher,WIT
Agatha Alves Martins Rodrigues,Mulher,Lucas Lima Sousa Torres,Homem,WIT
Agatha Alves Martins Rodrigues,Mulher,Maria Rodrigues Gomes,Mulher,WIT
Agatha Alves Martins Rodrigues,Mulher,Simone de Oliveira Santos,Mulher,WIT
Ariadna Carreiro de Miranda,Mulher,Claudia Sousa Barbosa,Mulher,WIT
Ariadna Carreiro de Miranda,Mulher,Lucas Lima Sousa Torres,Homem,WIT
Ariadna Carreiro de Miranda,Mulher,Maria Rodrigues Gomes,Mulher,WIT
Ariadna Carreiro de Miranda,Mulher,Simone de Oliveira Santos,Mulher,WIT
Claudia Sousa Barbosa,Mulher,Lucas Lima Sousa Torres,Homem,WIT
Claudia Sousa Barbosa,Mulher,Maria Rodrigues Gomes,Mulher,WIT
Claudia Sousa Barbosa,Mulher,Simone de Oliveira Santos,Mulher,WIT
Lucas Lima Sousa Torres,Homem,Maria Rodrigues Gomes,Mulher,WIT
Lucas Lima Sousa Torres,Homem,Simone de Oliveira Santos,Mulher,WIT
Maria Rodrigues Gomes,Mulher,Simone de Oliveira Santos,Mulher,WIT
Alexandre P. Züge,Homem,Carlos R. Beleti Junior,Homem,WEI
Alexandre P. Züge,Homem,Marcelo Valério,Homem,WEI
Alexandre P. Züge,Homem,Maytê G. C. Bezerra,Mulher,WEI
Alexandre P. Züge,Homem,Robertino M. Santiago Junior,Homem,WEI
Carlos R. Beleti Junior,Homem,Marcelo Valério,Homem,WEI
Carlos R. Beleti Junior,Homem,Maytê G. C. Bezerra,Mulher,WEI
Carlos R. Beleti Junior,Homem,Robertino M. Santiago Junior,Homem,WEI
Marcelo Valério,Homem,Maytê G. C. Bezerra,Mulher,WEI
Marcelo Valério,Homem,Robertino M. Santiago Junior,Homem,WEI
Maytê G. C. Bezerra,Mulher,Robertino M. Santiago Junior,Homem,WEI
Jefferson de Oliveira Chaves,Homem,Leandro Marcos Salgado Alves,Homem,ENCompIF
Jefferson de Oliveira Chaves,Homem,Michel Luís Rohr,Homem,ENCompIF
Leandro Marcos Salgado Alves,Homem,Michel Luís Rohr,Homem,ENCompIF
César Perdigão Batista,Homem,Everton Cavalcante,Homem,SBCUP
César Perdigão Batista,Homem,Pedro Victor Silva,Homem,SBCUP
César Perdigão Batista,Homem,Thais Batista,Mulher,SBCUP
Everton Cavalcante,Homem,Pedro Victor Silva,Homem,SBCUP
Everton Cavalcante,Homem,Thais Batista,Mulher,SBCUP
Pedro Victor Silva,Homem,Thais Batista,Mulher,SBCUP
Christiane Pereira,Mulher,Everton Oliveira,Homem,WASHES
Christiane Pereira,Mulher,Henrique Ferreira,Homem,WASHES
Christiane Pereira,Mulher,Joelson Araújo,Homem,WASHES
Christiane Pereira,Mulher,Patricia Moser,Mulher,WASHES
Everton Oliveira,Homem,Henrique Ferreira,Homem,WASHES
Everton Oliveira,Homem,Joelson Araújo,Homem,WASHES
Everton Oliveira,Homem,Patricia Moser,Mulher,WASHES
Henrique Ferreira,Homem,Joelson Araújo,Homem,WASHES
Henrique Ferreira,Homem,Patricia Moser,Mulher,WASHES
Joelson Araújo,Homem,Patricia Moser,Mulher,WASHES
Efrem E. O. Lousada,Homem,Raquel A. F. Mini,Mulher,SBCUP
Ana Julia Alves,Mulher,Wesley Folly Volotão de Souza,Homem,ENCompIF
Roberta L. Gomes,Mulher,Sérgio A. A. de Freitas,Homem,WEI
Roberta L. Gomes,Mulher,Vinícius F. S. Mota,Homem,WEI
Sérgio A. A. de Freitas,Homem,Vinícius F. S. Mota,Homem,WEI
Anna Beatriz Rosangela Marques,Mulher,Kalinka Castelo Branco,Mulher,WIT
Anna Beatriz Rosangela Marques,Mulher,Maria Victoria Soares Fiori,Mulher,WIT
Anna Beatriz Rosangela Marques,Mulher,Marina da Silva Rocha,Mulher,WIT
Kalinka Castelo Branco,Mulher,Maria Victoria Soares Fiori,Mulher,WIT
Kalinka Castelo Branco,Mulher,Marina da Silva Rocha,Mulher,WIT
Maria Victoria Soares Fiori,Mulher,Marina da Silva Rocha,Mulher,WIT
André Barreto,Homem,Felipe Oliveira,Homem,WPerformance
André Barreto,Homem,Jean Araújo,Homem,WPerformance
André Barreto,Homem,Luan Lins,Homem,WPerformance
Felipe Oliveira,Homem,Jean Araújo,Homem,WPerformance
Felipe Oliveira,Homem,Luan Lins,Homem,WPerformance
Jean Araújo,Homem,Luan Lins,Homem,WPerformance
Alexandre da Rosa,Homem,Andreia de Jesus,Mulher,WEI
Alexandre da Rosa,Homem,Gabriel Vaz Igarashi,Homem,WEI
Alexandre da Rosa,Homem,Vinicius Struginski Pereira,Homem,WEI
Andreia de Jesus,Mulher,Gabriel Vaz Igarashi,Homem,WEI
Andreia de Jesus,Mulher,Vinicius Struginski Pereira,Homem,WEI
Gabriel Vaz Igarashi,Homem,Vinicius Struginski Pereira,Homem,WEI
Fabrício Pinto,Homem,Paulo Silva,Homem,WEI
Fabrício Pinto,Homem,Rafael Queiroz,Homem,WEI
Paulo Silva,Homem,Rafael Queiroz,Homem,WEI
Eduardo Figueiredo,Homem,Marina Gabriela do Amaral Santos,Mulher,WASHES
Eduardo Figueiredo,Homem,Mauricio R de A Souza,Homem,WASHES
Marina Gabriela do Amaral Santos,Mulher,Mauricio R de A Souza,Homem,WASHES
Flávio K. Miyazawa,Homem,Francisco J. M. Silva,Homem,ETC
Flávio K. Miyazawa,Homem,Rafael C. S. Schoeury,Homem,ETC
Francisco J. M. Silva,Homem,Rafael C. S. Schoeury,Homem,ETC
Lucas Akayama Vilhagra,Homem,Luciana Montera,Mulher,ETC
Lucas Akayama Vilhagra,Homem,Tainá Raiol,Mulher,ETC
Luciana Montera,Mulher,Tainá Raiol,Mulher,ETC
Danielle Martins,Mulher,Fábio Oliveira,Homem,WEI
Danielle Martins,Mulher,Jamille Silva,Mulher,WEI
Fábio Oliveira,Homem,Jamille Silva,Mulher,WEI
Eliana Almeida,Mulher,Ester de Lima Pontes Andrade,Mulher,WIT
Eliana Almeida,Mulher,Kamila Almeida Benevides,Mulher,WIT
Eliana Almeida,Mulher,Kelly Bianca Araujo Silva,Mulher,WIT
Eliana Almeida,Mulher,Letícia Medeiros,Mulher,WIT
Eliana Almeida,Mulher,Luana Júlia Nunes Ferreira,Mulher,WIT
Eliana Almeida,Mulher,Natália de Assis Sousa,Mulher,WIT
Eliana Almeida,Mulher,Sunny Kelma Oliveira Miranda,Mulher,WIT
Ester de Lima Pontes Andrade,Mulher,Kamila Almeida Benevides,Mulher,WIT
Ester de Lima Pontes Andrade,Mulher,Kelly Bianca Araujo Silva,Mulher,WIT
Ester de Lima Pontes Andrade,Mulher,Letícia Medeiros,Mulher,WIT
Ester de Lima Pontes Andrade,Mulher,Luana Júlia Nunes Ferreira,Mulher,WIT
Ester de Lima Pontes Andrade,Mulher,Natália de Assis Sousa,Mulher,WIT
Ester de Lima Pontes Andrade,Mulher,Sunny Kelma Oliveira Miranda,Mulher,WIT
Kamila Almeida Benevides,Mulher,Kelly Bianca Araujo Silva,Mulher,WIT
Kamila Almeida Benevides,Mulher,Letícia Medeiros,Mulher,WIT
Kamila Almeida Benevides,Mulher,Luana Júlia Nunes Ferreira,Mulher,WIT
Kamila Almeida Benevides,Mulher,Natália de Assis Sousa,Mulher,WIT
Kamila Almeida Benevides,Mulher,Sunny Kelma Oliveira Miranda,Mulher,WIT
Kelly Bianca Araujo Silva,Mulher,Letícia Medeiros,Mulher,WIT
Kelly Bianca Araujo Silva,Mulher,Luana Júlia Nunes Ferreira,Mulher,WIT
Kelly Bianca Araujo Silva,Mulher,Natália de Assis Sousa,Mulher,WIT
Kelly Bianca Araujo Silva,Mulher,Sunny Kelma Oliveira Miranda,Mulher,WIT
Letícia Medeiros,Mulher,Luana Júlia Nunes Ferreira,Mulher,WIT
Letícia Medeiros,Mulher,Natália de Assis Sousa,Mulher,WIT
Letícia Medeiros,Mulher,Sunny Kelma Oliveira Miranda,Mulher,WIT
Luana Júlia Nunes Ferreira,Mulher,Natália de Assis Sousa,Mulher,WIT
Luana Júlia Nunes Ferreira,Mulher,Sunny Kelma Oliveira Miranda,Mulher,WIT
Natália de Assis Sousa,Mulher,Sunny Kelma Oliveira Miranda,Mulher,WIT
Juliana F. Borin,Mulher,Luís E. T. Forquesato,Homem,WEI
Claiton Correa,Homem,Fernando Oliveira,Homem,ENCompIF
Claiton Correa,Homem,Joaquim Assunção,Homem,ENCompIF
Fernando Oliveira,Homem,Joaquim Assunção,Homem,ENCompIF
Josaine Pinheiro,Mulher,Mateus Raeder,Homem,WEI
Josaine Pinheiro,Mulher,Mônica Py,Mulher,WEI
Josaine Pinheiro,Mulher,Sandro Rigo,Homem,WEI
Mateus Raeder,Homem,Mônica Py,Mulher,WEI
Mateus Raeder,Homem,Sandro Rigo,Homem,WEI
Mônica Py,Mulher,Sandro Rigo,Homem,WEI
Juventino Neto,Homem,Ricardo Terra,Homem,WEI
Alzira Ferreira da Silva,Mulher,Antônio Cezar de Castro Lima,Homem,WEI
Alzira Ferreira da Silva,Mulher,João Vitor Ferraz,Homem,WEI
Alzira Ferreira da Silva,Mulher,Matheus Lima Viana,Homem,WEI
Alzira Ferreira da Silva,Mulher,Maísa Soares dos Santos Lopes,Mulher,WEI
Alzira Ferreira da Silva,Mulher,Rodrigo Silva Lima,Homem,WEI
Alzira Ferreira da Silva,Mulher,Roque Mendes Prado Trindade,Homem,WEI
Antônio Cezar de Castro Lima,Homem,João Vitor Ferraz,Homem,WEI
Antônio Cezar de Castro Lima,Homem,Matheus Lima Viana,Homem,WEI
Antônio Cezar de Castro Lima,Homem,Maísa Soares dos Santos Lopes,Mulher,WEI
Antônio Cezar de Castro Lima,Homem,Rodrigo Silva Lima,Homem,WEI
Antônio Cezar de Castro Lima,Homem,Roque Mendes Prado Trindade,Homem,WEI
João Vitor Ferraz,Homem,Matheus Lima Viana,Homem,WEI
João Vitor Ferraz,Homem,Maísa Soares dos Santos Lopes,Mulher,WEI
João Vitor Ferraz,Homem,Rodrigo Silva Lima,Homem,WEI
João Vitor Ferraz,Homem,Roque Mendes Prado Trindade,Homem,WEI
Matheus Lima Viana,Homem,Maísa Soares dos Santos Lopes,Mulher,WEI
Matheus Lima Viana,Homem,Rodrigo Silva Lima,Homem,WEI
Matheus Lima Viana,Homem,Roque Mendes Prado Trindade,Homem,WEI
Maísa Soares dos Santos Lopes,Mulher,Rodrigo Silva Lima,Homem,WEI
Maísa Soares dos Santos Lopes,Mulher,Roque Mendes Prado Trindade,Homem,WEI
Rodrigo Silva Lima,Homem,Roque Mendes Prado Trindade,Homem,WEI
Diego F. Silva,Homem,Gustavo E. A. P. A. Batista,Homem,CTD
Adiel de Almeida Filho,Homem,Diogo Lima Silva,Homem,SEMISH
Adiel de Almeida Filho,Homem,Julio Cezar Silva,Homem,SEMISH
Diogo Lima Silva,Homem,Julio Cezar Silva,Homem,SEMISH
Airon dos Santos,Homem,Fábio Gomes,Homem,ENCompIF
Ana Elisa Schmidt,Mulher,Mozara Dias Koehler,Mulher,WIT
Heloneida Coelho,Mulher,Olavo Brito Neto,Homem,ENCompIF
Manoel Campêlo,Homem,Pablo Luiz B. Soares,Homem,ETC
Cândida Nunes da Silva,Mulher,Orlando Lee,Homem,ETC
Cândida Nunes da Silva,Mulher,Vinícius de Souza Carvalho,Homem,ETC
Orlando Lee,Homem,Vinícius de Souza Carvalho,Homem,ETC
Cândida Nunes da Silva,Mulher,Lucas Rigo Yoshimura,Homem,CTIC
Cândida Nunes da Silva,Mulher,Maycon Sambinelli,Homem,CTIC
Cândida Nunes da Silva,Mulher,Orlando Lee,Homem,CTIC
Lucas Rigo Yoshimura,Homem,Maycon Sambinelli,Homem,CTIC
Lucas Rigo Yoshimura,Homem,Orlando Lee,Homem,CTIC
Maycon Sambinelli,Homem,Orlando Lee,Homem,CTIC
Ana Alencar,Mulher,Anna Marques,Mulher,WIT
Ana Alencar,Mulher,Karina Branco,Mulher,WIT
Ana Alencar,Mulher,Maria Mendes,Mulher,WIT
Ana Alencar,Mulher,Valéria Pinheiro,Mulher,WIT
Anna Marques,Mulher,Karina Branco,Mulher,WIT
Anna Marques,Mulher,Maria Mendes,Mulher,WIT
Anna Marques,Mulher,Valéria Pinheiro,Mulher,WIT
Karina Branco,Mulher,Maria Mendes,Mulher,WIT
Karina Branco,Mulher,Valéria Pinheiro,Mulher,WIT
Maria Mendes,Mulher,Valéria Pinheiro,Mulher,WIT
Alexandre Costa,Homem,Flávia Delicato,Mulher,SBCUP
Alexandre Costa,Homem,Jose Souza,Homem,SBCUP
Flávia Delicato,Mulher,Jose Souza,Homem,SBCUP
Cristiano Politowski,Homem,Gabriel Freytag,Homem,WPerformance
Cristiano Politowski,Homem,Lisandra Fontoura,Mulher,WPerformance
Cristiano Politowski,Homem,Vinícius Maran,Homem,WPerformance
Gabriel Freytag,Homem,Lisandra Fontoura,Mulher,WPerformance
Gabriel Freytag,Homem,Vinícius Maran,Homem,WPerformance
Lisandra Fontoura,Mulher,Vinícius Maran,Homem,WPerformance
Evilasio Costa Junior,Homem,Leonardo Rocha,Homem,SBCUP
Evilasio Costa Junior,Homem,Rafael Gomes,Homem,SBCUP
Evilasio Costa Junior,Homem,Rossana Andrade,Mulher,SBCUP
Leonardo Rocha,Homem,Rafael Gomes,Homem,SBCUP
Leonardo Rocha,Homem,Rossana Andrade,Mulher,SBCUP
Rafael Gomes,Homem,Rossana Andrade,Mulher,SBCUP
Andrea Schwertner Charão,Mulher,Cassiano Andrei Dias da Silveira Schneider,Homem,WEI
Andrea Schwertner Charão,Mulher,Rafael Gauna Trindade,Homem,WEI
Cassiano Andrei Dias da Silveira Schneider,Homem,Rafael Gauna Trindade,Homem,WEI
Davi Monteiro Barbosa,Homem,Evilásio Costa Júnior,Homem,SBCUP
Davi Monteiro Barbosa,Homem,Paulo Henrique Mendes Maia,Homem,SBCUP
Evilásio Costa Júnior,Homem,Paulo Henrique Mendes Maia,Homem,SBCUP
Ana Carla Kruger Leite,Mulher,Cibelle Amorim Martins,Mulher,WIT
Ana Carla Kruger Leite,Mulher,Clara Marques Bodart,Mulher,WIT
Ana Carla Kruger Leite,Mulher,Márcia Gonçalves Oliveira,Mulher,WIT
Ana Carla Kruger Leite,Mulher,Soraya Roberta dos Santos Medeiros,Mulher,WIT
Cibelle Amorim Martins,Mulher,Clara Marques Bodart,Mulher,WIT
Cibelle Amorim Martins,Mulher,Márcia Gonçalves Oliveira,Mulher,WIT
Cibelle Amorim Martins,Mulher,Soraya Roberta dos Santos Medeiros,Mulher,WIT
Clara Marques Bodart,Mulher,Márcia Gonçalves Oliveira,Mulher,WIT
Clara Marques Bodart,Mulher,Soraya Roberta dos Santos Medeiros,Mulher,WIT
Márcia Gonçalves Oliveira,Mulher,Soraya Roberta dos Santos Medeiros,Mulher,WIT
Ronney Moreira de Castro,Homem,Tadeu Moreira de Classe,Homem,WEI
Ewerton Andrade,Homem,Marcos A. Simplicio Junior,Homem,CTD
Maria Luíza López Cruz,Mulher,Raquel Souza Francisco Bravo,Mulher,ETC
Adler Diniz de Souza,Homem,Rodrigo Duarte Seabra,Homem,WEI
Adler Diniz de Souza,Homem,Sara Midori Mendes Tomisaki,Mulher,WEI
Rodrigo Duarte Seabra,Homem,Sara Midori Mendes Tomisaki,Mulher,WEI
Ernane Martins,Homem,Luís Gouveia,Homem,WEI
Diego P. P. Mesquita,Homem,João P. P. Gomes,Homem,CTD
Ayslan Trevizan Possebom,Homem,Carlos Roberto Beleti Junior,Homem,WEI
Ayslan Trevizan Possebom,Homem,César Alberto da Silva,Homem,WEI
Ayslan Trevizan Possebom,Homem,Daniela Eloise Flôr,Mulher,WEI
Ayslan Trevizan Possebom,Homem,Eduardo Henrique Molina da Cruz,Homem,WEI
Ayslan Trevizan Possebom,Homem,Paulo César Gonçalves,Homem,WEI
Ayslan Trevizan Possebom,Homem,Rodrigo Hübner,Homem,WEI
Carlos Roberto Beleti Junior,Homem,César Alberto da Silva,Homem,WEI
Carlos Roberto Beleti Junior,Homem,Daniela Eloise Flôr,Mulher,WEI
Carlos Roberto Beleti Junior,Homem,Eduardo Henrique Molina da Cruz,Homem,WEI
Carlos Roberto Beleti Junior,Homem,Paulo César Gonçalves,Homem,WEI
Carlos Roberto Beleti Junior,Homem,Rodrigo Hübner,Homem,WEI
César Alberto da Silva,Homem,Daniela Eloise Flôr,Mulher,WEI
César Alberto da Silva,Homem,Eduardo Henrique Molina da Cruz,Homem,WEI
César Alberto da Silva,Homem,Paulo César Gonçalves,Homem,WEI
César Alberto da Silva,Homem,Rodrigo Hübner,Homem,WEI
Daniela Eloise Flôr,Mulher,Eduardo Henrique Molina da Cruz,Homem,WEI
Daniela Eloise Flôr,Mulher,Paulo César Gonçalves,Homem,WEI
Daniela Eloise Flôr,Mulher,Rodrigo Hübner,Homem,WEI
Eduardo Henrique Molina da Cruz,Homem,Paulo César Gonçalves,Homem,WEI
Eduardo Henrique Molina da Cruz,Homem,Rodrigo Hübner,Homem,WEI
Paulo César Gonçalves,Homem,Rodrigo Hübner,Homem,WEI
Beatriz T. Andrade,Mulher,Carolina S. Louzada,Mulher,WIT
Beatriz T. Andrade,Mulher,Edilayne M. Salgueiro,Mulher,WIT
Beatriz T. Andrade,Mulher,Maria Augusta S. N. Nunes,Mulher,WIT
Beatriz T. Andrade,Mulher,Patricia S. de Lima,Mulher,WIT
Beatriz T. Andrade,Mulher,Raquel M. C. T. Figueiredo,Mulher,WIT
Carolina S. Louzada,Mulher,Edilayne M. Salgueiro,Mulher,WIT
Carolina S. Louzada,Mulher,Maria Augusta S. N. Nunes,Mulher,WIT
Carolina S. Louzada,Mulher,Patricia S. de Lima,Mulher,WIT
Carolina S. Louzada,Mulher,Raquel M. C. T. Figueiredo,Mulher,WIT
Edilayne M. Salgueiro,Mulher,Maria Augusta S. N. Nunes,Mulher,WIT
Edilayne M. Salgueiro,Mulher,Patricia S. de Lima,Mulher,WIT
Edilayne M. Salgueiro,Mulher,Raquel M. C. T. Figueiredo,Mulher,WIT
Maria Augusta S. N. Nunes,Mulher,Patricia S. de Lima,Mulher,WIT
Maria Augusta S. N. Nunes,Mulher,Raquel M. C. T. Figueiredo,Mulher,WIT
Patricia S. de Lima,Mulher,Raquel M. C. T. Figueiredo,Mulher,WIT
Beatriz T. Andrade,Mulher,Carolina S. Louzada,Mulher,WIT
Beatriz T. Andrade,Mulher,Edilayne M. Salgueiro,Mulher,WIT
Beatriz T. Andrade,Mulher,Maria Augusta S. N. Nunes,Mulher,WIT
Beatriz T. Andrade,Mulher,Patricia S. de Lima,Mulher,WIT
Beatriz T. Andrade,Mulher,Raquel M. C. T. Figueiredo,Mulher,WIT
Carolina S. Louzada,Mulher,Edilayne M. Salgueiro,Mulher,WIT
Carolina S. Louzada,Mulher,Maria Augusta S. N. Nunes,Mulher,WIT
Carolina S. Louzada,Mulher,Patricia S. de Lima,Mulher,WIT
Carolina S. Louzada,Mulher,Raquel M. C. T. Figueiredo,Mulher,WIT
Edilayne M. Salgueiro,Mulher,Maria Augusta S. N. Nunes,Mulher,WIT
Edilayne M. Salgueiro,Mulher,Patricia S. de Lima,Mulher,WIT
Edilayne M. Salgueiro,Mulher,Raquel M. C. T. Figueiredo,Mulher,WIT
Maria Augusta S. N. Nunes,Mulher,Patricia S. de Lima,Mulher,WIT
Maria Augusta S. N. Nunes,Mulher,Raquel M. C. T. Figueiredo,Mulher,WIT
Patricia S. de Lima,Mulher,Raquel M. C. T. Figueiredo,Mulher,WIT
Marcia E. J. Kniphoff da Cruz,Mulher,Michel Girotto Brum,Homem,WEI
Ana Cecília M. de Melo,Mulher,Glaucia M. M. Campos,Mulher,WIT
Anderson Stochero,Homem,André Pereira,Mulher,ENCompIF
Anderson Stochero,Homem,Bruna Kopplin,Mulher,ENCompIF
Anderson Stochero,Homem,Cristiane Stamberg,Mulher,ENCompIF
André Pereira,Mulher,Bruna Kopplin,Mulher,ENCompIF
André Pereira,Mulher,Cristiane Stamberg,Mulher,ENCompIF
Bruna Kopplin,Mulher,Cristiane Stamberg,Mulher,ENCompIF
Denis Rosário,Homem,Eduardo Cerqueira,Homem,WPerformance
Denis Rosário,Homem,Leandro A. Villas,Homem,WPerformance
Denis Rosário,Homem,Wellington Lobato Junior,Homem,WPerformance
Eduardo Cerqueira,Homem,Leandro A. Villas,Homem,WPerformance
Eduardo Cerqueira,Homem,Wellington Lobato Junior,Homem,WPerformance
Leandro A. Villas,Homem,Wellington Lobato Junior,Homem,WPerformance
Hilton José Silva de Azevedo,Homem,Robinson Vida Noronha,Homem,WEI
Allan Thales Ramos de Oliveira,Homem,Ana Carolina Cerqueira Ferreira,Mulher,WIT
Allan Thales Ramos de Oliveira,Homem,Débora Abdalla Santos,Mulher,WIT
Allan Thales Ramos de Oliveira,Homem,Ecivaldo de Souza Matos,Homem,WIT
Allan Thales Ramos de Oliveira,Homem,Juliana M. Oliveira dos Santos,Mulher,WIT
Ana Carolina Cerqueira Ferreira,Mulher,Débora Abdalla Santos,Mulher,WIT
Ana Carolina Cerqueira Ferreira,Mulher,Ecivaldo de Souza Matos,Homem,WIT
Ana Carolina Cerqueira Ferreira,Mulher,Juliana M. Oliveira dos Santos,Mulher,WIT
Débora Abdalla Santos,Mulher,Ecivaldo de Souza Matos,Homem,WIT
Débora Abdalla Santos,Mulher,Juliana M. Oliveira dos Santos,Mulher,WIT
Ecivaldo de Souza Matos,Homem,Juliana M. Oliveira dos Santos,Mulher,WIT
Cristiano Maciel,Homem,Karen da Silva Figueiredo,Mulher,WIT
Cristiano Maciel,Homem,Pedro Clarindo da Silva Neto,Homem,WIT
Karen da Silva Figueiredo,Mulher,Pedro Clarindo da Silva Neto,Homem,WIT
Jacques André Grings,Homem,Naira Kaieski,Mulher,WIT
Jacques André Grings,Homem,Paula Nunes,Mulher,WIT
Naira Kaieski,Mulher,Paula Nunes,Mulher,WIT
Júlia Marques Carvalho da Silva,Mulher,Letícia Heinzmann,Mulher,WIT
Júlia Marques Carvalho da Silva,Mulher,Maria Eduarda Romagna,Mulher,WIT
Letícia Heinzmann,Mulher,Maria Eduarda Romagna,Mulher,WIT
Aíla Maciel,Mulher,Gabriela Felipa Souza,Mulher,WIT
Aíla Maciel,Mulher,Patrícia Araújo de Oliveira,Mulher,WIT
Gabriela Felipa Souza,Mulher,Patrícia Araújo de Oliveira,Mulher,WIT
Adriano Rivolli,Homem,André L. Przybysz,Homem,WIT
Adriano Rivolli,Homem,Carlos N. Silla Jr.,Homem,WIT
Adriano Rivolli,Homem,Caroline R. Barroso,Mulher,WIT
Adriano Rivolli,Homem,Jéssika M. Pereira,Mulher,WIT
Adriano Rivolli,Homem,Thayna Gimenez,Mulher,WIT
André L. Przybysz,Homem,Carlos N. Silla Jr.,Homem,WIT
André L. Przybysz,Homem,Caroline R. Barroso,Mulher,WIT
André L. Przybysz,Homem,Jéssika M. Pereira,Mulher,WIT
André L. Przybysz,Homem,Thayna Gimenez,Mulher,WIT
Carlos N. Silla Jr.,Homem,Caroline R. Barroso,Mulher,WIT
Carlos N. Silla Jr.,Homem,Jéssika M. Pereira,Mulher,WIT
Carlos N. Silla Jr.,Homem,Thayna Gimenez,Mulher,WIT
Caroline R. Barroso,Mulher,Jéssika M. Pereira,Mulher,WIT
Caroline R. Barroso,Mulher,Thayna Gimenez,Mulher,WIT
Jéssika M. Pereira,Mulher,Thayna Gimenez,Mulher,WIT
Aleteia Patrícia F. de Araújo,Mulher,Carlos Alberto Jesus de Oliveira,Homem,WIT
Aleteia Patrícia F. de Araújo,Mulher,Maria Emília T. Walter,Mulher,WIT
Aleteia Patrícia F. de Araújo,Mulher,Maristela Holanda,Mulher,WIT
Carlos Alberto Jesus de Oliveira,Homem,Maria Emília T. Walter,Mulher,WIT
Carlos Alberto Jesus de Oliveira,Homem,Maristela Holanda,Mulher,WIT
Maria Emília T. Walter,Mulher,Maristela Holanda,Mulher,WIT
Fabrizio Franzoia,Homem,Fernanda Pires,Mulher,WIT
Fabrizio Franzoia,Homem,Marcela Pessoa,Mulher,WIT
Fernanda Pires,Mulher,Marcela Pessoa,Mulher,WIT
Daniel da A. Souza,Homem,Diego L. Cardoso,Homem,SEMISH
Daniel da A. Souza,Homem,Igor W. A. Falcão,Homem,SEMISH
Daniel da A. Souza,Homem,Paulo H. A. Pereira,Homem,SEMISH
Daniel da A. Souza,Homem,Rafael F. Vieira,Homem,SEMISH
Daniel da A. Souza,Homem,Rita de C. P. Cunha,Mulher,SEMISH
Diego L. Cardoso,Homem,Igor W. A. Falcão,Homem,SEMISH
Diego L. Cardoso,Homem,Paulo H. A. Pereira,Homem,SEMISH
Diego L. Cardoso,Homem,Rafael F. Vieira,Homem,SEMISH
Diego L. Cardoso,Homem,Rita de C. P. Cunha,Mulher,SEMISH
Igor W. A. Falcão,Homem,Paulo H. A. Pereira,Homem,SEMISH
Igor W. A. Falcão,Homem,Rafael F. Vieira,Homem,SEMISH
Igor W. A. Falcão,Homem,Rita de C. P. Cunha,Mulher,SEMISH
Paulo H. A. Pereira,Homem,Rafael F. Vieira,Homem,SEMISH
Paulo H. A. Pereira,Homem,Rita de C. P. Cunha,Mulher,SEMISH
Rafael F. Vieira,Homem,Rita de C. P. Cunha,Mulher,SEMISH
Flavia Maria Santoro,Mulher,Gleison Santos,Homem,WASHES
Flavia Maria Santoro,Mulher,Monica Anastassiu,Mulher,WASHES
Gleison Santos,Homem,Monica Anastassiu,Mulher,WASHES
Carla N. Lintzmayer,Mulher,Denis G. Fantinato,Homem,ETC
Carla N. Lintzmayer,Mulher,Lucas F. Muniz,Homem,ETC
Denis G. Fantinato,Homem,Lucas F. Muniz,Homem,ETC
Anna Helena Reali Costa,Mulher,Felipe Leno da Silva,Homem,CTD
Anderson J. C. Sena,Homem,Fabricio J. B. Brito,Homem,WPerformance
Anderson J. C. Sena,Homem,Filipe C. Fernandes,Homem,WPerformance
Anderson J. C. Sena,Homem,Ramon C. F. Araújo,Homem,WPerformance
Anderson J. C. Sena,Homem,Rodrigo M. S. Oliveira,Homem,WPerformance
Fabricio J. B. Brito,Homem,Filipe C. Fernandes,Homem,WPerformance
Fabricio J. B. Brito,Homem,Ramon C. F. Araújo,Homem,WPerformance
Fabricio J. B. Brito,Homem,Rodrigo M. S. Oliveira,Homem,WPerformance
Filipe C. Fernandes,Homem,Ramon C. F. Araújo,Homem,WPerformance
Filipe C. Fernandes,Homem,Rodrigo M. S. Oliveira,Homem,WPerformance
Ramon C. F. Araújo,Homem,Rodrigo M. S. Oliveira,Homem,WPerformance
Alice F. Barbosa,Mulher,Carina Oliveira,Mulher,WIT
Alice F. Barbosa,Mulher,Helen Abdala R. Ferreira,Mulher,WIT
Alice F. Barbosa,Mulher,Marcia N. Viana,Mulher,WIT
Alice F. Barbosa,Mulher,Reinaldo B. Braga,Homem,WIT
Carina Oliveira,Mulher,Helen Abdala R. Ferreira,Mulher,WIT
Carina Oliveira,Mulher,Marcia N. Viana,Mulher,WIT
Carina Oliveira,Mulher,Reinaldo B. Braga,Homem,WIT
Helen Abdala R. Ferreira,Mulher,Marcia N. Viana,Mulher,WIT
Helen Abdala R. Ferreira,Mulher,Reinaldo B. Braga,Homem,WIT
Marcia N. Viana,Mulher,Reinaldo B. Braga,Homem,WIT
Claudia Susie Rodrigues,Mulher,Cláudia Werner,Mulher,WEI
Claudia Susie Rodrigues,Mulher,Mario Bonicenha,Homem,WEI
Claudia Susie Rodrigues,Mulher,Rebeca Motta,Mulher,WEI
Cláudia Werner,Mulher,Mario Bonicenha,Homem,WEI
Cláudia Werner,Mulher,Rebeca Motta,Mulher,WEI
Mario Bonicenha,Homem,Rebeca Motta,Mulher,WEI
Aron Miranda Henrique-Alves,Homem,Helton Maia,Homem,SEMISH
Aron Miranda Henrique-Alves,Homem,John Victor Alves Luiz,Homem,SEMISH
Aron Miranda Henrique-Alves,Homem,Richardson Santiago Teles de Menezes,Homem,SEMISH
Aron Miranda Henrique-Alves,Homem,Rossana Moreno Santa Cruz,Mulher,SEMISH
Helton Maia,Homem,John Victor Alves Luiz,Homem,SEMISH
Helton Maia,Homem,Richardson Santiago Teles de Menezes,Homem,SEMISH
Helton Maia,Homem,Rossana Moreno Santa Cruz,Mulher,SEMISH
John Victor Alves Luiz,Homem,Richardson Santiago Teles de Menezes,Homem,SEMISH
John Victor Alves Luiz,Homem,Rossana Moreno Santa Cruz,Mulher,SEMISH
Richardson Santiago Teles de Menezes,Homem,Rossana Moreno Santa Cruz,Mulher,SEMISH
Claudia Motta,Mulher,Paulo Roberto Filho,Homem,SEMISH
Claudia Motta,Mulher,Walkir Brito,Homem,SEMISH
Claudia Motta,Mulher,Zeca Borges,Homem,SEMISH
Paulo Roberto Filho,Homem,Walkir Brito,Homem,SEMISH
Paulo Roberto Filho,Homem,Zeca Borges,Homem,SEMISH
Walkir Brito,Homem,Zeca Borges,Homem,SEMISH
Larissa M. da F. Galeno,Mulher,Maria Eduarda H. Lucena,Mulher,WIT
Larissa M. da F. Galeno,Mulher,Maria Luiza M. Campos,Mulher,WIT
Larissa M. da F. Galeno,Mulher,Tainá da S. Lima,Mulher,WIT
Maria Eduarda H. Lucena,Mulher,Maria Luiza M. Campos,Mulher,WIT
Maria Eduarda H. Lucena,Mulher,Tainá da S. Lima,Mulher,WIT
Maria Luiza M. Campos,Mulher,Tainá da S. Lima,Mulher,WIT
Alexandre Amaral,Homem,Ana Paula Malheiro,Mulher,ENCompIF
Manoel Horta Ribeiro,Homem,Virgílio A. F. Almeida,Homem,CTD
Manoel Horta Ribeiro,Homem,Wagner Meira Jr,Homem,CTD
Virgílio A. F. Almeida,Homem,Wagner Meira Jr,Homem,CTD
Cristiano Maciel da Silva,Homem,Marconi de Arruda Pereira,Homem,SBCUP
Cristiano Maciel da Silva,Homem,Pedro Mitsuo Shiroma,Homem,SBCUP
Cristiano Maciel da Silva,Homem,Rone Ilídio da Silva,Homem,SBCUP
Cristiano Maciel da Silva,Homem,Sérgio de Oliveira,Homem,SBCUP
Marconi de Arruda Pereira,Homem,Pedro Mitsuo Shiroma,Homem,SBCUP
Marconi de Arruda Pereira,Homem,Rone Ilídio da Silva,Homem,SBCUP
Marconi de Arruda Pereira,Homem,Sérgio de Oliveira,Homem,SBCUP
Pedro Mitsuo Shiroma,Homem,Rone Ilídio da Silva,Homem,SBCUP
Pedro Mitsuo Shiroma,Homem,Sérgio de Oliveira,Homem,SBCUP
Rone Ilídio da Silva,Homem,Sérgio de Oliveira,Homem,SBCUP
Emanuel Coutinho,Homem,Ernesto Trajano,Homem,WASHES
Emanuel Coutinho,Homem,Italo Santos,Homem,WASHES
Ernesto Trajano,Homem,Italo Santos,Homem,WASHES
Cristiano André da Costa,Homem,Rodrigo da Rosa Righi,Homem,SBCUP
Cristiano André da Costa,Homem,Uélison Jean L. Santos,Homem,SBCUP
Rodrigo da Rosa Righi,Homem,Uélison Jean L. Santos,Homem,SBCUP
Ana Paula Couto da Silva,Mulher,Bruno Demattos Nogueira,Homem,WPerformance
Ana Paula Couto da Silva,Mulher,Fabricio Murai,Homem,WPerformance
Ana Paula Couto da Silva,Mulher,Francisco Galuppo Azevedo,Homem,WPerformance
Bruno Demattos Nogueira,Homem,Fabricio Murai,Homem,WPerformance
Bruno Demattos Nogueira,Homem,Francisco Galuppo Azevedo,Homem,WPerformance
Fabricio Murai,Homem,Francisco Galuppo Azevedo,Homem,WPerformance
Isabel Cafezeiro,Mulher,Leonardo Cruz da Costa,Homem,WEI
Isabel Cafezeiro,Mulher,Ricardo Kubrusly,Homem,WEI
Leonardo Cruz da Costa,Homem,Ricardo Kubrusly,Homem,WEI
Carla Sanches Nere dos Santos,Mulher,Igor Muzetti Pereira,Homem,SEMISH
Carla Sanches Nere dos Santos,Mulher,Vicente José Peixoto de Amorim,Homem,SEMISH
Igor Muzetti Pereira,Homem,Vicente José Peixoto de Amorim,Homem,SEMISH
Alan Fernandes,Homem,Bruna Soares,Mulher,SEMISH
Alan Fernandes,Homem,Bruno Matias,Homem,SEMISH
Alan Fernandes,Homem,Everton Cavalcante,Homem,SEMISH
Alan Fernandes,Homem,Felipe Rocha,Homem,SEMISH
Alan Fernandes,Homem,Oswaldo de Oliveira,Homem,SEMISH
Alan Fernandes,Homem,Sâmela Ferreira,Mulher,SEMISH
Alan Fernandes,Homem,Thais Batista,Mulher,SEMISH
Bruna Soares,Mulher,Bruno Matias,Homem,SEMISH
Bruna Soares,Mulher,Everton Cavalcante,Homem,SEMISH
Bruna Soares,Mulher,Felipe Rocha,Homem,SEMISH
Bruna Soares,Mulher,Oswaldo de Oliveira,Homem,SEMISH
Bruna Soares,Mulher,Sâmela Ferreira,Mulher,SEMISH
Bruna Soares,Mulher,Thais Batista,Mulher,SEMISH
Bruno Matias,Homem,Everton Cavalcante,Homem,SEMISH
Bruno Matias,Homem,Felipe Rocha,Homem,SEMISH
Bruno Matias,Homem,Oswaldo de Oliveira,Homem,SEMISH
Bruno Matias,Homem,Sâmela Ferreira,Mulher,SEMISH
Bruno Matias,Homem,Thais Batista,Mulher,SEMISH
Everton Cavalcante,Homem,Felipe Rocha,Homem,SEMISH
Everton Cavalcante,Homem,Oswaldo de Oliveira,Homem,SEMISH
Everton Cavalcante,Homem,Sâmela Ferreira,Mulher,SEMISH
Everton Cavalcante,Homem,Thais Batista,Mulher,SEMISH
Felipe Rocha,Homem,Oswaldo de Oliveira,Homem,SEMISH
Felipe Rocha,Homem,Sâmela Ferreira,Mulher,SEMISH
Felipe Rocha,Homem,Thais Batista,Mulher,SEMISH
Oswaldo de Oliveira,Homem,Sâmela Ferreira,Mulher,SEMISH
Oswaldo de Oliveira,Homem,Thais Batista,Mulher,SEMISH
Sâmela Ferreira,Mulher,Thais Batista,Mulher,SEMISH
Andre Aquino,Homem,Arthur Melo,Homem,SBCUP
Andre Aquino,Homem,Hugo Souza,Homem,SBCUP
Arthur Melo,Homem,Hugo Souza,Homem,SBCUP
Mauro F. Santos Junior,Homem,Sergiana Alves da Silva,Mulher,WEI
Bianca L. Santana,Mulher,José Solenir L. Figuerêdo,Homem,WEI
Bianca L. Santana,Mulher,Roberto A. Bittencourt,Homem,WEI
José Solenir L. Figuerêdo,Homem,Roberto A. Bittencourt,Homem,WEI
Antonio Carlos Schneider Beck,Homem,Luigi Carro,Homem,CTD
Antonio Carlos Schneider Beck,Homem,Marcelo Brandalero,Homem,CTD
Luigi Carro,Homem,Marcelo Brandalero,Homem,CTD
Aleteia Patrícia F. de Araújo,Mulher,Camila N. Soares,Mulher,WIT
Aleteia Patrícia F. de Araújo,Mulher,Leticia L. Leite,Mulher,WIT
Aleteia Patrícia F. de Araújo,Mulher,Maristela Holanda,Mulher,WIT
Camila N. Soares,Mulher,Leticia L. Leite,Mulher,WIT
Camila N. Soares,Mulher,Maristela Holanda,Mulher,WIT
Leticia L. Leite,Mulher,Maristela Holanda,Mulher,WIT
Leander de Oliveira,Homem,Mariana Michels Fontoura,Mulher,WIT
Leander de Oliveira,Homem,Marília A. Amaral,Mulher,WIT
Mariana Michels Fontoura,Mulher,Marília A. Amaral,Mulher,WIT
Aurora Wang,Mulher,Carla Denise Castanho,Mulher,WIT
Aurora Wang,Mulher,Ingrid Santana,Mulher,WIT
Carla Denise Castanho,Mulher,Ingrid Santana,Mulher,WIT
Alberto Oliveira,Homem,Anderson Rocha,Homem,CTD
Alecsander Dornelles,Homem,Rafael Parizi,Homem,ENCompIF
Pablo Schoeffel,Homem,Raul Sidney Wazlawick,Homem,WEI
Alexandre S. Freire,Homem,Augusto Vellozo,Homem,ETC
Alexandre S. Freire,Homem,Carlos E. Ferreira,Homem,ETC
Augusto Vellozo,Homem,Carlos E. Ferreira,Homem,ETC
Alex B. Vieira,Homem,Artur Ziviani,Homem,WPerformance
Alex B. Vieira,Homem,Gustavo S. Carnivali,Homem,WPerformance
Alex B. Vieira,Homem,Paulo A. A. Esquef,Homem,WPerformance
Artur Ziviani,Homem,Gustavo S. Carnivali,Homem,WPerformance
Artur Ziviani,Homem,Paulo A. A. Esquef,Homem,WPerformance
Gustavo S. Carnivali,Homem,Paulo A. A. Esquef,Homem,WPerformance
Alcides Calsavara,Homem,Ana Paula Gonçalves Serra,Mulher,WEI
Alcides Calsavara,Homem,Francisco de Assis Zampirolli,Homem,WEI
Alcides Calsavara,Homem,Leandro Silva Galvão de Carvalho,Homem,WEI
Alcides Calsavara,Homem,Miguel Jonathan,Homem,WEI
Alcides Calsavara,Homem,Ronaldo Celso Messias Correia,Homem,WEI
Ana Paula Gonçalves Serra,Mulher,Francisco de Assis Zampirolli,Homem,WEI
Ana Paula Gonçalves Serra,Mulher,Leandro Silva Galvão de Carvalho,Homem,WEI
Ana Paula Gonçalves Serra,Mulher,Miguel Jonathan,Homem,WEI
Ana Paula Gonçalves Serra,Mulher,Ronaldo Celso Messias Correia,Homem,WEI
Francisco de Assis Zampirolli,Homem,Leandro Silva Galvão de Carvalho,Homem,WEI
Francisco de Assis Zampirolli,Homem,Miguel Jonathan,Homem,WEI
Francisco de Assis Zampirolli,Homem,Ronaldo Celso Messias Correia,Homem,WEI
Leandro Silva Galvão de Carvalho,Homem,Miguel Jonathan,Homem,WEI
Leandro Silva Galvão de Carvalho,Homem,Ronaldo Celso Messias Correia,Homem,WEI
Miguel Jonathan,Homem,Ronaldo Celso Messias Correia,Homem,WEI
Daniel Carlos Guimarães Pedronette,Homem,Lucas Pascotti Valem,Homem,CTIC
Aurelio Ribeiro Leite Oliveira,Homem,Esther S. Mamián Lopez,Mulher,ETC
Luiz R. F. Sekijima,Homem,Nelson L. S. da Fonseca,Homem,CTIC
Luiz R. F. Sekijima,Homem,Tiago P. C. de Andrade,Homem,CTIC
Nelson L. S. da Fonseca,Homem,Tiago P. C. de Andrade,Homem,CTIC
Barbara Freitas,Mulher,Luciana Cosme,Mulher,WIT
Barbara Freitas,Mulher,Mayara Nascimento,Mulher,WIT
Luciana Cosme,Mulher,Mayara Nascimento,Mulher,WIT
Lucas Ribeiro,Homem,Windson Viana,Homem,SBCUP
Christian Esteve Rothenberg,Homem,Daniel Lazkani Feferman,Homem,WPerformance
Christian Esteve Rothenberg,Homem,Juan Sebastian Mejia Vallejo,Homem,WPerformance
Daniel Lazkani Feferman,Homem,Juan Sebastian Mejia Vallejo,Homem,WPerformance
Alfredo Candia-Véjar,Homem,Luidi Simonetti,Homem,ETC
Alfredo Candia-Véjar,Homem,Luiz Satoru Ochi,Homem,ETC
Alfredo Candia-Véjar,Homem,Uéverton S. Souza,Homem,ETC
Luidi Simonetti,Homem,Luiz Satoru Ochi,Homem,ETC
Luidi Simonetti,Homem,Uéverton S. Souza,Homem,ETC
Luiz Satoru Ochi,Homem,Uéverton S. Souza,Homem,ETC
Ana C. Lorena,Mulher,André C. P. L. F. de Carvalho,Homem,CTD
Ana C. Lorena,Mulher,Luís P. F. Garcia,Homem,CTD
André C. P. L. F. de Carvalho,Homem,Luís P. F. Garcia,Homem,CTD
Arthur Souza,Homem,Italo Cunha,Homem,CTIC
Arthur Souza,Homem,Leonardo B. Oliveira,Homem,CTIC
Italo Cunha,Homem,Leonardo B. Oliveira,Homem,CTIC
André L. P. Guedes,Homem,Leandro M. Zatesko,Homem,CTD
André L. P. Guedes,Homem,Renato Carmo,Homem,CTD
Leandro M. Zatesko,Homem,Renato Carmo,Homem,CTD
Fabricio Mendoza-Granada,Homem,Marcos Villagra,Homem,ETC
Damian Reding,Homem,Dennis Clemens,Homem,ETC
Damian Reding,Homem,Guilherme Oliveira Mota,Homem,ETC
Damian Reding,Homem,Matthew Jenssen,Homem,ETC
Damian Reding,Homem,Natasha Morrison,Mulher,ETC
Damian Reding,Homem,Yoshiharu Kohayakawa,Homem,ETC
Dennis Clemens,Homem,Guilherme Oliveira Mota,Homem,ETC
Dennis Clemens,Homem,Matthew Jenssen,Homem,ETC
Dennis Clemens,Homem,Natasha Morrison,Mulher,ETC
Dennis Clemens,Homem,Yoshiharu Kohayakawa,Homem,ETC
Guilherme Oliveira Mota,Homem,Matthew Jenssen,Homem,ETC
Guilherme Oliveira Mota,Homem,Natasha Morrison,Mulher,ETC
Guilherme Oliveira Mota,Homem,Yoshiharu Kohayakawa,Homem,ETC
Matthew Jenssen,Homem,Natasha Morrison,Mulher,ETC
Matthew Jenssen,Homem,Yoshiharu Kohayakawa,Homem,ETC
Natasha Morrison,Mulher,Yoshiharu Kohayakawa,Homem,ETC
Leander Cordeiro de Oliveira,Homem,Marília Abrahão Amaral,Mulher,WIT
Anne Carolina Silva,Mulher,Helen França Medeiros,Mulher,WIT
Anne Carolina Silva,Mulher,Jennifer Gonçalves do Amaral,Mulher,WIT
Anne Carolina Silva,Mulher,Márcia Gonçalves Oliveira,Mulher,WIT
Anne Carolina Silva,Mulher,Mônica F. da Silva Lopes,Mulher,WIT
Helen França Medeiros,Mulher,Jennifer Gonçalves do Amaral,Mulher,WIT
Helen França Medeiros,Mulher,Márcia Gonçalves Oliveira,Mulher,WIT
Helen França Medeiros,Mulher,Mônica F. da Silva Lopes,Mulher,WIT
Jennifer Gonçalves do Amaral,Mulher,Márcia Gonçalves Oliveira,Mulher,WIT
Jennifer Gonçalves do Amaral,Mulher,Mônica F. da Silva Lopes,Mulher,WIT
Márcia Gonçalves Oliveira,Mulher,Mônica F. da Silva Lopes,Mulher,WIT
Sebastián Urrutia,Homem,Vinicius F. dos Santos,Homem,ETC
João Fernando Machry Sarubbi,Homem,Marcelo Fonseca Faraj,Homem,ETC
João Fernando Machry Sarubbi,Homem,Sebastián Urrutia,Homem,ETC
Marcelo Fonseca Faraj,Homem,Sebastián Urrutia,Homem,ETC
Daniel S. Menasché,Homem,Diego Ximenes,Homem,WPerformance
Daniel S. Menasché,Homem,Edmundo de Souza e Silva,Homem,WPerformance
Daniel S. Menasché,Homem,Gabriel Mendonça,Homem,WPerformance
Daniel S. Menasché,Homem,Gustavo H. A. Santos,Homem,WPerformance
Daniel S. Menasché,Homem,Rosa M.M. Leão,Mulher,WPerformance
Diego Ximenes,Homem,Edmundo de Souza e Silva,Homem,WPerformance
Diego Ximenes,Homem,Gabriel Mendonça,Homem,WPerformance
Diego Ximenes,Homem,Gustavo H. A. Santos,Homem,WPerformance
Diego Ximenes,Homem,Rosa M.M. Leão,Mulher,WPerformance
Edmundo de Souza e Silva,Homem,Gabriel Mendonça,Homem,WPerformance
Edmundo de Souza e Silva,Homem,Gustavo H. A. Santos,Homem,WPerformance
Edmundo de Souza e Silva,Homem,Rosa M.M. Leão,Mulher,WPerformance
Gabriel Mendonça,Homem,Gustavo H. A. Santos,Homem,WPerformance
Gabriel Mendonça,Homem,Rosa M.M. Leão,Mulher,WPerformance
Gustavo H. A. Santos,Homem,Rosa M.M. Leão,Mulher,WPerformance
Anderson Daniel Stochero,Homem,André Pereira,Mulher,ENCompIF
Anderson Daniel Stochero,Homem,Cristiane da Silva Stamberg,Mulher,ENCompIF
Anderson Daniel Stochero,Homem,Samuel Müller Forrati,Homem,ENCompIF
André Pereira,Mulher,Cristiane da Silva Stamberg,Mulher,ENCompIF
André Pereira,Mulher,Samuel Müller Forrati,Homem,ENCompIF
Cristiane da Silva Stamberg,Mulher,Samuel Müller Forrati,Homem,ENCompIF
Gleison dos Santos Souza,Homem,Ronney Moreira de Castro,Homem,WEI
Ecivaldo de Souza Matos,Homem,Monica de Sousa Massa,Mulher,WEI
César França,Homem,Márcia Souza,Mulher,WEI
Débora Abdalla Santos,Mulher,Juliana M. Oliveira dos Santos,Mulher,WIT
Débora Abdalla Santos,Mulher,Karen A. dos S. Pereira,Mulher,WIT
Juliana M. Oliveira dos Santos,Mulher,Karen A. dos S. Pereira,Mulher,WIT
Emily M. Amorim,Mulher,Kelren da Silva Rodrigues,Mulher,ENCompIF
Emily M. Amorim,Mulher,Nirlene P. da Costa,Mulher,ENCompIF
Kelren da Silva Rodrigues,Mulher,Nirlene P. da Costa,Mulher,ENCompIF
Flavia Cristina Bernardini,Mulher,Patrick Moratori,Homem,WEI
Kaio da Silva,Homem,Lucas de Araújo,Homem,ENCompIF
Kaio da Silva,Homem,Luis Sampaio,Homem,ENCompIF
Kaio da Silva,Homem,Marcel Rios,Homem,ENCompIF
Kaio da Silva,Homem,Silvio de Freitas,Homem,ENCompIF
Lucas de Araújo,Homem,Luis Sampaio,Homem,ENCompIF
Lucas de Araújo,Homem,Marcel Rios,Homem,ENCompIF
Lucas de Araújo,Homem,Silvio de Freitas,Homem,ENCompIF
Luis Sampaio,Homem,Marcel Rios,Homem,ENCompIF
Luis Sampaio,Homem,Silvio de Freitas,Homem,ENCompIF
Marcel Rios,Homem,Silvio de Freitas,Homem,ENCompIF
Fábio Protti,Homem,Loana T. Nogueira,Mulher,ETC
Fábio Protti,Homem,Raquel S. F. Bravo,Mulher,ETC
Loana T. Nogueira,Mulher,Raquel S. F. Bravo,Mulher,ETC
Adenauer Yamin,Homem,Jorge Aranda,Homem,SBCUP
Adenauer Yamin,Homem,Jorge Barbosa,Homem,SBCUP
Adenauer Yamin,Homem,Juliano Carvalho,Homem,SBCUP
Adenauer Yamin,Homem,Lucas Dias,Homem,SBCUP
Adenauer Yamin,Homem,Mauricio Tavares,Homem,SBCUP
Jorge Aranda,Homem,Jorge Barbosa,Homem,SBCUP
Jorge Aranda,Homem,Juliano Carvalho,Homem,SBCUP
Jorge Aranda,Homem,Lucas Dias,Homem,SBCUP
Jorge Aranda,Homem,Mauricio Tavares,Homem,SBCUP
Jorge Barbosa,Homem,Juliano Carvalho,Homem,SBCUP
Jorge Barbosa,Homem,Lucas Dias,Homem,SBCUP
Jorge Barbosa,Homem,Mauricio Tavares,Homem,SBCUP
Juliano Carvalho,Homem,Lucas Dias,Homem,SBCUP
Juliano Carvalho,Homem,Mauricio Tavares,Homem,SBCUP
Lucas Dias,Homem,Mauricio Tavares,Homem,SBCUP
Claudia Cappelli,Mulher,Luciana Salgado,Mulher,WIT
Caio Raveli F. Barbosa,Homem,Mikhail José Pires Pedrosa de Oliveira,Homem,WEI
Caio Raveli F. Barbosa,Homem,Priscylla da Silva Tavares,Mulher,WEI
Caio Raveli F. Barbosa,Homem,Stéphanie Alencar Braga,Mulher,WEI
Mikhail José Pires Pedrosa de Oliveira,Homem,Priscylla da Silva Tavares,Mulher,WEI
Mikhail José Pires Pedrosa de Oliveira,Homem,Stéphanie Alencar Braga,Mulher,WEI
Priscylla da Silva Tavares,Mulher,Stéphanie Alencar Braga,Mulher,WEI
Ana Flávia S. A. Moura,Mulher,Andrea B. Nascimento,Mulher,WEI
Ana Flávia S. A. Moura,Mulher,Giorgia O. Mattos,Mulher,WEI
Ana Flávia S. A. Moura,Mulher,Josilene A. Moreira,Mulher,WEI
Andrea B. Nascimento,Mulher,Giorgia O. Mattos,Mulher,WEI
Andrea B. Nascimento,Mulher,Josilene A. Moreira,Mulher,WEI
Giorgia O. Mattos,Mulher,Josilene A. Moreira,Mulher,WEI
Rubens A. Sucupira,Homem,Sulamita Klein,Mulher,ETC
Rubens A. Sucupira,Homem,Uéverton S. Souza,Homem,ETC
Sulamita Klein,Mulher,Uéverton S. Souza,Homem,ETC
Fabiano de Souza Oliveira,Homem,Jayme Luiz Szwarcfiter,Homem,ETC
Fabiano de Souza Oliveira,Homem,Vitor Tocci Ferreira de Luca,Homem,ETC
Jayme Luiz Szwarcfiter,Homem,Vitor Tocci Ferreira de Luca,Homem,ETC
Cândida Nunes da Silva,Mulher,Maycon Sambinelli,Homem,ETC
Cândida Nunes da Silva,Mulher,Orlando Lee,Homem,ETC
Maycon Sambinelli,Homem,Orlando Lee,Homem,ETC
João Pedro W. Bernardi,Homem,Leandro M. Zatesko,Homem,ETC
João Pedro W. Bernardi,Homem,Sheila M. Almeida,Mulher,ETC
Leandro M. Zatesko,Homem,Sheila M. Almeida,Mulher,ETC
Cristina Fernandes,Mulher,Fábio Botler,Homem,ETC
Cristina Fernandes,Mulher,Juan Gutiérrez,Homem,ETC
Fábio Botler,Homem,Juan Gutiérrez,Homem,ETC
Murilo Santos de Lima,Homem,Mário César San Felice,Homem,ETC
Murilo Santos de Lima,Homem,Orlando Lee,Homem,ETC
Mário César San Felice,Homem,Orlando Lee,Homem,ETC
Fábio Botler,Homem,Maycon Sambinelli,Homem,ETC
Fábio Botler,Homem,Orlando Lee,Homem,ETC
Fábio Botler,Homem,Rafael S. Coelho,Homem,ETC
Maycon Sambinelli,Homem,Orlando Lee,Homem,ETC
Maycon Sambinelli,Homem,Rafael S. Coelho,Homem,ETC
Orlando Lee,Homem,Rafael S. Coelho,Homem,ETC
Arthur Pratti Dadalto,Homem,Fábio Luiz Usberti,Homem,ETC
Arthur Pratti Dadalto,Homem,Mário César San Felice,Homem,ETC
Fábio Luiz Usberti,Homem,Mário César San Felice,Homem,ETC
Adriano Kamimura Suzuki,Homem,Matheus Henrique Junqueira Saldanha,Homem,CTIC
Atílio G. Luiz,Homem,Luisa Frickes,Mulher,CTIC
Atílio G. Luiz,Homem,Simone Dantas,Mulher,CTIC
Luisa Frickes,Mulher,Simone Dantas,Mulher,CTIC
Fabrício Silva,Homem,Leonardo Santos,Homem,SBCUP
Fabrício Silva,Homem,Mateus Silva,Homem,SBCUP
Fabrício Silva,Homem,Raissa Souza,Mulher,SBCUP
Fabrício Silva,Homem,Thais Silva,Mulher,SBCUP
Leonardo Santos,Homem,Mateus Silva,Homem,SBCUP
Leonardo Santos,Homem,Raissa Souza,Mulher,SBCUP
Leonardo Santos,Homem,Thais Silva,Mulher,SBCUP
Mateus Silva,Homem,Raissa Souza,Mulher,SBCUP
Mateus Silva,Homem,Thais Silva,Mulher,SBCUP
Raissa Souza,Mulher,Thais Silva,Mulher,SBCUP
Carla Negri Lintzmayer,Mulher,Eduardo Candido Xavier,Homem,ETC
Carla Negri Lintzmayer,Mulher,Flávio Keidi Miyazawa,Homem,ETC
Eduardo Candido Xavier,Homem,Flávio Keidi Miyazawa,Homem,ETC
Eduardo H. M. Cruz,Homem,Philippe O. A. Navaux,Homem,CTD
Jair Leite,Homem,Leandro Galvão,Homem,WEI
Josely Cubero,Mulher,Julia Passos,Mulher,WIT
Josely Cubero,Mulher,Karina Huh,Mulher,WIT
Josely Cubero,Mulher,Lais Cavalheiro,Mulher,WIT
Josely Cubero,Mulher,Marcelo M. Eler,Homem,WIT
Josely Cubero,Mulher,Sarajane M. Peres,Mulher,WIT
Josely Cubero,Mulher,Yasmin Gonçalves,Mulher,WIT
Julia Passos,Mulher,Karina Huh,Mulher,WIT
Julia Passos,Mulher,Lais Cavalheiro,Mulher,WIT
Julia Passos,Mulher,Marcelo M. Eler,Homem,WIT
Julia Passos,Mulher,Sarajane M. Peres,Mulher,WIT
Julia Passos,Mulher,Yasmin Gonçalves,Mulher,WIT
Karina Huh,Mulher,Lais Cavalheiro,Mulher,WIT
Karina Huh,Mulher,Marcelo M. Eler,Homem,WIT
Karina Huh,Mulher,Sarajane M. Peres,Mulher,WIT
Karina Huh,Mulher,Yasmin Gonçalves,Mulher,WIT
Lais Cavalheiro,Mulher,Marcelo M. Eler,Homem,WIT
Lais Cavalheiro,Mulher,Sarajane M. Peres,Mulher,WIT
Lais Cavalheiro,Mulher,Yasmin Gonçalves,Mulher,WIT
Marcelo M. Eler,Homem,Sarajane M. Peres,Mulher,WIT
Marcelo M. Eler,Homem,Yasmin Gonçalves,Mulher,WIT
Sarajane M. Peres,Mulher,Yasmin Gonçalves,Mulher,WIT
Daniel Victor Teixeira Lima,Homem,Francisco de Albuquerque Júnior,Homem,SEMISH
Daniel Victor Teixeira Lima,Homem,Marcelino Silva da Silva,Homem,SEMISH
Daniel Victor Teixeira Lima,Homem,Vanilze Vaz,Mulher,SEMISH
Francisco de Albuquerque Júnior,Homem,Marcelino Silva da Silva,Homem,SEMISH
Francisco de Albuquerque Júnior,Homem,Vanilze Vaz,Mulher,SEMISH
Marcelino Silva da Silva,Homem,Vanilze Vaz,Mulher,SEMISH
Luciano Paschoal Gaspary,Homem,Nicolas Silveira Kagami,Homem,WPerformance
Edson L. Padoin,Homem,Jairo Panetta,Homem,WPerformance
Edson L. Padoin,Homem,Matheus S. Serpa,Homem,WPerformance
Edson L. Padoin,Homem,Philippe O. A. Navaux,Homem,WPerformance
Edson L. Padoin,Homem,Ricardo K. Lorenzoni,Homem,WPerformance
Jairo Panetta,Homem,Matheus S. Serpa,Homem,WPerformance
Jairo Panetta,Homem,Philippe O. A. Navaux,Homem,WPerformance
Jairo Panetta,Homem,Ricardo K. Lorenzoni,Homem,WPerformance
Matheus S. Serpa,Homem,Philippe O. A. Navaux,Homem,WPerformance
Matheus S. Serpa,Homem,Ricardo K. Lorenzoni,Homem,WPerformance
Philippe O. A. Navaux,Homem,Ricardo K. Lorenzoni,Homem,WPerformance
Bruna A. da Silva,Mulher,Cleber Zanchettin,Homem,WPerformance
Bruna A. da Silva,Mulher,David Macedo,Homem,WPerformance
Bruna A. da Silva,Mulher,Paulo F. C. Barbosa,Homem,WPerformance
Bruna A. da Silva,Mulher,Renato M. de Moraes,Homem,WPerformance
Cleber Zanchettin,Homem,David Macedo,Homem,WPerformance
Cleber Zanchettin,Homem,Paulo F. C. Barbosa,Homem,WPerformance
Cleber Zanchettin,Homem,Renato M. de Moraes,Homem,WPerformance
David Macedo,Homem,Paulo F. C. Barbosa,Homem,WPerformance
David Macedo,Homem,Renato M. de Moraes,Homem,WPerformance
Paulo F. C. Barbosa,Homem,Renato M. de Moraes,Homem,WPerformance
Andrei B. B. Torres,Homem,José Adriano Filho,Homem,SBCUP
Andrei B. B. Torres,Homem,José Neuman de Souza,Homem,SBCUP
Andrei B. B. Torres,Homem,Rubens Sonsol Gondim,Homem,SBCUP
José Adriano Filho,Homem,José Neuman de Souza,Homem,SBCUP
José Adriano Filho,Homem,Rubens Sonsol Gondim,Homem,SBCUP
José Neuman de Souza,Homem,Rubens Sonsol Gondim,Homem,SBCUP
Flávia Zenaro Nogueira e Silva,Mulher,Marcos Augusto Francisco Borges,Homem,WEI
Alex Borges Vieira,Homem,Bruno Marques Cremonezi,Homem,CTD
Alex Borges Vieira,Homem,Michele Nogueira Lima,Mulher,CTD
Bruno Marques Cremonezi,Homem,Michele Nogueira Lima,Mulher,CTD
Ana Carolina G. Inocêncio,Mulher,Diego Bevilaqua,Homem,WEI
Ana Carolina G. Inocêncio,Mulher,Flaviane Vicente T. Sant'Anna,Mulher,WEI
Ana Carolina G. Inocêncio,Mulher,Heitor Costa,Homem,WEI
Ana Carolina G. Inocêncio,Mulher,João Darcy T. Sant'Anna,Homem,WEI
Ana Carolina G. Inocêncio,Mulher,Paulo A. Parreira Júnior,Homem,WEI
Ana Carolina G. Inocêncio,Mulher,Paulo Henrique Lima Oliveira,Homem,WEI
Diego Bevilaqua,Homem,Flaviane Vicente T. Sant'Anna,Mulher,WEI
Diego Bevilaqua,Homem,Heitor Costa,Homem,WEI
Diego Bevilaqua,Homem,João Darcy T. Sant'Anna,Homem,WEI
Diego Bevilaqua,Homem,Paulo A. Parreira Júnior,Homem,WEI
Diego Bevilaqua,Homem,Paulo Henrique Lima Oliveira,Homem,WEI
Flaviane Vicente T. Sant'Anna,Mulher,Heitor Costa,Homem,WEI
Flaviane Vicente T. Sant'Anna,Mulher,João Darcy T. Sant'Anna,Homem,WEI
Flaviane Vicente T. Sant'Anna,Mulher,Paulo A. Parreira Júnior,Homem,WEI
Flaviane Vicente T. Sant'Anna,Mulher,Paulo Henrique Lima Oliveira,Homem,WEI
Heitor Costa,Homem,João Darcy T. Sant'Anna,Homem,WEI
Heitor Costa,Homem,Paulo A. Parreira Júnior,Homem,WEI
Heitor Costa,Homem,Paulo Henrique Lima Oliveira,Homem,WEI
João Darcy T. Sant'Anna,Homem,Paulo A. Parreira Júnior,Homem,WEI
João Darcy T. Sant'Anna,Homem,Paulo Henrique Lima Oliveira,Homem,WEI
Paulo A. Parreira Júnior,Homem,Paulo Henrique Lima Oliveira,Homem,WEI
Brendo C. Bonfim,Homem,Carla I. M Bezerra,Mulher,WEI
Brendo C. Bonfim,Homem,Jefferson B. da Silva,Homem,WEI
Brendo C. Bonfim,Homem,Leuson M. P. da Silva,Homem,WEI
Brendo C. Bonfim,Homem,Rogério C. Silva,Homem,WEI
Brendo C. Bonfim,Homem,Wellington L. Moura,Homem,WEI
Carla I. M Bezerra,Mulher,Jefferson B. da Silva,Homem,WEI
Carla I. M Bezerra,Mulher,Leuson M. P. da Silva,Homem,WEI
Carla I. M Bezerra,Mulher,Rogério C. Silva,Homem,WEI
Carla I. M Bezerra,Mulher,Wellington L. Moura,Homem,WEI
Jefferson B. da Silva,Homem,Leuson M. P. da Silva,Homem,WEI
Jefferson B. da Silva,Homem,Rogério C. Silva,Homem,WEI
Jefferson B. da Silva,Homem,Wellington L. Moura,Homem,WEI
Leuson M. P. da Silva,Homem,Rogério C. Silva,Homem,WEI
Leuson M. P. da Silva,Homem,Wellington L. Moura,Homem,WEI
Rogério C. Silva,Homem,Wellington L. Moura,Homem,WEI
Lucas Mudo de Araújo,Homem,Luiz Fernando Delboni Lomba,Homem,ENCompIF
Lucas Mudo de Araújo,Homem,Pedro Henrique Campagna Moura da Silva,Homem,ENCompIF
Lucas Mudo de Araújo,Homem,Wesley Eiji Sanches Kanashiro,Homem,ENCompIF
Luiz Fernando Delboni Lomba,Homem,Pedro Henrique Campagna Moura da Silva,Homem,ENCompIF
Luiz Fernando Delboni Lomba,Homem,Wesley Eiji Sanches Kanashiro,Homem,ENCompIF
Pedro Henrique Campagna Moura da Silva,Homem,Wesley Eiji Sanches Kanashiro,Homem,ENCompIF
Cláudio Geyer,Homem,Luis Silva,Homem,SBCUP
Cláudio Geyer,Homem,Valderi Leithardt,Homem,SBCUP
Cláudio Geyer,Homem,Wemerson Parreira,Homem,SBCUP
Luis Silva,Homem,Valderi Leithardt,Homem,SBCUP
Luis Silva,Homem,Wemerson Parreira,Homem,SBCUP
Valderi Leithardt,Homem,Wemerson Parreira,Homem,SBCUP
Alan Salvany Felinto,Homem,Rafael Lucien Bahr Arias,Homem,SEMISH
Cassio Ferreira Merlo,Homem,Marcia Helena Moreira Paiva,Mulher,ETC
Cassio Ferreira Merlo,Homem,Mauro Pinheiro Rodrigues,Homem,ETC
Marcia Helena Moreira Paiva,Mulher,Mauro Pinheiro Rodrigues,Homem,ETC
Eder Martins Franco,Homem,Marcela Sávia Picanço Pessoa,Mulher,WIT
Eder Martins Franco,Homem,Sérgio Cleger Tamayo,Homem,WIT
Marcela Sávia Picanço Pessoa,Mulher,Sérgio Cleger Tamayo,Homem,WIT
Danilo Melo,Homem,Fernando Mourão,Homem,CTIC
Danilo Melo,Homem,Guilherme Andrade,Homem,CTIC
Danilo Melo,Homem,Leonardo Rocha,Homem,CTIC
Danilo Melo,Homem,Sávyo Toledo,Homem,CTIC
Fernando Mourão,Homem,Guilherme Andrade,Homem,CTIC
Fernando Mourão,Homem,Leonardo Rocha,Homem,CTIC
Fernando Mourão,Homem,Sávyo Toledo,Homem,CTIC
Guilherme Andrade,Homem,Leonardo Rocha,Homem,CTIC
Guilherme Andrade,Homem,Sávyo Toledo,Homem,CTIC
Leonardo Rocha,Homem,Sávyo Toledo,Homem,CTIC
Adriano Yasuda,Homem,Diego Hoss,Homem,WEI
Adriano Yasuda,Homem,Gil Andrade,Homem,WEI
Adriano Yasuda,Homem,Jonatas Nascimento,Homem,WEI
Adriano Yasuda,Homem,Josepher Silva,Homem,WEI
Adriano Yasuda,Homem,Levy Silva,Homem,WEI
Adriano Yasuda,Homem,Roberta Suero,Mulher,WEI
Diego Hoss,Homem,Gil Andrade,Homem,WEI
Diego Hoss,Homem,Jonatas Nascimento,Homem,WEI
Diego Hoss,Homem,Josepher Silva,Homem,WEI
Diego Hoss,Homem,Levy Silva,Homem,WEI
Diego Hoss,Homem,Roberta Suero,Mulher,WEI
Gil Andrade,Homem,Jonatas Nascimento,Homem,WEI
Gil Andrade,Homem,Josepher Silva,Homem,WEI
Gil Andrade,Homem,Levy Silva,Homem,WEI
Gil Andrade,Homem,Roberta Suero,Mulher,WEI
Jonatas Nascimento,Homem,Josepher Silva,Homem,WEI
Jonatas Nascimento,Homem,Levy Silva,Homem,WEI
Jonatas Nascimento,Homem,Roberta Suero,Mulher,WEI
Josepher Silva,Homem,Levy Silva,Homem,WEI
Josepher Silva,Homem,Roberta Suero,Mulher,WEI
Levy Silva,Homem,Roberta Suero,Mulher,WEI
Guilherme Andrade,Homem,Leonardo Rocha,Homem,CTIC
Eduardo Ferreira Baroni,Homem,Gabriel Medina Braga,Homem,WPerformance
Flávio Rocha,Homem,Maykon Renan Pereira da Silva,Homem,WPerformance
Cássio E. dos Santos Jr.,Homem,William Robson Schwartz,Homem,CTD
Aleteia Patrícia F. de Araújo,Mulher,Maria Clicia Steling de Castro,Mulher,WIT
Aleteia Patrícia F. de Araújo,Mulher,Rafaela Brum,Mulher,WIT
Aleteia Patrícia F. de Araújo,Mulher,Rosa Maria E. Moreira da Costa,Mulher,WIT
Aleteia Patrícia F. de Araújo,Mulher,Vera Maria B. Werneck,Mulher,WIT
Maria Clicia Steling de Castro,Mulher,Rafaela Brum,Mulher,WIT
Maria Clicia Steling de Castro,Mulher,Rosa Maria E. Moreira da Costa,Mulher,WIT
Maria Clicia Steling de Castro,Mulher,Vera Maria B. Werneck,Mulher,WIT
Rafaela Brum,Mulher,Rosa Maria E. Moreira da Costa,Mulher,WIT
Rafaela Brum,Mulher,Vera Maria B. Werneck,Mulher,WIT
Rosa Maria E. Moreira da Costa,Mulher,Vera Maria B. Werneck,Mulher,WIT
Ana Lúcia Machado,Mulher,Fabíola Nakamura,Mulher,WIT
Ana Lúcia Machado,Mulher,Ludymila Lobo,Mulher,WIT
Ana Lúcia Machado,Mulher,Rosiane Freitas,Mulher,WIT
Ana Lúcia Machado,Mulher,Tanara Lauschner,Mulher,WIT
Ana Lúcia Machado,Mulher,Taynah Almeida,Mulher,WIT
Fabíola Nakamura,Mulher,Ludymila Lobo,Mulher,WIT
Fabíola Nakamura,Mulher,Rosiane Freitas,Mulher,WIT
Fabíola Nakamura,Mulher,Tanara Lauschner,Mulher,WIT
Fabíola Nakamura,Mulher,Taynah Almeida,Mulher,WIT
Ludymila Lobo,Mulher,Rosiane Freitas,Mulher,WIT
Ludymila Lobo,Mulher,Tanara Lauschner,Mulher,WIT
Ludymila Lobo,Mulher,Taynah Almeida,Mulher,WIT
Rosiane Freitas,Mulher,Tanara Lauschner,Mulher,WIT
Rosiane Freitas,Mulher,Taynah Almeida,Mulher,WIT
Tanara Lauschner,Mulher,Taynah Almeida,Mulher,WIT
Adilson Vahldick,Homem,António José Mendes,Homem,WEI
Adilson Vahldick,Homem,Maria José Marcelino,Mulher,WEI
Adilson Vahldick,Homem,Paulo Roberto Farah,Homem,WEI
António José Mendes,Homem,Maria José Marcelino,Mulher,WEI
António José Mendes,Homem,Paulo Roberto Farah,Homem,WEI
Maria José Marcelino,Mulher,Paulo Roberto Farah,Homem,WEI
Jaline Gonçalves Mombach,Mulher,Paulo Silas Severo de Souza,Homem,WEI
Jaline Gonçalves Mombach,Mulher,Wagner dos Santos Marques,Homem,WEI
Paulo Silas Severo de Souza,Homem,Wagner dos Santos Marques,Homem,WEI
Mariana Cristina Marino,Mulher,Rita C. G. Berardi,Mulher,WIT
Mariana Cristina Marino,Mulher,Silvia Amelia Bim,Mulher,WIT
Rita C. G. Berardi,Mulher,Silvia Amelia Bim,Mulher,WIT
David Moises Barreto dos Santos,Homem,Luiz Otávio Ramos Gavaza,Homem,WEI
David Moises Barreto dos Santos,Homem,Láıs do Nascimento Salvador,Mulher,WEI
Luiz Otávio Ramos Gavaza,Homem,Láıs do Nascimento Salvador,Mulher,WEI
André Luís Alice Raabe,Homem,Eduardo Alves da Silva,Homem,WEI
André Luís Alice Raabe,Homem,Elieser Ademir de Jesus,Homem,WEI
André Luís Alice Raabe,Homem,Natália Ellery Ribeiro Couto,Mulher,WEI
Eduardo Alves da Silva,Homem,Elieser Ademir de Jesus,Homem,WEI
Eduardo Alves da Silva,Homem,Natália Ellery Ribeiro Couto,Mulher,WEI
Elieser Ademir de Jesus,Homem,Natália Ellery Ribeiro Couto,Mulher,WEI
Karen da Silva Figueiredo,Mulher,Rayane Vitorassi,Mulher,WIT
Karen da Silva Figueiredo,Mulher,Suliane de Oliveira Carneiro,Mulher,WIT
Rayane Vitorassi,Mulher,Suliane de Oliveira Carneiro,Mulher,WIT
Aleteia Patrícia F. de Araújo,Mulher,Gustavo Couto,Homem,WIT
Aleteia Patrícia F. de Araújo,Mulher,Jan Mendonça Correa,Homem,WIT
Aleteia Patrícia F. de Araújo,Mulher,Maria Emília T. Walter,Mulher,WIT
Aleteia Patrícia F. de Araújo,Mulher,Maristela Holanda,Mulher,WIT
Aleteia Patrícia F. de Araújo,Mulher,Marília Dantas,Mulher,WIT
Gustavo Couto,Homem,Jan Mendonça Correa,Homem,WIT
Gustavo Couto,Homem,Maria Emília T. Walter,Mulher,WIT
Gustavo Couto,Homem,Maristela Holanda,Mulher,WIT
Gustavo Couto,Homem,Marília Dantas,Mulher,WIT
Jan Mendonça Correa,Homem,Maria Emília T. Walter,Mulher,WIT
Jan Mendonça Correa,Homem,Maristela Holanda,Mulher,WIT
Jan Mendonça Correa,Homem,Marília Dantas,Mulher,WIT
Maria Emília T. Walter,Mulher,Maristela Holanda,Mulher,WIT
Maria Emília T. Walter,Mulher,Marília Dantas,Mulher,WIT
Maristela Holanda,Mulher,Marília Dantas,Mulher,WIT
Air Rabelo,Homem,Fernando Silva Parreiras,Homem,WEI
Air Rabelo,Homem,Luiz Claudio Gomes Maia,Homem,WEI
Fernando Silva Parreiras,Homem,Luiz Claudio Gomes Maia,Homem,WEI
Danielo G. Gomes,Homem,Michelle Cacais,Mulher,WPerformance
Danielo G. Gomes,Homem,Paulo Armando C. Aguilar,Homem,WPerformance
Danielo G. Gomes,Homem,Rossana M. C. Andrade,Mulher,WPerformance
Michelle Cacais,Mulher,Paulo Armando C. Aguilar,Homem,WPerformance
Michelle Cacais,Mulher,Rossana M. C. Andrade,Mulher,WPerformance
Paulo Armando C. Aguilar,Homem,Rossana M. C. Andrade,Mulher,WPerformance
Denilson Souza Bélo,Homem,Edson Midorikawa,Homem,WPerformance
Denilson Souza Bélo,Homem,Liria Sato,Mulher,WPerformance
Edson Midorikawa,Homem,Liria Sato,Mulher,WPerformance
Luciana S. Buriol,Mulher,Toni I. Wickert,Homem,CTD
Carolina Aguilar,Mulher,Irlon Lamblet,Homem,ENCompIF
Carolina Aguilar,Mulher,Luis Silva,Homem,ENCompIF
Carolina Aguilar,Mulher,Rafael Escalfoni,Homem,ENCompIF
Carolina Aguilar,Mulher,Rafael Ferreira,Homem,ENCompIF
Irlon Lamblet,Homem,Luis Silva,Homem,ENCompIF
Irlon Lamblet,Homem,Rafael Escalfoni,Homem,ENCompIF
Irlon Lamblet,Homem,Rafael Ferreira,Homem,ENCompIF
Luis Silva,Homem,Rafael Escalfoni,Homem,ENCompIF
Luis Silva,Homem,Rafael Ferreira,Homem,ENCompIF
Rafael Escalfoni,Homem,Rafael Ferreira,Homem,ENCompIF
Eudes S. Andrade,Homem,Gabriel F. Sousa,Homem,SBCUP
Eudes S. Andrade,Homem,Sandro S. Andrade,Homem,SBCUP
Gabriel F. Sousa,Homem,Sandro S. Andrade,Homem,SBCUP
Matheus Eloy Franco,Homem,Otávio Soares Paparidis,Homem,WEI
Carlos Alberto Severiano Júnior,Homem,Cristiane Targa,Mulher,WIT
Carlos Alberto Severiano Júnior,Homem,Daniel B. F. Conrado,Homem,WIT
Carlos Alberto Severiano Júnior,Homem,Gabriel Novy,Homem,WIT
Carlos Alberto Severiano Júnior,Homem,Lara Cadar Cunha,Mulher,WIT
Cristiane Targa,Mulher,Daniel B. F. Conrado,Homem,WIT
Cristiane Targa,Mulher,Gabriel Novy,Homem,WIT
Cristiane Targa,Mulher,Lara Cadar Cunha,Mulher,WIT
Daniel B. F. Conrado,Homem,Gabriel Novy,Homem,WIT
Daniel B. F. Conrado,Homem,Lara Cadar Cunha,Mulher,WIT
Gabriel Novy,Homem,Lara Cadar Cunha,Mulher,WIT
Cristiano Maciel,Homem,Karen da Silva Figueiredo Medeiros Ribeiro,Mulher,WIT
Cristiano Maciel,Homem,Leticia Santos Machado,Mulher,WIT
Cristiano Maciel,Homem,Luciana Bolan Frigo,Mulher,WIT
Cristiano Maciel,Homem,Silvia Amelia Bim,Mulher,WIT
Karen da Silva Figueiredo Medeiros Ribeiro,Mulher,Leticia Santos Machado,Mulher,WIT
Karen da Silva Figueiredo Medeiros Ribeiro,Mulher,Luciana Bolan Frigo,Mulher,WIT
Karen da Silva Figueiredo Medeiros Ribeiro,Mulher,Silvia Amelia Bim,Mulher,WIT
Leticia Santos Machado,Mulher,Luciana Bolan Frigo,Mulher,WIT
Leticia Santos Machado,Mulher,Silvia Amelia Bim,Mulher,WIT
Luciana Bolan Frigo,Mulher,Silvia Amelia Bim,Mulher,WIT
Eduardo Figueiredo,Homem,Maurício Souza,Homem,WEI
Eduardo Figueiredo,Homem,Renata Moreira,Mulher,WEI
Maurício Souza,Homem,Renata Moreira,Mulher,WEI
Ayla Dantas,Mulher,Ivonildo Neto,Homem,WEI
Ayla Dantas,Mulher,Matheus Oliveira,Homem,WEI
Ivonildo Neto,Homem,Matheus Oliveira,Homem,WEI
Bruno Dias,Homem,Javier Marenco,Homem,ETC
Bruno Dias,Homem,Nelson Maculan,Homem,ETC
Bruno Dias,Homem,Rosiane Freitas,Mulher,ETC
Javier Marenco,Homem,Nelson Maculan,Homem,ETC
Javier Marenco,Homem,Rosiane Freitas,Mulher,ETC
Nelson Maculan,Homem,Rosiane Freitas,Mulher,ETC
Gustavo Kira,Homem,Luiz Ernesto Merkle,Homem,WEI
Cristiano Maciel,Homem,Gisela Cesario,Mulher,WIT
Cristiano Maciel,Homem,Sílvia Amélia Bim,Mulher,WIT
Gisela Cesario,Mulher,Sílvia Amélia Bim,Mulher,WIT
Christian Marlon Souza Couto,Homem,Lucas Lemos Barbosa,Homem,WEI
Christian Marlon Souza Couto,Homem,Ricardo Terra,Homem,WEI
Lucas Lemos Barbosa,Homem,Ricardo Terra,Homem,WEI
Adson Esteves,Homem,Aluizio Filho,Homem,WEI
Adson Esteves,Homem,André Raabe,Homem,WEI
Adson Esteves,Homem,Luiz Noschang,Homem,WEI
Aluizio Filho,Homem,André Raabe,Homem,WEI
Aluizio Filho,Homem,Luiz Noschang,Homem,WEI
André Raabe,Homem,Luiz Noschang,Homem,WEI
Aleteia Araujo,Mulher,Maristela Holanda,Mulher,WIT
Fabiano Oliveira,Homem,Juan P. A. Lopes,Homem,ETC
Fabiano Oliveira,Homem,Valmir C. Barbosa,Homem,ETC
Juan P. A. Lopes,Homem,Valmir C. Barbosa,Homem,ETC
Ana Solórzano,Mulher,Andrea Charão,Mulher,WEI
Ana Solórzano,Mulher,Cassiano Schneider,Homem,WEI
Andrea Charão,Mulher,Cassiano Schneider,Homem,WEI
Ismael Araújo Ramos,Homem,Márcio André Baima Amora,Homem,SEMISH
Juan Colonna,Homem,Marco Cristo,Homem,SBCUP
Juan Colonna,Homem,Nabson Silva,Homem,SBCUP
Marco Cristo,Homem,Nabson Silva,Homem,SBCUP
Andre L. L. Aquino,Homem,Charles M. P. Almeida,Homem,SBCUP
Davi Viana,Homem,Olavo Barbosa,Homem,WASHES
Davi Viana,Homem,Rodrigo Pereira dos Santos,Homem,WASHES
Olavo Barbosa,Homem,Rodrigo Pereira dos Santos,Homem,WASHES
Bernardo Stearns,Homem,Fabio Rangel,Homem,CTIC
Bernardo Stearns,Homem,Fabrício Firmino,Homem,CTIC
Bernardo Stearns,Homem,Flavio Rangel,Homem,CTIC
Bernardo Stearns,Homem,Jonice Oliveira,Mulher,CTIC
Fabio Rangel,Homem,Fabrício Firmino,Homem,CTIC
Fabio Rangel,Homem,Flavio Rangel,Homem,CTIC
Fabio Rangel,Homem,Jonice Oliveira,Mulher,CTIC
Fabrício Firmino,Homem,Flavio Rangel,Homem,CTIC
Fabrício Firmino,Homem,Jonice Oliveira,Mulher,CTIC
Flavio Rangel,Homem,Jonice Oliveira,Mulher,CTIC
Fabiano Oliveira,Homem,Juan P. A. Lopes,Homem,CTD
Fabiano Oliveira,Homem,Paulo E. D. Pinto,Homem,CTD
Juan P. A. Lopes,Homem,Paulo E. D. Pinto,Homem,CTD
Fábio Silva,Homem,Raquel Bravo,Mulher,ETC
Fábio Silva,Homem,Rodolfo Oliveira,Homem,ETC
Fábio Silva,Homem,Ueverton Souza,Homem,ETC
Raquel Bravo,Mulher,Rodolfo Oliveira,Homem,ETC
Raquel Bravo,Mulher,Ueverton Souza,Homem,ETC
Rodolfo Oliveira,Homem,Ueverton Souza,Homem,ETC
André Roberto Ortoncelli,Homem,Marisângela Pacheco Brittes,Mulher,WEI
Eduardo Henrique da Silva Aranha,Homem,Kleber Tavares Fernandes,Homem,WEI
Eduardo Henrique da Silva Aranha,Homem,Márcia Jacyntha Nunes Rodrigues Lucena,Mulher,WEI
Kleber Tavares Fernandes,Homem,Márcia Jacyntha Nunes Rodrigues Lucena,Mulher,WEI
Jailma da silva,Mulher,Renata Figueiredo,Mulher,WIT
Jailma da silva,Mulher,Sheyla Medeiros,Mulher,WIT
Jailma da silva,Mulher,Thaíse Costa,Mulher,WIT
Jailma da silva,Mulher,Vanessa Dantas,Mulher,WIT
Renata Figueiredo,Mulher,Sheyla Medeiros,Mulher,WIT
Renata Figueiredo,Mulher,Thaíse Costa,Mulher,WIT
Renata Figueiredo,Mulher,Vanessa Dantas,Mulher,WIT
Sheyla Medeiros,Mulher,Thaíse Costa,Mulher,WIT
Sheyla Medeiros,Mulher,Vanessa Dantas,Mulher,WIT
Thaíse Costa,Mulher,Vanessa Dantas,Mulher,WIT
Ana Carolina C. Ferreira,Mulher,Ecivaldo S. Matos,Homem,WIT
Ana Carolina C. Ferreira,Mulher,Emilayne F. Corlett,Mulher,WIT
Ana Carolina C. Ferreira,Mulher,Juliana M. S. Oliveira,Mulher,WIT
Ana Carolina C. Ferreira,Mulher,Maria José dos Santos,Mulher,WIT
Ecivaldo S. Matos,Homem,Emilayne F. Corlett,Mulher,WIT
Ecivaldo S. Matos,Homem,Juliana M. S. Oliveira,Mulher,WIT
Ecivaldo S. Matos,Homem,Maria José dos Santos,Mulher,WIT
Emilayne F. Corlett,Mulher,Juliana M. S. Oliveira,Mulher,WIT
Emilayne F. Corlett,Mulher,Maria José dos Santos,Mulher,WIT
Juliana M. S. Oliveira,Mulher,Maria José dos Santos,Mulher,WIT
Carla M. Paxiúba,Mulher,Josivan R. Reis,Homem,WIT
Carla M. Paxiúba,Mulher,Luiz Henrique C. Nunes,Homem,WIT
Carla M. Paxiúba,Mulher,Mariana W. B. Nascimento,Mulher,WIT
Carla M. Paxiúba,Mulher,Márcio J. M. Ponte,Homem,WIT
Carla M. Paxiúba,Mulher,Roberto P. Nascimento,Homem,WIT
Josivan R. Reis,Homem,Luiz Henrique C. Nunes,Homem,WIT
Josivan R. Reis,Homem,Mariana W. B. Nascimento,Mulher,WIT
Josivan R. Reis,Homem,Márcio J. M. Ponte,Homem,WIT
Josivan R. Reis,Homem,Roberto P. Nascimento,Homem,WIT
Luiz Henrique C. Nunes,Homem,Mariana W. B. Nascimento,Mulher,WIT
Luiz Henrique C. Nunes,Homem,Márcio J. M. Ponte,Homem,WIT
Luiz Henrique C. Nunes,Homem,Roberto P. Nascimento,Homem,WIT
Mariana W. B. Nascimento,Mulher,Márcio J. M. Ponte,Homem,WIT
Mariana W. B. Nascimento,Mulher,Roberto P. Nascimento,Homem,WIT
Márcio J. M. Ponte,Homem,Roberto P. Nascimento,Homem,WIT
Elisandra Silva,Mulher,Sandra Oliveira,Homem,WIT
Elisandra Silva,Mulher,Thais Sousa,Mulher,WIT
Sandra Oliveira,Homem,Thais Sousa,Mulher,WIT
Juliana Freire,Mulher,Laís M. A. Rocha,Mulher,CTD
Juliana Freire,Mulher,Mirella M. Moro,Mulher,CTD
Laís M. A. Rocha,Mulher,Mirella M. Moro,Mulher,CTD
Débora Zumpichiatti,Mulher,Janaína Gomide,Mulher,WEI
Débora Zumpichiatti,Mulher,João Pinheiro,Homem,WEI
Débora Zumpichiatti,Mulher,Julia Godinho,Mulher,WEI
Débora Zumpichiatti,Mulher,Yuri Guedes ,Homem,WEI
Janaína Gomide,Mulher,João Pinheiro,Homem,WEI
Janaína Gomide,Mulher,Julia Godinho,Mulher,WEI
Janaína Gomide,Mulher,Yuri Guedes ,Homem,WEI
João Pinheiro,Homem,Julia Godinho,Mulher,WEI
João Pinheiro,Homem,Yuri Guedes ,Homem,WEI
Julia Godinho,Mulher,Yuri Guedes ,Homem,WEI
Cristiano Maciel,Homem,Jéssica Azevedo,Mulher,WIT
Cristiano Maciel,Homem,Karen da Silva Figueiredo,Mulher,WIT
Jéssica Azevedo,Mulher,Karen da Silva Figueiredo,Mulher,WIT
Gláucia Braga e Silva,Mulher,Thais Regina de Moura Braga Silva,Mulher,WIT
Andréa Pereira Mendonça,Mulher,Silmar Antonio Buchner de Oliveira,Homem,WEI
Silvino M. da Silva Junior,Homem,Sônia V. Alves França,Mulher,WEI
Bianca Santana,Mulher,Camille Jesus,Mulher,WEI
Bianca Santana,Mulher,Roberto A. Bittencourt,Homem,WEI
Camille Jesus,Mulher,Roberto A. Bittencourt,Homem,WEI
Gláucia Braga e Silva,Mulher,Maria Dalila Vieira,Mulher,WIT
Gláucia Braga e Silva,Mulher,Thais Regina de M. B. Silva,Mulher,WIT
Maria Dalila Vieira,Mulher,Thais Regina de M. B. Silva,Mulher,WIT
Andrea S. Charão,Mulher,Iago C. Corrêa,Homem,WEI
Andrea S. Charão,Mulher,João V. F. Lima,Homem,WEI
Andrea S. Charão,Mulher,Lucas F. Silva,Homem,WEI
Iago C. Corrêa,Homem,João V. F. Lima,Homem,WEI
Iago C. Corrêa,Homem,Lucas F. Silva,Homem,WEI
João V. F. Lima,Homem,Lucas F. Silva,Homem,WEI
Alex V. Bastos,Homem,Cristiano G. Pitangui,Homem,SBCUP
Alex V. Bastos,Homem,Cristiano M. Silva,Homem,SBCUP
Alex V. Bastos,Homem,Fabrício A. Silva,Homem,SBCUP
Alex V. Bastos,Homem,Rone I. Silva,Homem,SBCUP
Cristiano G. Pitangui,Homem,Cristiano M. Silva,Homem,SBCUP
Cristiano G. Pitangui,Homem,Fabrício A. Silva,Homem,SBCUP
Cristiano G. Pitangui,Homem,Rone I. Silva,Homem,SBCUP
Cristiano M. Silva,Homem,Fabrício A. Silva,Homem,SBCUP
Cristiano M. Silva,Homem,Rone I. Silva,Homem,SBCUP
Fabrício A. Silva,Homem,Rone I. Silva,Homem,SBCUP
Eduardo Andrade,Homem,Gabriel Batista,Homem,WEI
Eduardo Andrade,Homem,Janáına Gomide,Mulher,WEI
Eduardo Andrade,Homem,Julia Godinho,Mulher,WEI
Eduardo Andrade,Homem,Kathleen Torres,Mulher,WEI
Gabriel Batista,Homem,Janáına Gomide,Mulher,WEI
Gabriel Batista,Homem,Julia Godinho,Mulher,WEI
Gabriel Batista,Homem,Kathleen Torres,Mulher,WEI
Janáına Gomide,Mulher,Julia Godinho,Mulher,WEI
Janáına Gomide,Mulher,Kathleen Torres,Mulher,WEI
Julia Godinho,Mulher,Kathleen Torres,Mulher,WEI
Anderson Souza,Homem,Cleyton Gomes,Homem,ENCompIF
Anderson Souza,Homem,Gabriel Souza,Homem,ENCompIF
Anderson Souza,Homem,Gustavo Moreira,Homem,ENCompIF
Anderson Souza,Homem,Lúcio Zebendo,Homem,ENCompIF
Anderson Souza,Homem,Rafael Escalfoni,Homem,ENCompIF
Anderson Souza,Homem,Vinícius Vieira,Homem,ENCompIF
Cleyton Gomes,Homem,Gabriel Souza,Homem,ENCompIF
Cleyton Gomes,Homem,Gustavo Moreira,Homem,ENCompIF
Cleyton Gomes,Homem,Lúcio Zebendo,Homem,ENCompIF
Cleyton Gomes,Homem,Rafael Escalfoni,Homem,ENCompIF
Cleyton Gomes,Homem,Vinícius Vieira,Homem,ENCompIF
Gabriel Souza,Homem,Gustavo Moreira,Homem,ENCompIF
Gabriel Souza,Homem,Lúcio Zebendo,Homem,ENCompIF
Gabriel Souza,Homem,Rafael Escalfoni,Homem,ENCompIF
Gabriel Souza,Homem,Vinícius Vieira,Homem,ENCompIF
Gustavo Moreira,Homem,Lúcio Zebendo,Homem,ENCompIF
Gustavo Moreira,Homem,Rafael Escalfoni,Homem,ENCompIF
Gustavo Moreira,Homem,Vinícius Vieira,Homem,ENCompIF
Lúcio Zebendo,Homem,Rafael Escalfoni,Homem,ENCompIF
Lúcio Zebendo,Homem,Vinícius Vieira,Homem,ENCompIF
Rafael Escalfoni,Homem,Vinícius Vieira,Homem,ENCompIF
Ludymila Lobo,Mulher,Rosiane Freitas,Mulher,WIT
Ludymila Lobo,Mulher,Tayana Conte,Mulher,WIT
Rosiane Freitas,Mulher,Tayana Conte,Mulher,WIT
Ana Alencar,Mulher,Anna Marques,Mulher,WIT
Ana Alencar,Mulher,Valéria Pinheiro,Mulher,WIT
Anna Marques,Mulher,Valéria Pinheiro,Mulher,WIT
Alexandre Cezar,Homem,Ana Shirley Ferreira Silva,Mulher,ETC
Alexandre Cezar,Homem,Carlos Vinícius Gomes Costa Lima,Homem,ETC
Alexandre Cezar,Homem,Julio Araujo,Homem,ETC
Alexandre Cezar,Homem,Vinicius Fernandes dos Santos,Homem,ETC
Ana Shirley Ferreira Silva,Mulher,Carlos Vinícius Gomes Costa Lima,Homem,ETC
Ana Shirley Ferreira Silva,Mulher,Julio Araujo,Homem,ETC
Ana Shirley Ferreira Silva,Mulher,Vinicius Fernandes dos Santos,Homem,ETC
Carlos Vinícius Gomes Costa Lima,Homem,Julio Araujo,Homem,ETC
Carlos Vinícius Gomes Costa Lima,Homem,Vinicius Fernandes dos Santos,Homem,ETC
Julio Araujo,Homem,Vinicius Fernandes dos Santos,Homem,ETC
Celso A. Weffort-Santos,Homem,Christiane N. Campos,Mulher,CTD
Celso A. Weffort-Santos,Homem,Rafael C. S. Schoeury,Homem,CTD
Christiane N. Campos,Mulher,Rafael C. S. Schoeury,Homem,CTD
Manoel Campêlo,Homem,Pedro Jorge de Abreu Figueredo,Homem,ETC
Alexandre Pereira do Carmo,Homem,Douglas Almonfrey,Homem,SBCUP
Alexandre Pereira do Carmo,Homem,Felippe Mendonça de Queiroz,Homem,SBCUP
Alexandre Pereira do Carmo,Homem,Pedro Vinicius dos Santos Custodio,Homem,SBCUP
Alexandre Pereira do Carmo,Homem,Raquel Frizera Vassallo,Mulher,SBCUP
Alexandre Pereira do Carmo,Homem,Wagner Augusto Aranda Cotta,Homem,SBCUP
Douglas Almonfrey,Homem,Felippe Mendonça de Queiroz,Homem,SBCUP
Douglas Almonfrey,Homem,Pedro Vinicius dos Santos Custodio,Homem,SBCUP
Douglas Almonfrey,Homem,Raquel Frizera Vassallo,Mulher,SBCUP
Douglas Almonfrey,Homem,Wagner Augusto Aranda Cotta,Homem,SBCUP
Felippe Mendonça de Queiroz,Homem,Pedro Vinicius dos Santos Custodio,Homem,SBCUP
Felippe Mendonça de Queiroz,Homem,Raquel Frizera Vassallo,Mulher,SBCUP
Felippe Mendonça de Queiroz,Homem,Wagner Augusto Aranda Cotta,Homem,SBCUP
Pedro Vinicius dos Santos Custodio,Homem,Raquel Frizera Vassallo,Mulher,SBCUP
Pedro Vinicius dos Santos Custodio,Homem,Wagner Augusto Aranda Cotta,Homem,SBCUP
Raquel Frizera Vassallo,Mulher,Wagner Augusto Aranda Cotta,Homem,SBCUP
Bruno Clemente,Homem,Bruno Coutinho,Homem,ENCompIF
Bruno Clemente,Homem,Paulo Sabaini,Homem,ENCompIF
Bruno Coutinho,Homem,Paulo Sabaini,Homem,ENCompIF
Alexandre Morais,Homem,Carlos Lima,Homem,ENCompIF
Alexandre Morais,Homem,Helder Rangel,Homem,ENCompIF
Alexandre Morais,Homem,Heremita Lima,Mulher,ENCompIF
Alexandre Morais,Homem,Nadja Rodrigues,Mulher,ENCompIF
Alexandre Morais,Homem,Samyra Almeida,Mulher,ENCompIF
Alexandre Morais,Homem,Tiago Barbosa,Homem,ENCompIF
Carlos Lima,Homem,Helder Rangel,Homem,ENCompIF
Carlos Lima,Homem,Heremita Lima,Mulher,ENCompIF
Carlos Lima,Homem,Nadja Rodrigues,Mulher,ENCompIF
Carlos Lima,Homem,Samyra Almeida,Mulher,ENCompIF
Carlos Lima,Homem,Tiago Barbosa,Homem,ENCompIF
Helder Rangel,Homem,Heremita Lima,Mulher,ENCompIF
Helder Rangel,Homem,Nadja Rodrigues,Mulher,ENCompIF
Helder Rangel,Homem,Samyra Almeida,Mulher,ENCompIF
Helder Rangel,Homem,Tiago Barbosa,Homem,ENCompIF
Heremita Lima,Mulher,Nadja Rodrigues,Mulher,ENCompIF
Heremita Lima,Mulher,Samyra Almeida,Mulher,ENCompIF
Heremita Lima,Mulher,Tiago Barbosa,Homem,ENCompIF
Nadja Rodrigues,Mulher,Samyra Almeida,Mulher,ENCompIF
Nadja Rodrigues,Mulher,Tiago Barbosa,Homem,ENCompIF
Samyra Almeida,Mulher,Tiago Barbosa,Homem,ENCompIF
Efrem E. O. Lousada,Homem,Raquel A. F. Mini,Mulher,SEMISH
Adriana N. dos Reis,Mulher,Nicole C. Davila,Mulher,CTIC
Ariane N. Rodrigues,Mulher,Renato H. de Oliveira Lopes,Homem,WEI
Denis Rosário,Homem,Eduardo Cerqueira,Homem,WPerformance
Denis Rosário,Homem,Helder Oliveira,Homem,WPerformance
Denis Rosário,Homem,Rafael Lopes,Homem,WPerformance
Eduardo Cerqueira,Homem,Helder Oliveira,Homem,WPerformance
Eduardo Cerqueira,Homem,Rafael Lopes,Homem,WPerformance
Helder Oliveira,Homem,Rafael Lopes,Homem,WPerformance
Matheus Henrique Junqueira Saldanha,Homem,Paulo Sérgio Lopes de Souza,Homem,CTIC
André C. Drummond,Homem,Paulo J. S. Júnior,Homem,WPerformance
Carlos Storck,Homem,Efrem Lousada,Homem,SBCUP
Carlos Storck,Homem,Fátima Duarte-Figueiredo,Mulher,SBCUP
Carlos Storck,Homem,Raquel Mini,Mulher,SBCUP
Efrem Lousada,Homem,Fátima Duarte-Figueiredo,Mulher,SBCUP
Efrem Lousada,Homem,Raquel Mini,Mulher,SBCUP
Fátima Duarte-Figueiredo,Mulher,Raquel Mini,Mulher,SBCUP
Diego L. Cardoso,Homem,Igor W. A. Falcão,Homem,WPerformance
Diego L. Cardoso,Homem,Marcos C. R. Seruffo,Homem,WPerformance
Diego L. Cardoso,Homem,Rafael F. Vieira,Homem,WPerformance
Igor W. A. Falcão,Homem,Marcos C. R. Seruffo,Homem,WPerformance
Igor W. A. Falcão,Homem,Rafael F. Vieira,Homem,WPerformance
Marcos C. R. Seruffo,Homem,Rafael F. Vieira,Homem,WPerformance
Luiz Fernando Delboni Lomba,Homem,Olavo José Luiz Junior,Homem,WEI
Cristiano Martins Monteiro,Homem,Cristina Duarte Murta,Mulher,SEMISH
Cristiano Martins Monteiro,Homem,Fábio Rocha da Silva,Homem,SEMISH
Cristina Duarte Murta,Mulher,Fábio Rocha da Silva,Homem,SEMISH
Rafael C. S. Schoeury,Homem,Yulle G. F. Borges,Mulher,ETC
Isabela Gasparini,Mulher,Suzany Angeli,Mulher,WIT
Isabela Gasparini,Mulher,Sílvia Amélia Bim,Mulher,WIT
Suzany Angeli,Mulher,Sílvia Amélia Bim,Mulher,WIT
Elloá Guedes,Mulher,Giovana Lucca,Mulher,WIT
Elloá Guedes,Mulher,Juliany Raiol,Mulher,WIT
Elloá Guedes,Mulher,Nicoli Araújo,Mulher,WIT
Elloá Guedes,Mulher,Rafaela Sousa,Mulher,WIT
Giovana Lucca,Mulher,Juliany Raiol,Mulher,WIT
Giovana Lucca,Mulher,Nicoli Araújo,Mulher,WIT
Giovana Lucca,Mulher,Rafaela Sousa,Mulher,WIT
Juliany Raiol,Mulher,Nicoli Araújo,Mulher,WIT
Juliany Raiol,Mulher,Rafaela Sousa,Mulher,WIT
Nicoli Araújo,Mulher,Rafaela Sousa,Mulher,WIT
Carlos Kamienski,Homem,Juliano Ratusznei,Homem,SEMISH
Carlos Kamienski,Homem,Waleska Zanotto,Mulher,SEMISH
Juliano Ratusznei,Homem,Waleska Zanotto,Mulher,SEMISH
Allan F. F. Amaral,Homem,José Gonçalves Pereira Filho,Homem,SBCUP
Allan F. F. Amaral,Homem,João L. R. Moreira,Homem,SBCUP
Allan F. F. Amaral,Homem,Matheus O. Jagi,Homem,SBCUP
Allan F. F. Amaral,Homem,Silvana Rossetto,Mulher,SBCUP
José Gonçalves Pereira Filho,Homem,João L. R. Moreira,Homem,SBCUP
José Gonçalves Pereira Filho,Homem,Matheus O. Jagi,Homem,SBCUP
José Gonçalves Pereira Filho,Homem,Silvana Rossetto,Mulher,SBCUP
João L. R. Moreira,Homem,Matheus O. Jagi,Homem,SBCUP
João L. R. Moreira,Homem,Silvana Rossetto,Mulher,SBCUP
Matheus O. Jagi,Homem,Silvana Rossetto,Mulher,SBCUP
Carlos A. Astudillo,Homem,Juliana Freitag Borin,Mulher,CTD
Carlos A. Astudillo,Homem,Nelson L. S. da Fonseca,Homem,CTD
Juliana Freitag Borin,Mulher,Nelson L. S. da Fonseca,Homem,CTD
Michael Hicks,Homem,Mário S. Alvim,Homem,ETC
Caroline Collange,Mulher,Fernando Magno Quintão Pereira,Homem,CTD
Caroline Collange,Mulher,Marcos Yukio Siraichi,Homem,CTD
Caroline Collange,Mulher,Vinicius F. dos Santos,Homem,CTD
Fernando Magno Quintão Pereira,Homem,Marcos Yukio Siraichi,Homem,CTD
Fernando Magno Quintão Pereira,Homem,Vinicius F. dos Santos,Homem,CTD
Marcos Yukio Siraichi,Homem,Vinicius F. dos Santos,Homem,CTD
Edson M. da Costa,Homem,Jailton W. Tavares,Homem,ENCompIF
Edson M. da Costa,Homem,Patrícia P. Diniz,Mulher,ENCompIF
Edson M. da Costa,Homem,Renato H. Torres,Homem,ENCompIF
Edson M. da Costa,Homem,Wallyson O. das Mecês,Homem,ENCompIF
Jailton W. Tavares,Homem,Patrícia P. Diniz,Mulher,ENCompIF
Jailton W. Tavares,Homem,Renato H. Torres,Homem,ENCompIF
Jailton W. Tavares,Homem,Wallyson O. das Mecês,Homem,ENCompIF
Patrícia P. Diniz,Mulher,Renato H. Torres,Homem,ENCompIF
Patrícia P. Diniz,Mulher,Wallyson O. das Mecês,Homem,ENCompIF
Renato H. Torres,Homem,Wallyson O. das Mecês,Homem,ENCompIF
Daniel Ratton Figueiredo,Homem,José de Paula Neves Neto,Homem,WPerformance
Fabiano Oliveira,Homem,Flavia Bonomo,Mulher,ETC
Fabiano Oliveira,Homem,Jayme L. Szwarcfiter,Homem,ETC
Fabiano Oliveira,Homem,Moysés Sampaio Jr,Homem,ETC
Flavia Bonomo,Mulher,Jayme L. Szwarcfiter,Homem,ETC
Flavia Bonomo,Mulher,Moysés Sampaio Jr,Homem,ETC
Jayme L. Szwarcfiter,Homem,Moysés Sampaio Jr,Homem,ETC
Brendo Cavalcante,Homem,Bruno Gadelha,Homem,SEMISH
Brendo Cavalcante,Homem,João Gustavo Kienen,Homem,SEMISH
Brendo Cavalcante,Homem,Julia Luiza da Conceição,Mulher,SEMISH
Brendo Cavalcante,Homem,Rosiane Freitas,Mulher,SEMISH
Brendo Cavalcante,Homem,Sérgio Anders,Homem,SEMISH
Bruno Gadelha,Homem,João Gustavo Kienen,Homem,SEMISH
Bruno Gadelha,Homem,Julia Luiza da Conceição,Mulher,SEMISH
Bruno Gadelha,Homem,Rosiane Freitas,Mulher,SEMISH
Bruno Gadelha,Homem,Sérgio Anders,Homem,SEMISH
João Gustavo Kienen,Homem,Julia Luiza da Conceição,Mulher,SEMISH
João Gustavo Kienen,Homem,Rosiane Freitas,Mulher,SEMISH
João Gustavo Kienen,Homem,Sérgio Anders,Homem,SEMISH
Julia Luiza da Conceição,Mulher,Rosiane Freitas,Mulher,SEMISH
Julia Luiza da Conceição,Mulher,Sérgio Anders,Homem,SEMISH
Rosiane Freitas,Mulher,Sérgio Anders,Homem,SEMISH
Andrea G. C. Bianchi,Mulher,Carlos A. L. Mion,Homem,SEMISH
Andrea G. C. Bianchi,Mulher,Igor M. Pereira,Homem,SEMISH
Andrea G. C. Bianchi,Mulher,Ricardo A. R. Oliveira,Homem,SEMISH
Andrea G. C. Bianchi,Mulher,Ricardo C. Camara,Homem,SEMISH
Andrea G. C. Bianchi,Mulher,Vicente J. P. Amorim,Homem,SEMISH
Carlos A. L. Mion,Homem,Igor M. Pereira,Homem,SEMISH
Carlos A. L. Mion,Homem,Ricardo A. R. Oliveira,Homem,SEMISH
Carlos A. L. Mion,Homem,Ricardo C. Camara,Homem,SEMISH
Carlos A. L. Mion,Homem,Vicente J. P. Amorim,Homem,SEMISH
Igor M. Pereira,Homem,Ricardo A. R. Oliveira,Homem,SEMISH
Igor M. Pereira,Homem,Ricardo C. Camara,Homem,SEMISH
Igor M. Pereira,Homem,Vicente J. P. Amorim,Homem,SEMISH
Ricardo A. R. Oliveira,Homem,Ricardo C. Camara,Homem,SEMISH
Ricardo A. R. Oliveira,Homem,Vicente J. P. Amorim,Homem,SEMISH
Ricardo C. Camara,Homem,Vicente J. P. Amorim,Homem,SEMISH
Artur Ziviani,Homem,Carla Delgado,Mulher,WPerformance
Artur Ziviani,Homem,Daniel Menasch,Homem,WPerformance
Artur Ziviani,Homem,Raul G. M. de Freitas,Homem,WPerformance
Carla Delgado,Mulher,Daniel Menasch,Homem,WPerformance
Carla Delgado,Mulher,Raul G. M. de Freitas,Homem,WPerformance
Daniel Menasch,Homem,Raul G. M. de Freitas,Homem,WPerformance
Carla Delgado,Mulher,Daniel S. Menasché,Homem,WPerformance
Carla Delgado,Mulher,Felipe Assis,Homem,WPerformance
Carla Delgado,Mulher,João Ismael Pinheiro,Homem,WPerformance
Carla Delgado,Mulher,Mateus S. Nogueira,Homem,WPerformance
Daniel S. Menasché,Homem,Felipe Assis,Homem,WPerformance
Daniel S. Menasché,Homem,João Ismael Pinheiro,Homem,WPerformance
Daniel S. Menasché,Homem,Mateus S. Nogueira,Homem,WPerformance
Felipe Assis,Homem,João Ismael Pinheiro,Homem,WPerformance
Felipe Assis,Homem,Mateus S. Nogueira,Homem,WPerformance
João Ismael Pinheiro,Homem,Mateus S. Nogueira,Homem,WPerformance
André Carvalho Silva,Homem,Orlando Lee,Homem,ETC
Leonardo Perdomo,Homem,Mozart Lemos de Siqueira,Homem,CTIC
Débora Abdalla Santos,Mulher,Ecivaldo de Souza Matos,Homem,WEI
Débora Abdalla Santos,Mulher,Ícaro Andrade Souza,Homem,WEI
Ecivaldo de Souza Matos,Homem,Ícaro Andrade Souza,Homem,WEI
Gustavo José da Silva,Homem,Ramon Gustavo Teodoro Marques da Silva,Homem,ENCompIF
Gustavo José da Silva,Homem,Ricardo Vasconcellos de Carvalho Remédio,Homem,ENCompIF
Ramon Gustavo Teodoro Marques da Silva,Homem,Ricardo Vasconcellos de Carvalho Remédio,Homem,ENCompIF
Cristiano Maciel,Homem,Karen da Silva Figueiredo,Mulher,WIT
Ana L. C. Bazzan,Mulher,Bruno C. da Silva,Homem,CTD
Ana L. C. Bazzan,Mulher,Gabriel O. Ramos,Homem,CTD
Bruno C. da Silva,Homem,Gabriel O. Ramos,Homem,CTD
Lucas de Freitas Kauer,Homem,Raquel Salcedo Gomes,Mulher,ENCompIF
Lucas de Freitas Kauer,Homem,Rodrigo Remor Oliveira,Homem,ENCompIF
Raquel Salcedo Gomes,Mulher,Rodrigo Remor Oliveira,Homem,ENCompIF
Ana C. M. Souza,Mulher,Izadora Perkoski,Mulher,WIT
Ana C. M. Souza,Mulher,Vanessa Romankiv,Mulher,WIT
Izadora Perkoski,Mulher,Vanessa Romankiv,Mulher,WIT
Alba S. L. do Nascimento,Mulher,Anna Raquel S. Marinho,Mulher,WEI
Alba S. L. do Nascimento,Mulher,Givanaldo R. de Souza,Homem,WEI
Anna Raquel S. Marinho,Mulher,Givanaldo R. de Souza,Homem,WEI
Felipe M. Sampaio,Homem,Jefferson P. de Almeida,Homem,WEI
Marco Aurélio Graciotto Silva,Homem,Narci Nogueira da Silva,Mulher,WEI
Bruno Kalel da Silva,Homem,Fábio José Alves,Homem,ENCompIF
Bruno Kalel da Silva,Homem,Gabryella Rocha Rodrigues,Mulher,ENCompIF
Bruno Kalel da Silva,Homem,Leonardo da Silva Moraes,Homem,ENCompIF
Bruno Kalel da Silva,Homem,Rita Rocha Kasahara,Mulher,ENCompIF
Fábio José Alves,Homem,Gabryella Rocha Rodrigues,Mulher,ENCompIF
Fábio José Alves,Homem,Leonardo da Silva Moraes,Homem,ENCompIF
Fábio José Alves,Homem,Rita Rocha Kasahara,Mulher,ENCompIF
Gabryella Rocha Rodrigues,Mulher,Leonardo da Silva Moraes,Homem,ENCompIF
Gabryella Rocha Rodrigues,Mulher,Rita Rocha Kasahara,Mulher,ENCompIF
Leonardo da Silva Moraes,Homem,Rita Rocha Kasahara,Mulher,ENCompIF
Monique Casagranda,Mulher,Pedro Clarindo da Silva Neto,Homem,WIT
Maria Andréia Formico Rodrigues,Mulher,Ygor Rebouças Serpa,Homem,CTIC
Anderson Viçoso de Araújo,Homem,Felício Gobbi Hoffmann Santos Pereira,Homem,WEI
Anderson Viçoso de Araújo,Homem,Graziela Santos de Araújo,Mulher,WEI
Anderson Viçoso de Araújo,Homem,Heitor Batistela Zunta,Homem,WEI
Anderson Viçoso de Araújo,Homem,Luciana Montera Cheung,Mulher,WEI
Felício Gobbi Hoffmann Santos Pereira,Homem,Graziela Santos de Araújo,Mulher,WEI
Felício Gobbi Hoffmann Santos Pereira,Homem,Heitor Batistela Zunta,Homem,WEI
Felício Gobbi Hoffmann Santos Pereira,Homem,Luciana Montera Cheung,Mulher,WEI
Graziela Santos de Araújo,Mulher,Heitor Batistela Zunta,Homem,WEI
Graziela Santos de Araújo,Mulher,Luciana Montera Cheung,Mulher,WEI
Heitor Batistela Zunta,Homem,Luciana Montera Cheung,Mulher,WEI
Anelise Souza Rocha,Mulher,Douglas Farias Cordeiro,Homem,WIT
Anelise Souza Rocha,Mulher,Kátia Kelvis Cassiano,Mulher,WIT
Anelise Souza Rocha,Mulher,Nubia Rosa da Silva,Mulher,WIT
Douglas Farias Cordeiro,Homem,Kátia Kelvis Cassiano,Mulher,WIT
Douglas Farias Cordeiro,Homem,Nubia Rosa da Silva,Mulher,WIT
Kátia Kelvis Cassiano,Mulher,Nubia Rosa da Silva,Mulher,WIT
Fabiano de S. Oliveira,Homem,Juan P. A. Lopes,Homem,ETC
Fabiano de S. Oliveira,Homem,Paulo E. D. Pinto,Homem,ETC
Juan P. A. Lopes,Homem,Paulo E. D. Pinto,Homem,ETC
Carla I. M Bezerra,Mulher,Emanuel Coutinho,Homem,WASHES
Carla I. M Bezerra,Mulher,Italo de Oliveira,Homem,WASHES
Emanuel Coutinho,Homem,Italo de Oliveira,Homem,WASHES
Fabrício A. Silva,Homem,Ronan D. Mendonça,Homem,SBCUP
Fabrício A. Silva,Homem,Thais R. M. B. Silva,Mulher,SBCUP
Ronan D. Mendonça,Homem,Thais R. M. B. Silva,Mulher,SBCUP
Denis Rosário,Homem,Eduardo Cerqueira,Homem,SBCUP
Denis Rosário,Homem,Eduardo Lima,Homem,SBCUP
Denis Rosário,Homem,Helder Oliveira,Homem,SBCUP
Denis Rosário,Homem,Jean Moraes,Homem,SBCUP
Denis Rosário,Homem,Nagib Matni,Homem,SBCUP
Eduardo Cerqueira,Homem,Eduardo Lima,Homem,SBCUP
Eduardo Cerqueira,Homem,Helder Oliveira,Homem,SBCUP
Eduardo Cerqueira,Homem,Jean Moraes,Homem,SBCUP
Eduardo Cerqueira,Homem,Nagib Matni,Homem,SBCUP
Eduardo Lima,Homem,Helder Oliveira,Homem,SBCUP
Eduardo Lima,Homem,Jean Moraes,Homem,SBCUP
Eduardo Lima,Homem,Nagib Matni,Homem,SBCUP
Helder Oliveira,Homem,Jean Moraes,Homem,SBCUP
Helder Oliveira,Homem,Nagib Matni,Homem,SBCUP
Jean Moraes,Homem,Nagib Matni,Homem,SBCUP
Felipe Lisboa,Homem,Juliana de Santi,Mulher,CTIC
Felipe Lisboa,Homem,Keiko V. O. Fonseca,Mulher,CTIC
Juliana de Santi,Mulher,Keiko V. O. Fonseca,Mulher,CTIC
André Luiz Pires Guedes,Homem,Fabricio Schiavon Kolberg,Homem,ETC
André Luiz Pires Guedes,Homem,Marina Groshaus,Mulher,ETC
André Luiz Pires Guedes,Homem,Renato Carmo,Homem,ETC
Fabricio Schiavon Kolberg,Homem,Marina Groshaus,Mulher,ETC
Fabricio Schiavon Kolberg,Homem,Renato Carmo,Homem,ETC
Marina Groshaus,Mulher,Renato Carmo,Homem,ETC
Audir da Costa Oliveira Filho,Homem,Christiane Borges Santos,Mulher,WIT
Isa Neves,Mulher,Laila Pereira Mota,Mulher,WEI
Eliane Pozzebon,Mulher,Luciana B. Frigo,Mulher,WIT
Eliane Pozzebon,Mulher,Maitê Thomazi Manenti,Mulher,WIT
Eliane Pozzebon,Mulher,Tatiana Nilson dos Santos,Mulher,WIT
Eliane Pozzebon,Mulher,Éverton Fabian Jasinski,Homem,WIT
Luciana B. Frigo,Mulher,Maitê Thomazi Manenti,Mulher,WIT
Luciana B. Frigo,Mulher,Tatiana Nilson dos Santos,Mulher,WIT
Luciana B. Frigo,Mulher,Éverton Fabian Jasinski,Homem,WIT
Maitê Thomazi Manenti,Mulher,Tatiana Nilson dos Santos,Mulher,WIT
Maitê Thomazi Manenti,Mulher,Éverton Fabian Jasinski,Homem,WIT
Tatiana Nilson dos Santos,Mulher,Éverton Fabian Jasinski,Homem,WIT
Ariadne Costa,Mulher,Luciana Trento Raineri,Mulher,CTIC
Ariadne Costa,Mulher,Rafael Silva Del Lama,Homem,CTIC
Ariadne Costa,Mulher,Raquel Mariana Candido,Mulher,CTIC
Ariadne Costa,Mulher,Renato Tinos,Homem,CTIC
Luciana Trento Raineri,Mulher,Rafael Silva Del Lama,Homem,CTIC
Luciana Trento Raineri,Mulher,Raquel Mariana Candido,Mulher,CTIC
Luciana Trento Raineri,Mulher,Renato Tinos,Homem,CTIC
Rafael Silva Del Lama,Homem,Raquel Mariana Candido,Mulher,CTIC
Rafael Silva Del Lama,Homem,Renato Tinos,Homem,CTIC
Raquel Mariana Candido,Mulher,Renato Tinos,Homem,CTIC
Douglas F. Pereira,Homem,Marcelo de Souza Júnior,Homem,SEMISH
Douglas F. Pereira,Homem,Pedro H. Bugatti,Homem,SEMISH
Douglas F. Pereira,Homem,Priscila T. M. Saito,Mulher,SEMISH
Douglas F. Pereira,Homem,Rafael S. Bressan,Homem,SEMISH
Marcelo de Souza Júnior,Homem,Pedro H. Bugatti,Homem,SEMISH
Marcelo de Souza Júnior,Homem,Priscila T. M. Saito,Mulher,SEMISH
Marcelo de Souza Júnior,Homem,Rafael S. Bressan,Homem,SEMISH
Pedro H. Bugatti,Homem,Priscila T. M. Saito,Mulher,SEMISH
Pedro H. Bugatti,Homem,Rafael S. Bressan,Homem,SEMISH
Priscila T. M. Saito,Mulher,Rafael S. Bressan,Homem,SEMISH
André Kurt Amann Pereira,Homem,Rodrigo Filev Maia,Homem,SEMISH
André Kurt Amann Pereira,Homem,Yuri Marinho Olivatti,Homem,SEMISH
Rodrigo Filev Maia,Homem,Yuri Marinho Olivatti,Homem,SEMISH
Carina Oliveira,Mulher,Daniel Victor Saraiva,Homem,SBCUP
Carina Oliveira,Mulher,Lindemberg Nascimento,Homem,SBCUP
Carina Oliveira,Mulher,Reinaldo Braga,Homem,SBCUP
Carina Oliveira,Mulher,Renato Alves,Homem,SBCUP
Daniel Victor Saraiva,Homem,Lindemberg Nascimento,Homem,SBCUP
Daniel Victor Saraiva,Homem,Reinaldo Braga,Homem,SBCUP
Daniel Victor Saraiva,Homem,Renato Alves,Homem,SBCUP
Lindemberg Nascimento,Homem,Reinaldo Braga,Homem,SBCUP
Lindemberg Nascimento,Homem,Renato Alves,Homem,SBCUP
Reinaldo Braga,Homem,Renato Alves,Homem,SBCUP
Bruno Rogério S. dos Santos,Homem,Joaquim C. Júnior,Homem,WPerformance
Bruno Rogério S. dos Santos,Homem,Leonardo S. Rocha,Homem,WPerformance
Bruno Rogério S. dos Santos,Homem,Renan da S. Alves,Homem,WPerformance
Joaquim C. Júnior,Homem,Leonardo S. Rocha,Homem,WPerformance
Joaquim C. Júnior,Homem,Renan da S. Alves,Homem,WPerformance
Leonardo S. Rocha,Homem,Renan da S. Alves,Homem,WPerformance
Carlos Silva,Homem,Estela Diaz,Mulher,ENCompIF
Carlos Silva,Homem,Lucas Leal,Homem,ENCompIF
Carlos Silva,Homem,Pedro Lourenço,Homem,ENCompIF
Estela Diaz,Mulher,Lucas Leal,Homem,ENCompIF
Estela Diaz,Mulher,Pedro Lourenço,Homem,ENCompIF
Lucas Leal,Homem,Pedro Lourenço,Homem,ENCompIF
Karin Komati,Mulher,Kelly Gazolli,Mulher,ENCompIF
Karin Komati,Mulher,Wander Fernandes Junior,Homem,ENCompIF
Kelly Gazolli,Mulher,Wander Fernandes Junior,Homem,ENCompIF
Luciana Salete Buriol,Mulher,Luciano Paschoal Gaspary,Homem,CTD
Luciana Salete Buriol,Mulher,Marcelo Caggiani Luizelli,Homem,CTD
Luciano Paschoal Gaspary,Homem,Marcelo Caggiani Luizelli,Homem,CTD
Carolina Paula de Almeida,Mulher,Josiel N. Kuk,Homem,SEMISH
Carolina Paula de Almeida,Mulher,Lucas M. Pavelski,Homem,SEMISH
Carolina Paula de Almeida,Mulher,Richard Aderbal Gonçalves,Homem,SEMISH
Carolina Paula de Almeida,Mulher,Sandra Mara G. S. Venske,Mulher,SEMISH
Josiel N. Kuk,Homem,Lucas M. Pavelski,Homem,SEMISH
Josiel N. Kuk,Homem,Richard Aderbal Gonçalves,Homem,SEMISH
Josiel N. Kuk,Homem,Sandra Mara G. S. Venske,Mulher,SEMISH
Lucas M. Pavelski,Homem,Richard Aderbal Gonçalves,Homem,SEMISH
Lucas M. Pavelski,Homem,Sandra Mara G. S. Venske,Mulher,SEMISH
Richard Aderbal Gonçalves,Homem,Sandra Mara G. S. Venske,Mulher,SEMISH
Claudio L. Amorim,Homem,Flavia C. Delicato,Mulher,SBCUP
Claudio L. Amorim,Homem,Tiago C. de S. Xavier,Homem,SBCUP
Flavia C. Delicato,Mulher,Tiago C. de S. Xavier,Homem,SBCUP
Anderson Lemos,Homem,Olga Goussevskaia,Mulher,CTD
Anderson Lemos,Homem,Vinicius F. dos Santos,Homem,CTD
Olga Goussevskaia,Mulher,Vinicius F. dos Santos,Homem,CTD
Erickson R. Nascimento,Homem,Mario F. M. Campos,Homem,CTD
Erickson R. Nascimento,Homem,Michel M. Silva,Homem,CTD
Mario F. M. Campos,Homem,Michel M. Silva,Homem,CTD
Francisco de Assis Boldt,Homem,Jefferson Oliveira Andrade,Homem,SEMISH
Francisco de Assis Boldt,Homem,Karin Satie Komati,Mulher,SEMISH
Francisco de Assis Boldt,Homem,Leandro Rodrigues Ramos,Homem,SEMISH
Jefferson Oliveira Andrade,Homem,Karin Satie Komati,Mulher,SEMISH
Jefferson Oliveira Andrade,Homem,Leandro Rodrigues Ramos,Homem,SEMISH
Karin Satie Komati,Mulher,Leandro Rodrigues Ramos,Homem,SEMISH
Anderson Rocha,Homem,Daniel Moreira,Homem,CTD
Eduardo F. Nakamura,Homem,Juan G. Colonna,Homem,SBCUP
Eduardo F. Nakamura,Homem,Waldomiro J. G. Seabra,Homem,SBCUP
Juan G. Colonna,Homem,Waldomiro J. G. Seabra,Homem,SBCUP
André Luiz Alves,Homem,Danielly Rayanne M. Lima,Mulher,ENCompIF
André Luiz Alves,Homem,Raissa Ohana F. O e Silva,Mulher,ENCompIF
André Luiz Alves,Homem,Álvaro Getúlio Medeiros,Homem,ENCompIF
Danielly Rayanne M. Lima,Mulher,Raissa Ohana F. O e Silva,Mulher,ENCompIF
Danielly Rayanne M. Lima,Mulher,Álvaro Getúlio Medeiros,Homem,ENCompIF
Raissa Ohana F. O e Silva,Mulher,Álvaro Getúlio Medeiros,Homem,ENCompIF
Bruno Silvestre,Homem,Eliseu Germano,Homem,SBCUP
Bruno Silvestre,Homem,Sergio Carvalho,Homem,SBCUP
Eliseu Germano,Homem,Sergio Carvalho,Homem,SBCUP
Dorgival Guedes,Homem,Nestor D. O. Volpini,Homem,WPerformance
Dorgival Guedes,Homem,Vinicius S. Conceição,Homem,WPerformance
Nestor D. O. Volpini,Homem,Vinicius S. Conceição,Homem,WPerformance
Ana Luíza S. Milson,Mulher,Daniel H. Dalip,Homem,WIT
Ana Luíza S. Milson,Mulher,Indra Matsiendra C. D. Ribeiro,Mulher,WIT
Ana Luíza S. Milson,Mulher,Izabela A. Andrade,Mulher,WIT
Ana Luíza S. Milson,Mulher,Julia M. M. Gonçalves,Mulher,WIT
Ana Luíza S. Milson,Mulher,Luísa M. Laboissiere,Mulher,WIT
Ana Luíza S. Milson,Mulher,Marcella D. Ferreira,Mulher,WIT
Ana Luíza S. Milson,Mulher,Michele A. Brandão,Mulher,WIT
Ana Luíza S. Milson,Mulher,Mirella M. Moro,Mulher,WIT
Daniel H. Dalip,Homem,Indra Matsiendra C. D. Ribeiro,Mulher,WIT
Daniel H. Dalip,Homem,Izabela A. Andrade,Mulher,WIT
Daniel H. Dalip,Homem,Julia M. M. Gonçalves,Mulher,WIT
Daniel H. Dalip,Homem,Luísa M. Laboissiere,Mulher,WIT
Daniel H. Dalip,Homem,Marcella D. Ferreira,Mulher,WIT
Daniel H. Dalip,Homem,Michele A. Brandão,Mulher,WIT
Daniel H. Dalip,Homem,Mirella M. Moro,Mulher,WIT
Indra Matsiendra C. D. Ribeiro,Mulher,Izabela A. Andrade,Mulher,WIT
Indra Matsiendra C. D. Ribeiro,Mulher,Julia M. M. Gonçalves,Mulher,WIT
Indra Matsiendra C. D. Ribeiro,Mulher,Luísa M. Laboissiere,Mulher,WIT
Indra Matsiendra C. D. Ribeiro,Mulher,Marcella D. Ferreira,Mulher,WIT
Indra Matsiendra C. D. Ribeiro,Mulher,Michele A. Brandão,Mulher,WIT
Indra Matsiendra C. D. Ribeiro,Mulher,Mirella M. Moro,Mulher,WIT
Izabela A. Andrade,Mulher,Julia M. M. Gonçalves,Mulher,WIT
Izabela A. Andrade,Mulher,Luísa M. Laboissiere,Mulher,WIT
Izabela A. Andrade,Mulher,Marcella D. Ferreira,Mulher,WIT
Izabela A. Andrade,Mulher,Michele A. Brandão,Mulher,WIT
Izabela A. Andrade,Mulher,Mirella M. Moro,Mulher,WIT
Julia M. M. Gonçalves,Mulher,Luísa M. Laboissiere,Mulher,WIT
Julia M. M. Gonçalves,Mulher,Marcella D. Ferreira,Mulher,WIT
Julia M. M. Gonçalves,Mulher,Michele A. Brandão,Mulher,WIT
Julia M. M. Gonçalves,Mulher,Mirella M. Moro,Mulher,WIT
Luísa M. Laboissiere,Mulher,Marcella D. Ferreira,Mulher,WIT
Luísa M. Laboissiere,Mulher,Michele A. Brandão,Mulher,WIT
Luísa M. Laboissiere,Mulher,Mirella M. Moro,Mulher,WIT
Marcella D. Ferreira,Mulher,Michele A. Brandão,Mulher,WIT
Marcella D. Ferreira,Mulher,Mirella M. Moro,Mulher,WIT
Michele A. Brandão,Mulher,Mirella M. Moro,Mulher,WIT
Bruna Mariana Souza,Mulher,Juliana Magalhães,Mulher,WIT
Bruna Mariana Souza,Mulher,Júlia Luiza Conceição,Mulher,WIT
Bruna Mariana Souza,Mulher,Rosiane Freitas,Mulher,WIT
Juliana Magalhães,Mulher,Júlia Luiza Conceição,Mulher,WIT
Juliana Magalhães,Mulher,Rosiane Freitas,Mulher,WIT
Júlia Luiza Conceição,Mulher,Rosiane Freitas,Mulher,WIT
Elisa Yumi Nakagawa,Mulher,Valdemar Neto,Homem,CTIC
Elisa Yumi Nakagawa,Mulher,Wallace Manzano,Homem,CTIC
Valdemar Neto,Homem,Wallace Manzano,Homem,CTIC
Daniel Figueiredo,Homem,Giulio Iacobelli,Homem,WPerformance
Daniel Figueiredo,Homem,João Vitor B. Tavares,Homem,WPerformance
Giulio Iacobelli,Homem,João Vitor B. Tavares,Homem,WPerformance
César D. Silva,Homem,Daniel R. Trindade,Homem,SBCUP
César D. Silva,Homem,Karin S. Komati,Mulher,SBCUP
Daniel R. Trindade,Homem,Karin S. Komati,Mulher,SBCUP
Elias Oliveira,Homem,Leonardo Leal Reblin,Homem,WEI
Elias Oliveira,Homem,Márcia G. de Oliveira,Mulher,WEI
Leonardo Leal Reblin,Homem,Márcia G. de Oliveira,Mulher,WEI
Marcos Vinícius Batista,Homem,Renata Luiza da Costa,Mulher,ENCompIF
Marcos Vinícius Batista,Homem,Tharles de S. Andrade,Homem,ENCompIF
Marcos Vinícius Batista,Homem,Yuri dos Reis,Homem,ENCompIF
Renata Luiza da Costa,Mulher,Tharles de S. Andrade,Homem,ENCompIF
Renata Luiza da Costa,Mulher,Yuri dos Reis,Homem,ENCompIF
Tharles de S. Andrade,Homem,Yuri dos Reis,Homem,ENCompIF
Alessandro do Amaral,Homem,Denis Lima,Homem,ENCompIF
Alessandro do Amaral,Homem,Sávio Cantero,Homem,ENCompIF
Denis Lima,Homem,Sávio Cantero,Homem,ENCompIF
Andre L. L. Aquino,Homem,Clóvis G. M. do Nascimento,Homem,SBCUP
Andre L. L. Aquino,Homem,David F. Silva,Homem,SBCUP
Andre L. L. Aquino,Homem,Hyuri S. Maciel,Homem,SBCUP
Clóvis G. M. do Nascimento,Homem,David F. Silva,Homem,SBCUP
Clóvis G. M. do Nascimento,Homem,Hyuri S. Maciel,Homem,SBCUP
David F. Silva,Homem,Hyuri S. Maciel,Homem,SBCUP
Fabiano P. Bhering,Homem,Hugo B. Alves,Homem,ENCompIF
Fabiano P. Bhering,Homem,Marina N. Silva,Mulher,ENCompIF
Fabiano P. Bhering,Homem,Vinicius F. S. B. Grilo,Homem,ENCompIF
Hugo B. Alves,Homem,Marina N. Silva,Mulher,ENCompIF
Hugo B. Alves,Homem,Vinicius F. S. B. Grilo,Homem,ENCompIF
Marina N. Silva,Mulher,Vinicius F. S. B. Grilo,Homem,ENCompIF
Francisco Nivando Bezerra,Homem,Savio Lopes Rabelo,Homem,SEMISH
Francisco Nivando Bezerra,Homem,Tamara Arruda Pereira,Mulher,SEMISH
Savio Lopes Rabelo,Homem,Tamara Arruda Pereira,Mulher,SEMISH
Giovani R. F. Junior,Homem,Igor M. Pereira,Homem,SEMISH
Giovani R. F. Junior,Homem,Thiago L. Gomes,Homem,SEMISH
Giovani R. F. Junior,Homem,Vicente J. P. Amorim,Homem,SEMISH
Igor M. Pereira,Homem,Thiago L. Gomes,Homem,SEMISH
Igor M. Pereira,Homem,Vicente J. P. Amorim,Homem,SEMISH
Thiago L. Gomes,Homem,Vicente J. P. Amorim,Homem,SEMISH
Antônio Rodrigues,Homem,Artur Veloso,Homem,SBCUP
Antônio Rodrigues,Homem,Halysson Júnior,Homem,SBCUP
Antônio Rodrigues,Homem,Joel Rodrigues,Homem,SBCUP
Antônio Rodrigues,Homem,José Sobral,Homem,SBCUP
Antônio Rodrigues,Homem,Ricardo Rabêlo,Homem,SBCUP
Artur Veloso,Homem,Halysson Júnior,Homem,SBCUP
Artur Veloso,Homem,Joel Rodrigues,Homem,SBCUP
Artur Veloso,Homem,José Sobral,Homem,SBCUP
Artur Veloso,Homem,Ricardo Rabêlo,Homem,SBCUP
Halysson Júnior,Homem,Joel Rodrigues,Homem,SBCUP
Halysson Júnior,Homem,José Sobral,Homem,SBCUP
Halysson Júnior,Homem,Ricardo Rabêlo,Homem,SBCUP
Joel Rodrigues,Homem,José Sobral,Homem,SBCUP
Joel Rodrigues,Homem,Ricardo Rabêlo,Homem,SBCUP
José Sobral,Homem,Ricardo Rabêlo,Homem,SBCUP
Danilo Vasconcelos,Homem,Rossana Andrade,Mulher,SBCUP
Danilo Vasconcelos,Homem,Valdenir Severino,Homem,SBCUP
Rossana Andrade,Mulher,Valdenir Severino,Homem,SBCUP
Adenauer Yamin,Homem,Alex Braga,Homem,SBCUP
Adenauer Yamin,Homem,Alysson Nogueira,Homem,SBCUP
Adenauer Yamin,Homem,Julio Machado,Homem,SBCUP
Adenauer Yamin,Homem,Lucas Agostini,Homem,SBCUP
Adenauer Yamin,Homem,Tatiana Tavares,Mulher,SBCUP
Alex Braga,Homem,Alysson Nogueira,Homem,SBCUP
Alex Braga,Homem,Julio Machado,Homem,SBCUP
Alex Braga,Homem,Lucas Agostini,Homem,SBCUP
Alex Braga,Homem,Tatiana Tavares,Mulher,SBCUP
Alysson Nogueira,Homem,Julio Machado,Homem,SBCUP
Alysson Nogueira,Homem,Lucas Agostini,Homem,SBCUP
Alysson Nogueira,Homem,Tatiana Tavares,Mulher,SBCUP
Julio Machado,Homem,Lucas Agostini,Homem,SBCUP
Julio Machado,Homem,Tatiana Tavares,Mulher,SBCUP
Lucas Agostini,Homem,Tatiana Tavares,Mulher,SBCUP
Mateus Coelho Silva,Homem,Ricardo Augusto Rabelo Oliveira,Homem,SEMISH
Mateus Coelho Silva,Homem,Saul Delabrida,Homem,SEMISH
Mateus Coelho Silva,Homem,Sérvio Pontes Ribeiro,Homem,SEMISH
Ricardo Augusto Rabelo Oliveira,Homem,Saul Delabrida,Homem,SEMISH
Ricardo Augusto Rabelo Oliveira,Homem,Sérvio Pontes Ribeiro,Homem,SEMISH
Saul Delabrida,Homem,Sérvio Pontes Ribeiro,Homem,SEMISH
Edson L. Padoin,Homem,Philippe O. A. Navaux,Homem,WPerformance
Edson L. Padoin,Homem,Vinicius R. S. dos Santos,Homem,WPerformance
Philippe O. A. Navaux,Homem,Vinicius R. S. dos Santos,Homem,WPerformance
Andre Aquino,Homem,Hyuri Maciel,Homem,SBCUP
Fabiano Oliveira,Homem,Jayme L. Szwarcfiter,Homem,ETC
Fabiano Oliveira,Homem,Moysés S. Sampaio Jr.,Homem,ETC
Jayme L. Szwarcfiter,Homem,Moysés S. Sampaio Jr.,Homem,ETC
Claudson Bornstein,Homem,Jayme L. Szwarcfiter,Homem,ETC
Claudson Bornstein,Homem,Tanilson Santos,Homem,ETC
Claudson Bornstein,Homem,Ueverton Souza,Homem,ETC
Jayme L. Szwarcfiter,Homem,Tanilson Santos,Homem,ETC
Jayme L. Szwarcfiter,Homem,Ueverton Souza,Homem,ETC
Tanilson Santos,Homem,Ueverton Souza,Homem,ETC
Ana Carolina C. Ferreira,Mulher,Ecivaldo S. Matos,Homem,WIT
Ana Carolina C. Ferreira,Mulher,Emilayne F. Corlett,Mulher,WIT
Ana Carolina C. Ferreira,Mulher,Juliana M. Oliveira dos Santos,Mulher,WIT
Ecivaldo S. Matos,Homem,Emilayne F. Corlett,Mulher,WIT
Ecivaldo S. Matos,Homem,Juliana M. Oliveira dos Santos,Mulher,WIT
Emilayne F. Corlett,Mulher,Juliana M. Oliveira dos Santos,Mulher,WIT
Diana Sasaki,Mulher,Raphael Martins,Homem,ETC
Marcos Salvatierra,Homem,Rosiane Freitas,Mulher,ETC
Rosiane Freitas,Mulher,Victória Aires,Mulher,CTIC
Ana Rita Mazzini,Mulher,André Du Bois,Homem,WEI
Ana Rita Mazzini,Mulher,Clause Piana,Mulher,WEI
Ana Rita Mazzini,Mulher,Luciana Foss,Mulher,WEI
Ana Rita Mazzini,Mulher,Renata Reiser,Mulher,WEI
Ana Rita Mazzini,Mulher,Simone Cavalheiro,Mulher,WEI
Ana Rita Mazzini,Mulher,Simão Martin,Homem,WEI
André Du Bois,Homem,Clause Piana,Mulher,WEI
André Du Bois,Homem,Luciana Foss,Mulher,WEI
André Du Bois,Homem,Renata Reiser,Mulher,WEI
André Du Bois,Homem,Simone Cavalheiro,Mulher,WEI
André Du Bois,Homem,Simão Martin,Homem,WEI
Clause Piana,Mulher,Luciana Foss,Mulher,WEI
Clause Piana,Mulher,Renata Reiser,Mulher,WEI
Clause Piana,Mulher,Simone Cavalheiro,Mulher,WEI
Clause Piana,Mulher,Simão Martin,Homem,WEI
Luciana Foss,Mulher,Renata Reiser,Mulher,WEI
Luciana Foss,Mulher,Simone Cavalheiro,Mulher,WEI
Luciana Foss,Mulher,Simão Martin,Homem,WEI
Renata Reiser,Mulher,Simone Cavalheiro,Mulher,WEI
Renata Reiser,Mulher,Simão Martin,Homem,WEI
Simone Cavalheiro,Mulher,Simão Martin,Homem,WEI
Josiane Porto,Mulher,Tiago Lima,Homem,WASHES
Barbara Ramos,Mulher,Leonardo Gargano,Homem,WASHES
Barbara Ramos,Mulher,Marcelo Fornazin,Homem,WASHES
Leonardo Gargano,Homem,Marcelo Fornazin,Homem,WASHES
Ana Santos,Mulher,Ricardo Souza,Homem,WASHES
Andre R. Ortoncelli,Homem,Jeferson V. L. Albino,Homem,WEI
Andre R. Ortoncelli,Homem,Newton C. Will,Homem,WEI
Andre R. Ortoncelli,Homem,Rafael A. P. de Oliveira,Homem,WEI
Jeferson V. L. Albino,Homem,Newton C. Will,Homem,WEI
Jeferson V. L. Albino,Homem,Rafael A. P. de Oliveira,Homem,WEI
Newton C. Will,Homem,Rafael A. P. de Oliveira,Homem,WEI
Claudio Penteado,Homem,Daniel P. Astone,Homem,WASHES
Claudio Penteado,Homem,Jerônimo Pellegrini,Homem,WASHES
Claudio Penteado,Homem,Murilo B. Machado,Homem,WASHES
Claudio Penteado,Homem,Paulo R. de Sousa,Homem,WASHES
Claudio Penteado,Homem,Rodolfo S. Avelino,Homem,WASHES
Claudio Penteado,Homem,Sérgio Amadeu da Silveira,Homem,WASHES
Daniel P. Astone,Homem,Jerônimo Pellegrini,Homem,WASHES
Daniel P. Astone,Homem,Murilo B. Machado,Homem,WASHES
Daniel P. Astone,Homem,Paulo R. de Sousa,Homem,WASHES
Daniel P. Astone,Homem,Rodolfo S. Avelino,Homem,WASHES
Daniel P. Astone,Homem,Sérgio Amadeu da Silveira,Homem,WASHES
Jerônimo Pellegrini,Homem,Murilo B. Machado,Homem,WASHES
Jerônimo Pellegrini,Homem,Paulo R. de Sousa,Homem,WASHES
Jerônimo Pellegrini,Homem,Rodolfo S. Avelino,Homem,WASHES
Jerônimo Pellegrini,Homem,Sérgio Amadeu da Silveira,Homem,WASHES
Murilo B. Machado,Homem,Paulo R. de Sousa,Homem,WASHES
Murilo B. Machado,Homem,Rodolfo S. Avelino,Homem,WASHES
Murilo B. Machado,Homem,Sérgio Amadeu da Silveira,Homem,WASHES
Paulo R. de Sousa,Homem,Rodolfo S. Avelino,Homem,WASHES
Paulo R. de Sousa,Homem,Sérgio Amadeu da Silveira,Homem,WASHES
Rodolfo S. Avelino,Homem,Sérgio Amadeu da Silveira,Homem,WASHES
André G. Pereira,Homem,Luciana S. Buriol,Mulher,CTD
André G. Pereira,Homem,Marcus Ritt,Homem,CTD
Luciana S. Buriol,Mulher,Marcus Ritt,Homem,CTD
André Ribeiro,Homem,Caroline Patrão,Mulher,ETC
André Ribeiro,Homem,Celina Figueiredo,Mulher,ETC
André Ribeiro,Homem,Diane Castonguay,Mulher,ETC
André Ribeiro,Homem,Luis Kowada,Homem,ETC
Caroline Patrão,Mulher,Celina Figueiredo,Mulher,ETC
Caroline Patrão,Mulher,Diane Castonguay,Mulher,ETC
Caroline Patrão,Mulher,Luis Kowada,Homem,ETC
Celina Figueiredo,Mulher,Diane Castonguay,Mulher,ETC
Celina Figueiredo,Mulher,Luis Kowada,Homem,ETC
Diane Castonguay,Mulher,Luis Kowada,Homem,ETC
Douglas F. Pereira,Homem,Marcelo de Souza Júnior,Homem,SEMISH
Douglas F. Pereira,Homem,Pedro H. Bugatti,Homem,SEMISH
Douglas F. Pereira,Homem,Priscila T. M. Saito,Mulher,SEMISH
Douglas F. Pereira,Homem,Rafael S. Bressan,Homem,SEMISH
Marcelo de Souza Júnior,Homem,Pedro H. Bugatti,Homem,SEMISH
Marcelo de Souza Júnior,Homem,Priscila T. M. Saito,Mulher,SEMISH
Marcelo de Souza Júnior,Homem,Rafael S. Bressan,Homem,SEMISH
Pedro H. Bugatti,Homem,Priscila T. M. Saito,Mulher,SEMISH
Pedro H. Bugatti,Homem,Rafael S. Bressan,Homem,SEMISH
Priscila T. M. Saito,Mulher,Rafael S. Bressan,Homem,SEMISH
Aluizio Haendchen Filho,Homem,Anita Fernandes,Mulher,SEMISH
Aluizio Haendchen Filho,Homem,Jonathan Nau,Homem,SEMISH
Aluizio Haendchen Filho,Homem,Rudimar Luís Scaranto Dazzi,Homem,SEMISH
Anita Fernandes,Mulher,Jonathan Nau,Homem,SEMISH
Anita Fernandes,Mulher,Rudimar Luís Scaranto Dazzi,Homem,SEMISH
Jonathan Nau,Homem,Rudimar Luís Scaranto Dazzi,Homem,SEMISH
Marcos André Gonçalves,Homem,Raphael R. Campos,Homem,CTD
André L. Vignatti,Homem,Murilo V. G. da Silva,Homem,CTD
André L. Vignatti,Homem,Nicollas M. Sdroievski,Homem,CTD
Murilo V. G. da Silva,Homem,Nicollas M. Sdroievski,Homem,CTD
Francisco Airton Silva,Homem,Igor Gonçalves,Homem,WPerformance
Francisco Airton Silva,Homem,Iure Fé,Homem,WPerformance
Francisco Airton Silva,Homem,Laécio Rodrigues,Homem,WPerformance
Francisco Airton Silva,Homem,Patrícia Endo,Mulher,WPerformance
Igor Gonçalves,Homem,Iure Fé,Homem,WPerformance
Igor Gonçalves,Homem,Laécio Rodrigues,Homem,WPerformance
Igor Gonçalves,Homem,Patrícia Endo,Mulher,WPerformance
Iure Fé,Homem,Laécio Rodrigues,Homem,WPerformance
Iure Fé,Homem,Patrícia Endo,Mulher,WPerformance
Laécio Rodrigues,Homem,Patrícia Endo,Mulher,WPerformance
Edson Luiz Padoin,Homem,Jairo Panetta,Homem,WPerformance
Edson Luiz Padoin,Homem,Matheus da Silva Serpa,Homem,WPerformance
Edson Luiz Padoin,Homem,Pablo José Pavan,Homem,WPerformance
Edson Luiz Padoin,Homem,Philippe O. A. Navaux,Homem,WPerformance
Edson Luiz Padoin,Homem,Víctor Martínez,Homem,WPerformance
Jairo Panetta,Homem,Matheus da Silva Serpa,Homem,WPerformance
Jairo Panetta,Homem,Pablo José Pavan,Homem,WPerformance
Jairo Panetta,Homem,Philippe O. A. Navaux,Homem,WPerformance
Jairo Panetta,Homem,Víctor Martínez,Homem,WPerformance
Matheus da Silva Serpa,Homem,Pablo José Pavan,Homem,WPerformance
Matheus da Silva Serpa,Homem,Philippe O. A. Navaux,Homem,WPerformance
Matheus da Silva Serpa,Homem,Víctor Martínez,Homem,WPerformance
Pablo José Pavan,Homem,Philippe O. A. Navaux,Homem,WPerformance
Pablo José Pavan,Homem,Víctor Martínez,Homem,WPerformance
Philippe O. A. Navaux,Homem,Víctor Martínez,Homem,WPerformance
Jonice Oliveira,Mulher,Luiz Paulo Carvalho,Homem,WASHES
Elias Canhadas Gengivir,Homem,Luiz Gustavo Ferreira Aguiar,Homem,WASHES
Elias Canhadas Gengivir,Homem,Rebeca Teodoro da Silva,Mulher,WASHES
Elias Canhadas Gengivir,Homem,Rodrigo Pereira dos Santos,Homem,WASHES
Luiz Gustavo Ferreira Aguiar,Homem,Rebeca Teodoro da Silva,Mulher,WASHES
Luiz Gustavo Ferreira Aguiar,Homem,Rodrigo Pereira dos Santos,Homem,WASHES
Rebeca Teodoro da Silva,Mulher,Rodrigo Pereira dos Santos,Homem,WASHES
Alex Calado,Homem,Ricardo de Souza,Homem,WASHES
Gilvaneide Francisca Gomes,Mulher,Ricardo André Cavalcante de Souza,Homem,WEI
Leonardo Cunha de Miranda,Homem,Paulo L. S. Brizolara,Homem,SEMISH
Ana Barbosa,Mulher,Diego Hoss,Homem,WEI
Ana Barbosa,Mulher,Gil Andrade,Homem,WEI
Ana Barbosa,Mulher,Lana Gomes,Mulher,WEI
Diego Hoss,Homem,Gil Andrade,Homem,WEI
Diego Hoss,Homem,Lana Gomes,Mulher,WEI
Gil Andrade,Homem,Lana Gomes,Mulher,WEI
Alessandro F. Garcia,Homem,Willian N. Oizumi,Homem,CTD
Carlos Figueiredo,Homem,Wilson Neto,Homem,SBCUP
Fabiano Oliveira,Homem,Jorge Goulart,Homem,WEI
Fabiano Oliveira,Homem,Paulo Pinto,Homem,WEI
Jorge Goulart,Homem,Paulo Pinto,Homem,WEI
Luís Barbosa,Homem,Roberta Fagundes,Mulher,WEI
Rita C. G. Berardi,Mulher,Sílvia Amélia Bim,Mulher,WIT
Alexandre Sztajnberg,Homem,Gabriel F. C. de Queiroz,Homem,WPerformance
Alexandre Sztajnberg,Homem,Rodrigo de S. Couto,Homem,WPerformance
Gabriel F. C. de Queiroz,Homem,Rodrigo de S. Couto,Homem,WPerformance
Eduardo Oliveira,Homem,Roberto A. Bittencourt,Homem,WEI
Ana Iza Alencar,Mulher,Anna Beatriz Marques,Mulher,WIT
Ana Iza Alencar,Mulher,Kalinka Castelo Branco,Mulher,WIT
Ana Iza Alencar,Mulher,Maria Victória Fiori,Mulher,WIT
Ana Iza Alencar,Mulher,Valéria Maria Pinheiro,Mulher,WIT
Anna Beatriz Marques,Mulher,Kalinka Castelo Branco,Mulher,WIT
Anna Beatriz Marques,Mulher,Maria Victória Fiori,Mulher,WIT
Anna Beatriz Marques,Mulher,Valéria Maria Pinheiro,Mulher,WIT
Kalinka Castelo Branco,Mulher,Maria Victória Fiori,Mulher,WIT
Kalinka Castelo Branco,Mulher,Valéria Maria Pinheiro,Mulher,WIT
Maria Victória Fiori,Mulher,Valéria Maria Pinheiro,Mulher,WIT
Adauto Filho,Homem,Bruno Santos,Homem,WEI
Adauto Filho,Homem,Franciely Souza,Mulher,WEI
Adauto Filho,Homem,Hígor Santos,Homem,WEI
Adauto Filho,Homem,Irandir Amorim,Homem,WEI
Adauto Filho,Homem,Maria Silva,Mulher,WEI
Bruno Santos,Homem,Franciely Souza,Mulher,WEI
Bruno Santos,Homem,Hígor Santos,Homem,WEI
Bruno Santos,Homem,Irandir Amorim,Homem,WEI
Bruno Santos,Homem,Maria Silva,Mulher,WEI
Franciely Souza,Mulher,Hígor Santos,Homem,WEI
Franciely Souza,Mulher,Irandir Amorim,Homem,WEI
Franciely Souza,Mulher,Maria Silva,Mulher,WEI
Hígor Santos,Homem,Irandir Amorim,Homem,WEI
Hígor Santos,Homem,Maria Silva,Mulher,WEI
Irandir Amorim,Homem,Maria Silva,Mulher,WEI
José Cunha,Homem,Juliana Saraiva,Mulher,WEI
José Cunha,Homem,Wellington Lemos,Homem,WEI
Juliana Saraiva,Mulher,Wellington Lemos,Homem,WEI
Geber Lisboa Ramalho,Homem,Rodrigo Pessoa Medeiros,Homem,WEI
Geber Lisboa Ramalho,Homem,Taciana Pontual Falcão,Mulher,WEI
Rodrigo Pessoa Medeiros,Homem,Taciana Pontual Falcão,Mulher,WEI
Adriano H. Braga,Homem,Alexandre F. Lopes,Homem,WEI
Adriano H. Braga,Homem,Thalia S. Santana,Mulher,WEI
Alexandre F. Lopes,Homem,Thalia S. Santana,Mulher,WEI
Douglas Lima,Homem,Igor Dantas,Homem,WEI
Douglas Lima,Homem,Jose Neto,Homem,WEI
Douglas Lima,Homem,Lourival Neto,Homem,WEI
Douglas Lima,Homem,Lucas Silva,Homem,WEI
Douglas Lima,Homem,Thaíse Costa,Mulher,WEI
Igor Dantas,Homem,Jose Neto,Homem,WEI
Igor Dantas,Homem,Lourival Neto,Homem,WEI
Igor Dantas,Homem,Lucas Silva,Homem,WEI
Igor Dantas,Homem,Thaíse Costa,Mulher,WEI
Jose Neto,Homem,Lourival Neto,Homem,WEI
Jose Neto,Homem,Lucas Silva,Homem,WEI
Jose Neto,Homem,Thaíse Costa,Mulher,WEI
Lourival Neto,Homem,Lucas Silva,Homem,WEI
Lourival Neto,Homem,Thaíse Costa,Mulher,WEI
Lucas Silva,Homem,Thaíse Costa,Mulher,WEI
José Henrique R. Cruz,Homem,Maurício Arimoto,Homem,WEI
Gabriela Aguiar,Mulher,Lailson Menezes,Homem,WEI
André Manzano,Homem,Lohana Santos,Mulher,WIT
André Manzano,Homem,Roger Resmini,Homem,WIT
André Manzano,Homem,Soraia Prietch,Mulher,WIT
André Manzano,Homem,Tamyres Souza,Mulher,WIT
André Manzano,Homem,Waine Júnior,Homem,WIT
André Manzano,Homem,Ângela Farias,Mulher,WIT
Lohana Santos,Mulher,Roger Resmini,Homem,WIT
Lohana Santos,Mulher,Soraia Prietch,Mulher,WIT
Lohana Santos,Mulher,Tamyres Souza,Mulher,WIT
Lohana Santos,Mulher,Waine Júnior,Homem,WIT
Lohana Santos,Mulher,Ângela Farias,Mulher,WIT
Roger Resmini,Homem,Soraia Prietch,Mulher,WIT
Roger Resmini,Homem,Tamyres Souza,Mulher,WIT
Roger Resmini,Homem,Waine Júnior,Homem,WIT
Roger Resmini,Homem,Ângela Farias,Mulher,WIT
Soraia Prietch,Mulher,Tamyres Souza,Mulher,WIT
Soraia Prietch,Mulher,Waine Júnior,Homem,WIT
Soraia Prietch,Mulher,Ângela Farias,Mulher,WIT
Tamyres Souza,Mulher,Waine Júnior,Homem,WIT
Tamyres Souza,Mulher,Ângela Farias,Mulher,WIT
Waine Júnior,Homem,Ângela Farias,Mulher,WIT
Daniela Ridel,Mulher,José Carlos Maldonado,Homem,WIT
Daniela Ridel,Mulher,Kalinka Castelo Branco,Mulher,WIT
Daniela Ridel,Mulher,Luiz Henrique Castelo Branco,Homem,WIT
Daniela Ridel,Mulher,Sabrina Tridico,Mulher,WIT
José Carlos Maldonado,Homem,Kalinka Castelo Branco,Mulher,WIT
José Carlos Maldonado,Homem,Luiz Henrique Castelo Branco,Homem,WIT
José Carlos Maldonado,Homem,Sabrina Tridico,Mulher,WIT
Kalinka Castelo Branco,Mulher,Luiz Henrique Castelo Branco,Homem,WIT
Kalinka Castelo Branco,Mulher,Sabrina Tridico,Mulher,WIT
Luiz Henrique Castelo Branco,Homem,Sabrina Tridico,Mulher,WIT
Carlos Figueiredo,Homem,Lahis Almeida,Mulher,SBCUP
Carlos Figueiredo,Homem,Wilson Neto,Homem,SBCUP
Lahis Almeida,Mulher,Wilson Neto,Homem,SBCUP
Adilson Costa,Homem,Bruno Martini,Homem,SBCUP
Adilson Costa,Homem,Gilson Helfer,Homem,SBCUP
Adilson Costa,Homem,Jorge Barbosa,Homem,SBCUP
Adilson Costa,Homem,Ronaldo Santos,Homem,SBCUP
Bruno Martini,Homem,Gilson Helfer,Homem,SBCUP
Bruno Martini,Homem,Jorge Barbosa,Homem,SBCUP
Bruno Martini,Homem,Ronaldo Santos,Homem,SBCUP
Gilson Helfer,Homem,Jorge Barbosa,Homem,SBCUP
Gilson Helfer,Homem,Ronaldo Santos,Homem,SBCUP
Jorge Barbosa,Homem,Ronaldo Santos,Homem,SBCUP
Bruno Brandoli Machado,Homem,Jose Fernando Rodrigues Junior,Homem,CTD
Christina von Flach Chavez,Mulher,Eduardo Santana de Almeida,Homem,WASHES
Christina von Flach Chavez,Mulher,John D. McGregor,Homem,WASHES
Christina von Flach Chavez,Mulher,Simone da Silva Amorin,Mulher,WASHES
Eduardo Santana de Almeida,Homem,John D. McGregor,Homem,WASHES
Eduardo Santana de Almeida,Homem,Simone da Silva Amorin,Mulher,WASHES
John D. McGregor,Homem,Simone da Silva Amorin,Mulher,WASHES
André Lemos,Homem,Haroldo Amaral,Homem,WEI
André Lemos,Homem,Lilian Pereira Teixeira,Mulher,WEI
André Lemos,Homem,Marcia Kniphoff da Cruz,Mulher,WEI
André Lemos,Homem,Rozelma França,Mulher,WEI
André Lemos,Homem,Wilk Oliveira,Homem,WEI
Haroldo Amaral,Homem,Lilian Pereira Teixeira,Mulher,WEI
Haroldo Amaral,Homem,Marcia Kniphoff da Cruz,Mulher,WEI
Haroldo Amaral,Homem,Rozelma França,Mulher,WEI
Haroldo Amaral,Homem,Wilk Oliveira,Homem,WEI
Lilian Pereira Teixeira,Mulher,Marcia Kniphoff da Cruz,Mulher,WEI
Lilian Pereira Teixeira,Mulher,Rozelma França,Mulher,WEI
Lilian Pereira Teixeira,Mulher,Wilk Oliveira,Homem,WEI
Marcia Kniphoff da Cruz,Mulher,Rozelma França,Mulher,WEI
Marcia Kniphoff da Cruz,Mulher,Wilk Oliveira,Homem,WEI
Rozelma França,Mulher,Wilk Oliveira,Homem,WEI
Emanuel Oliveira da Silva,Homem,Taciana Pontual Falcão,Mulher,WEI
Glauber Ferreira Cintra,Homem,Luis Filipe de Lima Sales,Homem,ETC
Glauber Ferreira Cintra,Homem,Raimundo Azevedo Neto,Homem,ETC
Luis Filipe de Lima Sales,Homem,Raimundo Azevedo Neto,Homem,ETC
Diane Castonguay,Mulher,Eduardo S. Lira,Homem,ETC
Diane Castonguay,Mulher,Erika M. M. Coelho,Mulher,ETC
Diane Castonguay,Mulher,Hebert Coelho,Homem,ETC
Eduardo S. Lira,Homem,Erika M. M. Coelho,Mulher,ETC
Eduardo S. Lira,Homem,Hebert Coelho,Homem,ETC
Erika M. M. Coelho,Mulher,Hebert Coelho,Homem,ETC
Edimar Bauer,Homem,Saulo Queiroz,Homem,ETC
Ana Leite,Mulher,Clara Marques Bodart,Mulher,WIT
Ana Leite,Mulher,Gabriel Nascimento,Homem,WIT
Ana Leite,Mulher,Márcia Oliveira,Mulher,WIT
Ana Leite,Mulher,Mônica Silva,Mulher,WIT
Clara Marques Bodart,Mulher,Gabriel Nascimento,Homem,WIT
Clara Marques Bodart,Mulher,Márcia Oliveira,Mulher,WIT
Clara Marques Bodart,Mulher,Mônica Silva,Mulher,WIT
Gabriel Nascimento,Homem,Márcia Oliveira,Mulher,WIT
Gabriel Nascimento,Homem,Mônica Silva,Mulher,WIT
Márcia Oliveira,Mulher,Mônica Silva,Mulher,WIT
Benhur Tessele,Homem,Cristian Koliver,Homem,WPerformance
Benhur Tessele,Homem,Romulo Silva de Oliveira,Homem,WPerformance
Cristian Koliver,Homem,Romulo Silva de Oliveira,Homem,WPerformance
Ivaldir H. de Farias Junior,Homem,Jeferson Vieira,Homem,WASHES
Ivaldir H. de Farias Junior,Homem,Valéria Silva,Mulher,WASHES
Jeferson Vieira,Homem,Valéria Silva,Mulher,WASHES
Luiz Alberto Viana,Homem,Manoel Campêlo,Homem,ETC
Hanna Alves,Mulher,Jerffeson Souza,Homem,WEI
Hanna Alves,Mulher,Levi da Silva,Homem,WEI
Jerffeson Souza,Homem,Levi da Silva,Homem,WEI
Allysson Allex Araújo,Homem,Ariádna Miranda,Mulher,WASHES
Allysson Allex Araújo,Homem,Emanuel Coutinho,Homem,WASHES
Allysson Allex Araújo,Homem,Jerffeson Souza,Homem,WASHES
Ariádna Miranda,Mulher,Emanuel Coutinho,Homem,WASHES
Ariádna Miranda,Mulher,Jerffeson Souza,Homem,WASHES
Emanuel Coutinho,Homem,Jerffeson Souza,Homem,WASHES
Fábio Protti,Homem,Lorrana F. de Castro,Mulher,ETC
Fábio Protti,Homem,Rodolfo A. de Oliveira,Homem,ETC
Lorrana F. de Castro,Mulher,Rodolfo A. de Oliveira,Homem,ETC
Aleffer Rocha,Homem,Leandro M. Zatesko,Homem,ETC
Aleffer Rocha,Homem,Sheila M. Almeida,Mulher,ETC
Leandro M. Zatesko,Homem,Sheila M. Almeida,Mulher,ETC
Claudio Fernando Resin Geyer,Homem,Hélio Carlos Brauner Filho,Homem,SBCUP
Ecivaldo Matos,Homem,Jean Rosa,Homem,WEI
Ecivaldo Matos,Homem,Luana Carneiro,Mulher,WEI
Ecivaldo Matos,Homem,Marlo Souza,Homem,WEI
Ecivaldo Matos,Homem,Murilo Souza,Homem,WEI
Jean Rosa,Homem,Luana Carneiro,Mulher,WEI
Jean Rosa,Homem,Marlo Souza,Homem,WEI
Jean Rosa,Homem,Murilo Souza,Homem,WEI
Luana Carneiro,Mulher,Marlo Souza,Homem,WEI
Luana Carneiro,Mulher,Murilo Souza,Homem,WEI
Marlo Souza,Homem,Murilo Souza,Homem,WEI
Heyder Vágner Ramos,Homem,Marize Lyra Silva Passos,Mulher,ENCompIF
Heyder Vágner Ramos,Homem,Márcia Oliveira,Mulher,ENCompIF
Heyder Vágner Ramos,Homem,Rodolfo dos Reis Fontes Novais,Homem,ENCompIF
Marize Lyra Silva Passos,Mulher,Márcia Oliveira,Mulher,ENCompIF
Marize Lyra Silva Passos,Mulher,Rodolfo dos Reis Fontes Novais,Homem,ENCompIF
Márcia Oliveira,Mulher,Rodolfo dos Reis Fontes Novais,Homem,ENCompIF
Carla Verônica Marques,Mulher,Carlo Oliveira,Homem,SEMISH
Carla Verônica Marques,Mulher,Claudia Motta,Mulher,SEMISH
Carlo Oliveira,Homem,Claudia Motta,Mulher,SEMISH
Carlos O. Rolim,Homem,Claudio F. R. Geyer,Homem,SBCUP
Carlos O. Rolim,Homem,Guilherme A. Borges,Homem,SBCUP
Carlos O. Rolim,Homem,Jorge Sá Silva,Homem,SBCUP
Carlos O. Rolim,Homem,Valderi R. Q. Leithardt,Homem,SBCUP
Claudio F. R. Geyer,Homem,Guilherme A. Borges,Homem,SBCUP
Claudio F. R. Geyer,Homem,Jorge Sá Silva,Homem,SBCUP
Claudio F. R. Geyer,Homem,Valderi R. Q. Leithardt,Homem,SBCUP
Guilherme A. Borges,Homem,Jorge Sá Silva,Homem,SBCUP
Guilherme A. Borges,Homem,Valderi R. Q. Leithardt,Homem,SBCUP
Jorge Sá Silva,Homem,Valderi R. Q. Leithardt,Homem,SBCUP
Fabiano Oliveira,Homem,Flavia Bonomo-Braberman,Mulher,ETC
Fabiano Oliveira,Homem,Jayme L. Szwarcfiter,Homem,ETC
Fabiano Oliveira,Homem,Moysés S. Sampaio Jr.,Homem,ETC
Flavia Bonomo-Braberman,Mulher,Jayme L. Szwarcfiter,Homem,ETC
Flavia Bonomo-Braberman,Mulher,Moysés S. Sampaio Jr.,Homem,ETC
Jayme L. Szwarcfiter,Homem,Moysés S. Sampaio Jr.,Homem,ETC
Cláudia Linhares Sales,Mulher,Efraim Rodrigues,Homem,ETC
Elisângela Dias,Mulher,Talita Ferreira,Mulher,WIT
Joslaine Cristina J. de Freitas,Mulher,Marcos Wagner de Souza Ribeiro,Homem,WIT
Joslaine Cristina J. de Freitas,Mulher,Tamara Cristina Ferreira,Mulher,WIT
Marcos Wagner de Souza Ribeiro,Homem,Tamara Cristina Ferreira,Mulher,WIT
Fábio Botler,Homem,Lucas Colucci,Homem,ETC
Fábio Botler,Homem,Yoshiharu Kohayakawa,Homem,ETC
Lucas Colucci,Homem,Yoshiharu Kohayakawa,Homem,ETC
André S. Gonzaga,Homem,Robson L. F. Cordeiro,Homem,CTD
Ana Luisa Duboc,Mulher,Carla A. D. M. Delgado,Mulher,WEI
Ana Luisa Duboc,Mulher,Fabio Mascarenhas,Homem,WEI
Ana Luisa Duboc,Mulher,João C. P. da Silva,Homem,WEI
Carla A. D. M. Delgado,Mulher,Fabio Mascarenhas,Homem,WEI
Carla A. D. M. Delgado,Mulher,João C. P. da Silva,Homem,WEI
Fabio Mascarenhas,Homem,João C. P. da Silva,Homem,WEI
Flávio E. A. Horita,Homem,João Porto de Albuquerque,Homem,CTD
Almir de Oliveira Costa Junior,Homem,Lucimara Cruz de Souza,Mulher,WEI
Flávio Keidi Miyazawa,Homem,Mauro Henrique Mulati,Homem,ETC
José Luís A. Güntzel,Homem,Vinícius dos Santos Livramento,Homem,CTD
Antonio A. F. Loureiro,Homem,Luiz Vieira,Homem,CTD
Antonio A. F. Loureiro,Homem,Rodolfo W. L. Coutinho,Homem,CTD
Luiz Vieira,Homem,Rodolfo W. L. Coutinho,Homem,CTD
Marcos A. F. Borges,Homem,Marri S. S. Lima,Mulher,WEI
Marcos A. F. Borges,Homem,Matheus C. Meira,Homem,WEI
Marri S. S. Lima,Mulher,Matheus C. Meira,Homem,WEI
Antonio C. Oliveira Jr,Homem,Daniel S. Souza,Homem,SEMISH
Antonio C. Oliveira Jr,Homem,Diego L. Cardoso,Homem,SEMISH
Antonio C. Oliveira Jr,Homem,Igor W. A. Falcão,Homem,SEMISH
Antonio C. Oliveira Jr,Homem,Marcos C. R. Seruffo,Homem,SEMISH
Antonio C. Oliveira Jr,Homem,Paulo H. A. Pereira,Homem,SEMISH
Antonio C. Oliveira Jr,Homem,Rafael F. Vieira,Homem,SEMISH
Daniel S. Souza,Homem,Diego L. Cardoso,Homem,SEMISH
Daniel S. Souza,Homem,Igor W. A. Falcão,Homem,SEMISH
Daniel S. Souza,Homem,Marcos C. R. Seruffo,Homem,SEMISH
Daniel S. Souza,Homem,Paulo H. A. Pereira,Homem,SEMISH
Daniel S. Souza,Homem,Rafael F. Vieira,Homem,SEMISH
Diego L. Cardoso,Homem,Igor W. A. Falcão,Homem,SEMISH
Diego L. Cardoso,Homem,Marcos C. R. Seruffo,Homem,SEMISH
Diego L. Cardoso,Homem,Paulo H. A. Pereira,Homem,SEMISH
Diego L. Cardoso,Homem,Rafael F. Vieira,Homem,SEMISH
Igor W. A. Falcão,Homem,Marcos C. R. Seruffo,Homem,SEMISH
Igor W. A. Falcão,Homem,Paulo H. A. Pereira,Homem,SEMISH
Igor W. A. Falcão,Homem,Rafael F. Vieira,Homem,SEMISH
Marcos C. R. Seruffo,Homem,Paulo H. A. Pereira,Homem,SEMISH
Marcos C. R. Seruffo,Homem,Rafael F. Vieira,Homem,SEMISH
Paulo H. A. Pereira,Homem,Rafael F. Vieira,Homem,SEMISH
Alesom Zorzi,Homem,Celina M. H. de Figueiredo,Mulher,CTD
Alesom Zorzi,Homem,Raphael C. S. Machado,Homem,CTD
Celina M. H. de Figueiredo,Mulher,Raphael C. S. Machado,Homem,CTD
Altair O. Santin,Homem,Eduardo K. Viegas,Homem,CTD
Abner M. C. Araújo,Homem,Manuel M. Oliveira Neto,Homem,CTD
Augusto Vellozo,Homem,Edson Borin,Homem,WEI
Augusto Vellozo,Homem,Juliana F. Borin,Mulher,WEI
Augusto Vellozo,Homem,Láıs V. Minchillo,Mulher,WEI
Edson Borin,Homem,Juliana F. Borin,Mulher,WEI
Edson Borin,Homem,Láıs V. Minchillo,Mulher,WEI
Juliana F. Borin,Mulher,Láıs V. Minchillo,Mulher,WEI
Adenauer Yamin,Homem,Roger Machado,Homem,SEMISH
Adenauer Yamin,Homem,Rogério Albandes,Homem,SEMISH
Roger Machado,Homem,Rogério Albandes,Homem,SEMISH
Aline Paes,Mulher,Gerson Zaverucha,Homem,CTD
Aline Paes,Mulher,Rodrigo Azevedo Santos,Homem,CTD
Gerson Zaverucha,Homem,Rodrigo Azevedo Santos,Homem,CTD
Fernando Dione S. Lima,Homem,Francisco Lucas F. Pereira,Homem,CTIC
Fernando Dione S. Lima,Homem,João Paulo P. Gomes,Homem,CTIC
Fernando Dione S. Lima,Homem,Lucas G. M. Leite,Homem,CTIC
Francisco Lucas F. Pereira,Homem,João Paulo P. Gomes,Homem,CTIC
Francisco Lucas F. Pereira,Homem,Lucas G. M. Leite,Homem,CTIC
João Paulo P. Gomes,Homem,Lucas G. M. Leite,Homem,CTIC
Flávio Rocha,Homem,Évelynn Rosa,Mulher,WPerformance
Artur Ziviani,Homem,Felipe Abrahão,Homem,ETC
Artur Ziviani,Homem,Klaus Wehmuth,Homem,ETC
Felipe Abrahão,Homem,Klaus Wehmuth,Homem,ETC
Raul Lopes,Homem,Victor Campos,Homem,ETC
Helena G. Ribeiro,Mulher,Iraci C. S. de Carli,Mulher,WIT
Helena G. Ribeiro,Mulher,Maria de Fátima W. P. Lima,Mulher,WIT
Helena G. Ribeiro,Mulher,Naura A. Luciano,Mulher,WIT
Helena G. Ribeiro,Mulher,Simone C. M. Paiva,Mulher,WIT
Iraci C. S. de Carli,Mulher,Maria de Fátima W. P. Lima,Mulher,WIT
Iraci C. S. de Carli,Mulher,Naura A. Luciano,Mulher,WIT
Iraci C. S. de Carli,Mulher,Simone C. M. Paiva,Mulher,WIT
Maria de Fátima W. P. Lima,Mulher,Naura A. Luciano,Mulher,WIT
Maria de Fátima W. P. Lima,Mulher,Simone C. M. Paiva,Mulher,WIT
Naura A. Luciano,Mulher,Simone C. M. Paiva,Mulher,WIT
Fabiano Oliveira,Homem,Giancarlo F. Roberto,Homem,WEI
Fabiano Oliveira,Homem,Igor M. Coelho,Homem,WEI
Fabiano Oliveira,Homem,Paulo Eustáquio D. Pinto,Homem,WEI
Giancarlo F. Roberto,Homem,Igor M. Coelho,Homem,WEI
Giancarlo F. Roberto,Homem,Paulo Eustáquio D. Pinto,Homem,WEI
Igor M. Coelho,Homem,Paulo Eustáquio D. Pinto,Homem,WEI
Alice F. Finger,Mulher,Aline Vieira de Mello,Mulher,WIT
Alice F. Finger,Mulher,Andréa S. Bordin,Mulher,WIT
Alice F. Finger,Mulher,Letícia Gindri,Mulher,WIT
Aline Vieira de Mello,Mulher,Andréa S. Bordin,Mulher,WIT
Aline Vieira de Mello,Mulher,Letícia Gindri,Mulher,WIT
Andréa S. Bordin,Mulher,Letícia Gindri,Mulher,WIT
Cristina Fernandes,Mulher,Rafael Pocai,Homem,ETC
Adriane C. A. da Silva,Mulher,Luciano T. E. Pansanato,Homem,WEI
Luis Gustavo Nonato,Homem,Paulo Joia,Homem,CTD
Henrique Becker,Homem,Luciana S. Buriol,Mulher,ETC
Danilo Carastan dos Santos,Homem,Luiz Carlos da Silva Rozante,Homem,CTD
Edson Lisboa,Homem,Guilherme Esmeraldo,Homem,ENCompIF
Caio Augusto R. dos Santos,Homem,Rivalino Matias Jr.,Homem,CTD
Ana Caroline C. Nascimento,Mulher,Beatriz Pamela M. Nunes,Mulher,WIT
Ana Caroline C. Nascimento,Mulher,Gabriela Coutinho,Mulher,WIT
Ana Caroline C. Nascimento,Mulher,Renata V. de Figueiredo,Mulher,WIT
Ana Caroline C. Nascimento,Mulher,Vanessa Farias Dantas,Mulher,WIT
Beatriz Pamela M. Nunes,Mulher,Gabriela Coutinho,Mulher,WIT
Beatriz Pamela M. Nunes,Mulher,Renata V. de Figueiredo,Mulher,WIT
Beatriz Pamela M. Nunes,Mulher,Vanessa Farias Dantas,Mulher,WIT
Gabriela Coutinho,Mulher,Renata V. de Figueiredo,Mulher,WIT
Gabriela Coutinho,Mulher,Vanessa Farias Dantas,Mulher,WIT
Renata V. de Figueiredo,Mulher,Vanessa Farias Dantas,Mulher,WIT
Francisco Marcos da Silva Rocha,Homem,Fábio de Jesus Lima Gomes,Homem,ENCompIF
Adenauer Yamin,Homem,Patrick Fernandes,Homem,SEMISH
Adenauer Yamin,Homem,Renata Reiser,Mulher,SEMISH
Adenauer Yamin,Homem,Renato Dilli,Homem,SEMISH
Patrick Fernandes,Homem,Renata Reiser,Mulher,SEMISH
Patrick Fernandes,Homem,Renato Dilli,Homem,SEMISH
Renata Reiser,Mulher,Renato Dilli,Homem,SEMISH
Carlos Alberto V. Campos,Homem,Elton F. de S. Soares,Homem,WPerformance
Carlos Alberto V. Campos,Homem,Leonardo Teteo,Homem,WPerformance
Carlos Alberto V. Campos,Homem,Pedro Moura,Homem,WPerformance
Elton F. de S. Soares,Homem,Leonardo Teteo,Homem,WPerformance
Elton F. de S. Soares,Homem,Pedro Moura,Homem,WPerformance
Leonardo Teteo,Homem,Pedro Moura,Homem,WPerformance
Clézio Silva de Souza,Homem,Pablo Diego Silva da Silva,Homem,ENCompIF
Clézio Silva de Souza,Homem,Raphael de Aquino Gomes,Homem,ENCompIF
Clézio Silva de Souza,Homem,Rodrigo Sforni Mota,Homem,ENCompIF
Pablo Diego Silva da Silva,Homem,Raphael de Aquino Gomes,Homem,ENCompIF
Pablo Diego Silva da Silva,Homem,Rodrigo Sforni Mota,Homem,ENCompIF
Raphael de Aquino Gomes,Homem,Rodrigo Sforni Mota,Homem,ENCompIF
Flávio K. Miyazawa,Homem,Leonardo Y. Schwarzstein,Homem,ETC
Flávio K. Miyazawa,Homem,Rafael C. S. Schoeury,Homem,ETC
Leonardo Y. Schwarzstein,Homem,Rafael C. S. Schoeury,Homem,ETC
Fabiano Oliveira,Homem,Paulo E. D. Pinto,Homem,ETC
Fabiano Oliveira,Homem,Raquel M. Souza,Mulher,ETC
Paulo E. D. Pinto,Homem,Raquel M. Souza,Mulher,ETC
Jasiel G. Bahia,Homem,Miguel Elias M. Campista,Homem,WPerformance
Danielo G. Gomes,Homem,Joari S. L. Filho,Homem,WPerformance
Danielo G. Gomes,Homem,Manuel G. da S. Neto,Homem,WPerformance
Danielo G. Gomes,Homem,Paulo A. L. Rego,Homem,WPerformance
Joari S. L. Filho,Homem,Manuel G. da S. Neto,Homem,WPerformance
Joari S. L. Filho,Homem,Paulo A. L. Rego,Homem,WPerformance
Manuel G. da S. Neto,Homem,Paulo A. L. Rego,Homem,WPerformance
Cristiano André da Costa,Homem,Rodrigo da Rosa Righi,Homem,SBCUP
Cristiano André da Costa,Homem,Samuel Francisco Ferrigo,Homem,SBCUP
Rodrigo da Rosa Righi,Homem,Samuel Francisco Ferrigo,Homem,SBCUP
Renato M. de Moraes,Homem,Vandenberg B. da Paixão,Homem,WPerformance
Alexandre Fontinele,Homem,André Soares,Homem,CTD
André Alves dos Reis,Homem,Bruno César Vani,Homem,ENCompIF
André Alves dos Reis,Homem,Kleber Manrique Trevisani,Homem,ENCompIF
Bruno César Vani,Homem,Kleber Manrique Trevisani,Homem,ENCompIF
Alba Sandyra Bezerra Lopes,Mulher,Diego Silveira Costa Nascimento,Homem,WEI
Alba Sandyra Bezerra Lopes,Mulher,Edmilson Barbalho Campos Neto,Homem,WEI
Diego Silveira Costa Nascimento,Homem,Edmilson Barbalho Campos Neto,Homem,WEI
Carla Ilane Moreira Bezerra,Mulher,José Robertty de Freitas Costa,Homem,WEI
Carla Ilane Moreira Bezerra,Mulher,Mateus Lima Alves,Homem,WEI
José Robertty de Freitas Costa,Homem,Mateus Lima Alves,Homem,WEI
Ernesto Fonseca Veiga,Homem,Renato de Freitas Bulcão Neto,Homem,SBCUP
Fabio Augusto Faria,Homem,Matheus Macedo Leonardo,Homem,CTIC
Bruno Faiçal,Homem,Gerson Serejo,Homem,SEMISH
Bruno Faiçal,Homem,Gustavo Pessin,Homem,SEMISH
Bruno Faiçal,Homem,Heitor Freitas,Homem,SEMISH
Bruno Faiçal,Homem,Jó Ueyama,Homem,SEMISH
Bruno Faiçal,Homem,Marcelo Maia da Silva,Homem,SEMISH
Gerson Serejo,Homem,Gustavo Pessin,Homem,SEMISH
Gerson Serejo,Homem,Heitor Freitas,Homem,SEMISH
Gerson Serejo,Homem,Jó Ueyama,Homem,SEMISH
Gerson Serejo,Homem,Marcelo Maia da Silva,Homem,SEMISH
Gustavo Pessin,Homem,Heitor Freitas,Homem,SEMISH
Gustavo Pessin,Homem,Jó Ueyama,Homem,SEMISH
Gustavo Pessin,Homem,Marcelo Maia da Silva,Homem,SEMISH
Heitor Freitas,Homem,Jó Ueyama,Homem,SEMISH
Heitor Freitas,Homem,Marcelo Maia da Silva,Homem,SEMISH
Jó Ueyama,Homem,Marcelo Maia da Silva,Homem,SEMISH
Guilherme de C. M. Gomes,Homem,Vinicius Fernandes dos Santos,Homem,ETC
Alexandre Grotta,Homem,Edmir P.V. Prado,Homem,WEI
Larissa Roder,Mulher,Luciana A. F. Martimiano,Mulher,WIT
Larissa Roder,Mulher,Nikaelly V. de Lima,Mulher,WIT
Larissa Roder,Mulher,Valéria D. Feltrim,Mulher,WIT
Luciana A. F. Martimiano,Mulher,Nikaelly V. de Lima,Mulher,WIT
Luciana A. F. Martimiano,Mulher,Valéria D. Feltrim,Mulher,WIT
Nikaelly V. de Lima,Mulher,Valéria D. Feltrim,Mulher,WIT
Eduardo Marques,Homem,Leandro A. Martinez,Homem,SEMISH
Eduardo Marques,Homem,Tiago Lobo,Homem,SEMISH
Leandro A. Martinez,Homem,Tiago Lobo,Homem,SEMISH
Alexandre B. dos Santos,Homem,Francisco Alan de O. Santos,Homem,ENCompIF
Alexandre B. dos Santos,Homem,Pedro A. Fontes Neto,Homem,ENCompIF
Francisco Alan de O. Santos,Homem,Pedro A. Fontes Neto,Homem,ENCompIF
Adriano M. Souza,Homem,Carlos O. Rolim,Homem,SBCUP
Adriano M. Souza,Homem,Claudio F. R. Geyer,Homem,SBCUP
Adriano M. Souza,Homem,Guilherme A. Borges,Homem,SBCUP
Adriano M. Souza,Homem,Tatiana F. M. dos Santos,Mulher,SBCUP
Adriano M. Souza,Homem,Valderi R. Q. Leithardt,Homem,SBCUP
Carlos O. Rolim,Homem,Claudio F. R. Geyer,Homem,SBCUP
Carlos O. Rolim,Homem,Guilherme A. Borges,Homem,SBCUP
Carlos O. Rolim,Homem,Tatiana F. M. dos Santos,Mulher,SBCUP
Carlos O. Rolim,Homem,Valderi R. Q. Leithardt,Homem,SBCUP
Claudio F. R. Geyer,Homem,Guilherme A. Borges,Homem,SBCUP
Claudio F. R. Geyer,Homem,Tatiana F. M. dos Santos,Mulher,SBCUP
Claudio F. R. Geyer,Homem,Valderi R. Q. Leithardt,Homem,SBCUP
Guilherme A. Borges,Homem,Tatiana F. M. dos Santos,Mulher,SBCUP
Guilherme A. Borges,Homem,Valderi R. Q. Leithardt,Homem,SBCUP
Tatiana F. M. dos Santos,Mulher,Valderi R. Q. Leithardt,Homem,SBCUP
Antônio Augusto de A. Rocha,Homem,Carlos A. V. Campos,Homem,WPerformance
Antônio Augusto de A. Rocha,Homem,Daniel de M. C. Christiani,Homem,WPerformance
Carlos A. V. Campos,Homem,Daniel de M. C. Christiani,Homem,WPerformance
Diego Rocha Lima,Homem,Emanuel Dantas Filho,Homem,ETC
Diego Rocha Lima,Homem,Osmar Leandro Dantas da Silva,Homem,ETC
Emanuel Dantas Filho,Homem,Osmar Leandro Dantas da Silva,Homem,ETC
Cristiano André da Costa,Homem,Lucas Closs,Homem,SBCUP
Cristiano André da Costa,Homem,Rodrigo da Rosa Righi,Homem,SBCUP
Lucas Closs,Homem,Rodrigo da Rosa Righi,Homem,SBCUP
Cristiano André da Costa,Homem,Fabio de Oliveira Dias,Homem,SBCUP
Cristiano André da Costa,Homem,Rodrigo da Rosa Righi,Homem,SBCUP
Fabio de Oliveira Dias,Homem,Rodrigo da Rosa Righi,Homem,SBCUP
Cristiano André da Costa,Homem,Guilherme Wunsch,Homem,SBCUP
Cristiano André da Costa,Homem,Rodrigo da Rosa Righi,Homem,SBCUP
Guilherme Wunsch,Homem,Rodrigo da Rosa Righi,Homem,SBCUP
Eduardo F. Nakamura,Homem,Fabiola G. Nakamura,Mulher,CTIC
Eduardo F. Nakamura,Homem,Thais G. Almeida,Mulher,CTIC
Fabiola G. Nakamura,Mulher,Thais G. Almeida,Mulher,CTIC
Adenauer Yamin,Homem,Cláudio Geyer,Homem,SBCUP
Adenauer Yamin,Homem,Douglas Scheunemann,Homem,SBCUP
Adenauer Yamin,Homem,João Lopes,Homem,SBCUP
Adenauer Yamin,Homem,Renata Reiser,Mulher,SBCUP
Cláudio Geyer,Homem,Douglas Scheunemann,Homem,SBCUP
Cláudio Geyer,Homem,João Lopes,Homem,SBCUP
Cláudio Geyer,Homem,Renata Reiser,Mulher,SBCUP
Douglas Scheunemann,Homem,João Lopes,Homem,SBCUP
Douglas Scheunemann,Homem,Renata Reiser,Mulher,SBCUP
João Lopes,Homem,Renata Reiser,Mulher,SBCUP
Adenauer Yamin,Homem,Ana Marilza Pernas,Mulher,SBCUP
Adenauer Yamin,Homem,Gerson Cavalheiro,Homem,SBCUP
Adenauer Yamin,Homem,Huberto Filho,Homem,SBCUP
Adenauer Yamin,Homem,Maurício de Azevedo,Homem,SBCUP
Adenauer Yamin,Homem,Renato Dilli,Homem,SBCUP
Ana Marilza Pernas,Mulher,Gerson Cavalheiro,Homem,SBCUP
Ana Marilza Pernas,Mulher,Huberto Filho,Homem,SBCUP
Ana Marilza Pernas,Mulher,Maurício de Azevedo,Homem,SBCUP
Ana Marilza Pernas,Mulher,Renato Dilli,Homem,SBCUP
Gerson Cavalheiro,Homem,Huberto Filho,Homem,SBCUP
Gerson Cavalheiro,Homem,Maurício de Azevedo,Homem,SBCUP
Gerson Cavalheiro,Homem,Renato Dilli,Homem,SBCUP
Huberto Filho,Homem,Maurício de Azevedo,Homem,SBCUP
Huberto Filho,Homem,Renato Dilli,Homem,SBCUP
Maurício de Azevedo,Homem,Renato Dilli,Homem,SBCUP
Carina Machado de Farias,Mulher,Fellipe Pereira Azevedo,Homem,WEI
Carina Machado de Farias,Mulher,José Elias de Jesus Dias,Homem,WEI
Fellipe Pereira Azevedo,Homem,José Elias de Jesus Dias,Homem,WEI
Daniel de Oliveira,Homem,Igor Barreto Rodrigues,Homem,WPerformance
Diego Rocha Lima,Homem,Osmar Leandro Dantas da Silva,Homem,ETC
Adenauer Yamin,Homem,Ana Pernas,Mulher,SBCUP
Adenauer Yamin,Homem,Cláudio Geyer,Homem,SBCUP
Adenauer Yamin,Homem,Eduardo Abreu,Homem,SBCUP
Adenauer Yamin,Homem,Gerson Cavalheiro,Homem,SBCUP
Adenauer Yamin,Homem,João Lopes,Homem,SBCUP
Ana Pernas,Mulher,Cláudio Geyer,Homem,SBCUP
Ana Pernas,Mulher,Eduardo Abreu,Homem,SBCUP
Ana Pernas,Mulher,Gerson Cavalheiro,Homem,SBCUP
Ana Pernas,Mulher,João Lopes,Homem,SBCUP
Cláudio Geyer,Homem,Eduardo Abreu,Homem,SBCUP
Cláudio Geyer,Homem,Gerson Cavalheiro,Homem,SBCUP
Cláudio Geyer,Homem,João Lopes,Homem,SBCUP
Eduardo Abreu,Homem,Gerson Cavalheiro,Homem,SBCUP
Eduardo Abreu,Homem,João Lopes,Homem,SBCUP
Gerson Cavalheiro,Homem,João Lopes,Homem,SBCUP
Anderson Felinto Barbosa,Homem,Janderson Jason Barbosa Aguiar,Homem,WEI
Carlo Kleber da Silva Rodrigues,Homem,Vladimir Emiliano Moreira Rocha,Homem,WPerformance
Carlo Kleber da Silva Rodrigues,Homem,Rafael Zerbini Alves da Mata,Homem,WPerformance
Cassiano Henrique de Albuquerque,Homem,Everton Eugênio de Oliveira Silva,Homem,WEI
Cassiano Henrique de Albuquerque,Homem,Josilaine de Souza Silva,Mulher,WEI
Everton Eugênio de Oliveira Silva,Homem,Josilaine de Souza Silva,Mulher,WEI
Douglas Siqueira,Homem,Francisco A. Silva,Homem,WPerformance
Douglas Siqueira,Homem,Paulo A. L. Rego,Homem,WPerformance
Douglas Siqueira,Homem,Paulo H. Rocha,Homem,WPerformance
Douglas Siqueira,Homem,Tomaz Bisneto,Homem,WPerformance
Francisco A. Silva,Homem,Paulo A. L. Rego,Homem,WPerformance
Francisco A. Silva,Homem,Paulo H. Rocha,Homem,WPerformance
Francisco A. Silva,Homem,Tomaz Bisneto,Homem,WPerformance
Paulo A. L. Rego,Homem,Paulo H. Rocha,Homem,WPerformance
Paulo A. L. Rego,Homem,Tomaz Bisneto,Homem,WPerformance
Paulo H. Rocha,Homem,Tomaz Bisneto,Homem,WPerformance
Henrique Nunes,Homem,Israel Junior,Homem,ENCompIF
Henrique Nunes,Homem,Luciano Cabral,Homem,ENCompIF
Henrique Nunes,Homem,Manoel Neto,Homem,ENCompIF
Henrique Nunes,Homem,Marlysson Oliveira,Homem,ENCompIF
Israel Junior,Homem,Luciano Cabral,Homem,ENCompIF
Israel Junior,Homem,Manoel Neto,Homem,ENCompIF
Israel Junior,Homem,Marlysson Oliveira,Homem,ENCompIF
Luciano Cabral,Homem,Manoel Neto,Homem,ENCompIF
Luciano Cabral,Homem,Marlysson Oliveira,Homem,ENCompIF
Manoel Neto,Homem,Marlysson Oliveira,Homem,ENCompIF
Rafael C. S. Schoeury,Homem,Vinicius F. dos Santos,Homem,ETC
Adenauer Correa Yamin,Homem,Ana Marilza Pernas,Mulher,SBCUP
Adenauer Correa Yamin,Homem,Diórgenes Y. L. da Rosa,Homem,SBCUP
Adenauer Correa Yamin,Homem,Lucas Medeiros Donato,Homem,SBCUP
Adenauer Correa Yamin,Homem,Ricardo Borges Almeida,Homem,SBCUP
Adenauer Correa Yamin,Homem,Roger da Silva Machado,Homem,SBCUP
Ana Marilza Pernas,Mulher,Diórgenes Y. L. da Rosa,Homem,SBCUP
Ana Marilza Pernas,Mulher,Lucas Medeiros Donato,Homem,SBCUP
Ana Marilza Pernas,Mulher,Ricardo Borges Almeida,Homem,SBCUP
Ana Marilza Pernas,Mulher,Roger da Silva Machado,Homem,SBCUP
Diórgenes Y. L. da Rosa,Homem,Lucas Medeiros Donato,Homem,SBCUP
Diórgenes Y. L. da Rosa,Homem,Ricardo Borges Almeida,Homem,SBCUP
Diórgenes Y. L. da Rosa,Homem,Roger da Silva Machado,Homem,SBCUP
Lucas Medeiros Donato,Homem,Ricardo Borges Almeida,Homem,SBCUP
Lucas Medeiros Donato,Homem,Roger da Silva Machado,Homem,SBCUP
Ricardo Borges Almeida,Homem,Roger da Silva Machado,Homem,SBCUP
Brena Santos,Mulher,Francisco Airton Silva,Homem,WPerformance
Brena Santos,Mulher,Patricia Takako Endo,Mulher,WPerformance
Francisco Airton Silva,Homem,Patricia Takako Endo,Mulher,WPerformance
Adenauer Yamin,Homem,Ana Marilza Pernas,Mulher,SEMISH
Adenauer Yamin,Homem,Anderson Cardoso,Homem,SEMISH
Adenauer Yamin,Homem,Gerson Cavalheiro,Homem,SEMISH
Adenauer Yamin,Homem,João Lopes,Homem,SEMISH
Adenauer Yamin,Homem,Leonardo João,Homem,SEMISH
Adenauer Yamin,Homem,Roger Machado,Homem,SEMISH
Adenauer Yamin,Homem,Verônica Tabim,Mulher,SEMISH
Ana Marilza Pernas,Mulher,Anderson Cardoso,Homem,SEMISH
Ana Marilza Pernas,Mulher,Gerson Cavalheiro,Homem,SEMISH
Ana Marilza Pernas,Mulher,João Lopes,Homem,SEMISH
Ana Marilza Pernas,Mulher,Leonardo João,Homem,SEMISH
Ana Marilza Pernas,Mulher,Roger Machado,Homem,SEMISH
Ana Marilza Pernas,Mulher,Verônica Tabim,Mulher,SEMISH
Anderson Cardoso,Homem,Gerson Cavalheiro,Homem,SEMISH
Anderson Cardoso,Homem,João Lopes,Homem,SEMISH
Anderson Cardoso,Homem,Leonardo João,Homem,SEMISH
Anderson Cardoso,Homem,Roger Machado,Homem,SEMISH
Anderson Cardoso,Homem,Verônica Tabim,Mulher,SEMISH
Gerson Cavalheiro,Homem,João Lopes,Homem,SEMISH
Gerson Cavalheiro,Homem,Leonardo João,Homem,SEMISH
Gerson Cavalheiro,Homem,Roger Machado,Homem,SEMISH
Gerson Cavalheiro,Homem,Verônica Tabim,Mulher,SEMISH
João Lopes,Homem,Leonardo João,Homem,SEMISH
João Lopes,Homem,Roger Machado,Homem,SEMISH
João Lopes,Homem,Verônica Tabim,Mulher,SEMISH
Leonardo João,Homem,Roger Machado,Homem,SEMISH
Leonardo João,Homem,Verônica Tabim,Mulher,SEMISH
Roger Machado,Homem,Verônica Tabim,Mulher,SEMISH
Adenauer Yamin,Homem,Cláudio Geyer,Homem,SEMISH
Adenauer Yamin,Homem,Douglas Scheunemann,Homem,SEMISH
Adenauer Yamin,Homem,João Lopes,Homem,SEMISH
Cláudio Geyer,Homem,Douglas Scheunemann,Homem,SEMISH
Cláudio Geyer,Homem,João Lopes,Homem,SEMISH
Douglas Scheunemann,Homem,João Lopes,Homem,SEMISH
Leo Natan Paschoal,Homem,Simone do Rocio Senger de Souza,Mulher,WEI
Gustavo Ribeiro,Homem,Juan Barros,Homem,ENCompIF
Gustavo Ribeiro,Homem,Marcelo de Almeida,Homem,ENCompIF
Gustavo Ribeiro,Homem,Myllena da Silva,Mulher,ENCompIF
Gustavo Ribeiro,Homem,Paula de Freitas,Mulher,ENCompIF
Gustavo Ribeiro,Homem,Rerisson Matos,Homem,ENCompIF
Juan Barros,Homem,Marcelo de Almeida,Homem,ENCompIF
Juan Barros,Homem,Myllena da Silva,Mulher,ENCompIF
Juan Barros,Homem,Paula de Freitas,Mulher,ENCompIF
Juan Barros,Homem,Rerisson Matos,Homem,ENCompIF
Marcelo de Almeida,Homem,Myllena da Silva,Mulher,ENCompIF
Marcelo de Almeida,Homem,Paula de Freitas,Mulher,ENCompIF
Marcelo de Almeida,Homem,Rerisson Matos,Homem,ENCompIF
Myllena da Silva,Mulher,Paula de Freitas,Mulher,ENCompIF
Myllena da Silva,Mulher,Rerisson Matos,Homem,ENCompIF
Paula de Freitas,Mulher,Rerisson Matos,Homem,ENCompIF
Candido Ferreira Xavier de Mendonça,Homem,Luciano A. Digiampietri,Homem,WEI
Fernando Augusto Ferreira Lordão,Homem,Lafayette Batista Melo,Homem,WEI
Fernando Augusto Ferreira Lordão,Homem,Leandro Cavalcanti de Almeida,Homem,WEI
Fernando Augusto Ferreira Lordão,Homem,Marcílio de Paiva Onofre Filho,Homem,WEI
Fernando Augusto Ferreira Lordão,Homem,Paulo Roberto Santos Costa,Homem,WEI
Lafayette Batista Melo,Homem,Leandro Cavalcanti de Almeida,Homem,WEI
Lafayette Batista Melo,Homem,Marcílio de Paiva Onofre Filho,Homem,WEI
Lafayette Batista Melo,Homem,Paulo Roberto Santos Costa,Homem,WEI
Leandro Cavalcanti de Almeida,Homem,Marcílio de Paiva Onofre Filho,Homem,WEI
Leandro Cavalcanti de Almeida,Homem,Paulo Roberto Santos Costa,Homem,WEI
Marcílio de Paiva Onofre Filho,Homem,Paulo Roberto Santos Costa,Homem,WEI
Aldri Santos,Homem,Carmem Hara,Mulher,SBCUP
Aldri Santos,Homem,Katriny Zamproni,Mulher,SBCUP
Aldri Santos,Homem,Marcos Carrero,Homem,SBCUP
Aldri Santos,Homem,Martin A. Musicante,Homem,SBCUP
Carmem Hara,Mulher,Katriny Zamproni,Mulher,SBCUP
Carmem Hara,Mulher,Marcos Carrero,Homem,SBCUP
Carmem Hara,Mulher,Martin A. Musicante,Homem,SBCUP
Katriny Zamproni,Mulher,Marcos Carrero,Homem,SBCUP
Katriny Zamproni,Mulher,Martin A. Musicante,Homem,SBCUP
Marcos Carrero,Homem,Martin A. Musicante,Homem,SBCUP
Mária Andréia F. Rodrigues,Mulher,Yvens R. Serpa,Homem,CTD
Aleteia Patrícia F. de Araújo,Mulher,Guilherme N. Ramos,Homem,WIT
Aleteia Patrícia F. de Araújo,Mulher,Maria Emília T. Walter,Mulher,WIT
Aleteia Patrícia F. de Araújo,Mulher,Maristela Terto de Holanda,Mulher,WIT
Aleteia Patrícia F. de Araújo,Mulher,Roberto Mourão,Homem,WIT
Guilherme N. Ramos,Homem,Maria Emília T. Walter,Mulher,WIT
Guilherme N. Ramos,Homem,Maristela Terto de Holanda,Mulher,WIT
Guilherme N. Ramos,Homem,Roberto Mourão,Homem,WIT
Maria Emília T. Walter,Mulher,Maristela Terto de Holanda,Mulher,WIT
Maria Emília T. Walter,Mulher,Roberto Mourão,Homem,WIT
Maristela Terto de Holanda,Mulher,Roberto Mourão,Homem,WIT
Flavia C. Delicato,Mulher,Jorge Pereira,Homem,SBCUP
Flavia C. Delicato,Mulher,Paulo F. Pires,Homem,SBCUP
Flavia C. Delicato,Mulher,Thais Batista,Mulher,SBCUP
Jorge Pereira,Homem,Paulo F. Pires,Homem,SBCUP
Jorge Pereira,Homem,Thais Batista,Mulher,SBCUP
Paulo F. Pires,Homem,Thais Batista,Mulher,SBCUP
André Felipe Monteiro,Homem,Dalbert Matos Mascarenhas,Homem,WEI
André Felipe Monteiro,Homem,Laura Silva de Assis,Mulher,WEI
Dalbert Matos Mascarenhas,Homem,Laura Silva de Assis,Mulher,WEI
Adenauer Yamin,Homem,Huberto Kaiser Filho,Homem,SBCUP
Adenauer Yamin,Homem,Lucas M. S. Xavier,Homem,SBCUP
Adenauer Yamin,Homem,Patrícia Davet,Mulher,SBCUP
Huberto Kaiser Filho,Homem,Lucas M. S. Xavier,Homem,SBCUP
Huberto Kaiser Filho,Homem,Patrícia Davet,Mulher,SBCUP
Lucas M. S. Xavier,Homem,Patrícia Davet,Mulher,SBCUP
Cristiano André da Costa,Homem,Jorge Luis Victoria Barbosa,Homem,SBCUP
Cristiano André da Costa,Homem,Marcelo da Silva dos Santos,Homem,SBCUP
Jorge Luis Victoria Barbosa,Homem,Marcelo da Silva dos Santos,Homem,SBCUP
Emanuel Coutinho,Homem,Gabriel Paillard,Homem,WASHES
Emanuel Coutinho,Homem,Leonardo Moreira,Homem,WASHES
Gabriel Paillard,Homem,Leonardo Moreira,Homem,WASHES
Karen da Silva Figueiredo,Mulher,Suellen Barros Ramos,Mulher,WIT
Dorgival Guedes,Homem,Nestor D. O. Volpini,Homem,WPerformance
Dorgival Guedes,Homem,Raphael L. Pontes,Homem,WPerformance
Dorgival Guedes,Homem,Vinicius S. Conceição,Homem,WPerformance
Nestor D. O. Volpini,Homem,Raphael L. Pontes,Homem,WPerformance
Nestor D. O. Volpini,Homem,Vinicius S. Conceição,Homem,WPerformance
Raphael L. Pontes,Homem,Vinicius S. Conceição,Homem,WPerformance
Emmanuel C. A. de Melo,Homem,Francisco H. C. S. Filho,Homem,SBCUP
Emmanuel C. A. de Melo,Homem,Marcio E. F. Maia,Homem,SBCUP
Emmanuel C. A. de Melo,Homem,Paulo A. L. Rego,Homem,SBCUP
Emmanuel C. A. de Melo,Homem,Rossana M. C. Andrade,Mulher,SBCUP
Francisco H. C. S. Filho,Homem,Marcio E. F. Maia,Homem,SBCUP
Francisco H. C. S. Filho,Homem,Paulo A. L. Rego,Homem,SBCUP
Francisco H. C. S. Filho,Homem,Rossana M. C. Andrade,Mulher,SBCUP
Marcio E. F. Maia,Homem,Paulo A. L. Rego,Homem,SBCUP
Marcio E. F. Maia,Homem,Rossana M. C. Andrade,Mulher,SBCUP
Paulo A. L. Rego,Homem,Rossana M. C. Andrade,Mulher,SBCUP
Adenauer Yamin,Homem,Alexandre Wolf,Homem,SBCUP
Adenauer Yamin,Homem,Anderson Cardoso,Homem,SBCUP
Adenauer Yamin,Homem,Cláudio Geyer,Homem,SBCUP
Adenauer Yamin,Homem,Jorge Barbosa,Homem,SBCUP
Adenauer Yamin,Homem,João Lopes,Homem,SBCUP
Adenauer Yamin,Homem,Patrícia Davet,Mulher,SBCUP
Adenauer Yamin,Homem,Rodrigo Souza,Homem,SBCUP
Adenauer Yamin,Homem,Tainã Carvalho,Mulher,SBCUP
Alexandre Wolf,Homem,Anderson Cardoso,Homem,SBCUP
Alexandre Wolf,Homem,Cláudio Geyer,Homem,SBCUP
Alexandre Wolf,Homem,Jorge Barbosa,Homem,SBCUP
Alexandre Wolf,Homem,João Lopes,Homem,SBCUP
Alexandre Wolf,Homem,Patrícia Davet,Mulher,SBCUP
Alexandre Wolf,Homem,Rodrigo Souza,Homem,SBCUP
Alexandre Wolf,Homem,Tainã Carvalho,Mulher,SBCUP
Anderson Cardoso,Homem,Cláudio Geyer,Homem,SBCUP
Anderson Cardoso,Homem,Jorge Barbosa,Homem,SBCUP
Anderson Cardoso,Homem,João Lopes,Homem,SBCUP
Anderson Cardoso,Homem,Patrícia Davet,Mulher,SBCUP
Anderson Cardoso,Homem,Rodrigo Souza,Homem,SBCUP
Anderson Cardoso,Homem,Tainã Carvalho,Mulher,SBCUP
Cláudio Geyer,Homem,Jorge Barbosa,Homem,SBCUP
Cláudio Geyer,Homem,João Lopes,Homem,SBCUP
Cláudio Geyer,Homem,Patrícia Davet,Mulher,SBCUP
Cláudio Geyer,Homem,Rodrigo Souza,Homem,SBCUP
Cláudio Geyer,Homem,Tainã Carvalho,Mulher,SBCUP
Jorge Barbosa,Homem,João Lopes,Homem,SBCUP
Jorge Barbosa,Homem,Patrícia Davet,Mulher,SBCUP
Jorge Barbosa,Homem,Rodrigo Souza,Homem,SBCUP
Jorge Barbosa,Homem,Tainã Carvalho,Mulher,SBCUP
João Lopes,Homem,Patrícia Davet,Mulher,SBCUP
João Lopes,Homem,Rodrigo Souza,Homem,SBCUP
João Lopes,Homem,Tainã Carvalho,Mulher,SBCUP
Patrícia Davet,Mulher,Rodrigo Souza,Homem,SBCUP
Patrícia Davet,Mulher,Tainã Carvalho,Mulher,SBCUP
Rodrigo Souza,Homem,Tainã Carvalho,Mulher,SBCUP
Andrea Jubileu,Mulher,César da Silva,Homem,ENCompIF
Andrea Jubileu,Mulher,Melissa Alcantud,Mulher,ENCompIF
César da Silva,Homem,Melissa Alcantud,Mulher,ENCompIF
Andre L. L. Aquino,Homem,Douglas L. L. Moura,Homem,SBCUP
Andre L. L. Aquino,Homem,Raquel S. Cabral,Mulher,SBCUP
Andre L. L. Aquino,Homem,Thiago B. M. Sales,Homem,SBCUP
Douglas L. L. Moura,Homem,Raquel S. Cabral,Mulher,SBCUP
Douglas L. L. Moura,Homem,Thiago B. M. Sales,Homem,SBCUP
Raquel S. Cabral,Mulher,Thiago B. M. Sales,Homem,SBCUP
Fábio Protti,Homem,João Guilherme Martinez,Homem,ETC
Fábio Protti,Homem,Rosiane Freitas,Mulher,ETC
João Guilherme Martinez,Homem,Rosiane Freitas,Mulher,ETC
David Moises Barreto dos Santos,Homem,Luiz Otávio Ramos Gavaza,Homem,WEI
David Moises Barreto dos Santos,Homem,Láıs do Nascimento Salvador,Mulher,WEI
Luiz Otávio Ramos Gavaza,Homem,Láıs do Nascimento Salvador,Mulher,WEI
Amauri Holanda de Souza Junior,Homem,Tamara Arruda Pereira,Mulher,SEMISH
Alexsander V. Canez,Homem,Gisele M. Simas,Mulher,SBCUP
Alexsander V. Canez,Homem,Henrique de S. Conceição,Homem,SBCUP
Alexsander V. Canez,Homem,Igor P. Maurell,Homem,SBCUP
Alexsander V. Canez,Homem,Jônatas D. Fraga,Homem,SBCUP
Alexsander V. Canez,Homem,Mariana P. Fernandes,Mulher,SBCUP
Alexsander V. Canez,Homem,Marlon R. C. Franco,Homem,SBCUP
Alexsander V. Canez,Homem,Matheus C. Corrêa,Homem,SBCUP
Alexsander V. Canez,Homem,Regina Barwaldt,Mulher,SBCUP
Alexsander V. Canez,Homem,Ricardo N. Rodrigues,Homem,SBCUP
Gisele M. Simas,Mulher,Henrique de S. Conceição,Homem,SBCUP
Gisele M. Simas,Mulher,Igor P. Maurell,Homem,SBCUP
Gisele M. Simas,Mulher,Jônatas D. Fraga,Homem,SBCUP
Gisele M. Simas,Mulher,Mariana P. Fernandes,Mulher,SBCUP
Gisele M. Simas,Mulher,Marlon R. C. Franco,Homem,SBCUP
Gisele M. Simas,Mulher,Matheus C. Corrêa,Homem,SBCUP
Gisele M. Simas,Mulher,Regina Barwaldt,Mulher,SBCUP
Gisele M. Simas,Mulher,Ricardo N. Rodrigues,Homem,SBCUP
Henrique de S. Conceição,Homem,Igor P. Maurell,Homem,SBCUP
Henrique de S. Conceição,Homem,Jônatas D. Fraga,Homem,SBCUP
Henrique de S. Conceição,Homem,Mariana P. Fernandes,Mulher,SBCUP
Henrique de S. Conceição,Homem,Marlon R. C. Franco,Homem,SBCUP
Henrique de S. Conceição,Homem,Matheus C. Corrêa,Homem,SBCUP
Henrique de S. Conceição,Homem,Regina Barwaldt,Mulher,SBCUP
Henrique de S. Conceição,Homem,Ricardo N. Rodrigues,Homem,SBCUP
Igor P. Maurell,Homem,Jônatas D. Fraga,Homem,SBCUP
Igor P. Maurell,Homem,Mariana P. Fernandes,Mulher,SBCUP
Igor P. Maurell,Homem,Marlon R. C. Franco,Homem,SBCUP
Igor P. Maurell,Homem,Matheus C. Corrêa,Homem,SBCUP
Igor P. Maurell,Homem,Regina Barwaldt,Mulher,SBCUP
Igor P. Maurell,Homem,Ricardo N. Rodrigues,Homem,SBCUP
Jônatas D. Fraga,Homem,Mariana P. Fernandes,Mulher,SBCUP
Jônatas D. Fraga,Homem,Marlon R. C. Franco,Homem,SBCUP
Jônatas D. Fraga,Homem,Matheus C. Corrêa,Homem,SBCUP
Jônatas D. Fraga,Homem,Regina Barwaldt,Mulher,SBCUP
Jônatas D. Fraga,Homem,Ricardo N. Rodrigues,Homem,SBCUP
Mariana P. Fernandes,Mulher,Marlon R. C. Franco,Homem,SBCUP
Mariana P. Fernandes,Mulher,Matheus C. Corrêa,Homem,SBCUP
Mariana P. Fernandes,Mulher,Regina Barwaldt,Mulher,SBCUP
Mariana P. Fernandes,Mulher,Ricardo N. Rodrigues,Homem,SBCUP
Marlon R. C. Franco,Homem,Matheus C. Corrêa,Homem,SBCUP
Marlon R. C. Franco,Homem,Regina Barwaldt,Mulher,SBCUP
Marlon R. C. Franco,Homem,Ricardo N. Rodrigues,Homem,SBCUP
Matheus C. Corrêa,Homem,Regina Barwaldt,Mulher,SBCUP
Matheus C. Corrêa,Homem,Ricardo N. Rodrigues,Homem,SBCUP
Regina Barwaldt,Mulher,Ricardo N. Rodrigues,Homem,SBCUP
Frederico Severo Miranda,Homem,Paulo Cezar Stadzisz,Homem,WASHES
Eurico L. P. Ruivo,Homem,Pedro P. B. de Oliveira,Homem,ETC
Amanda Rodrigues,Mulher,Juliana Saraiva,Mulher,WASHES
Amanda Rodrigues,Mulher,Vanessa Dantas,Mulher,WASHES
Juliana Saraiva,Mulher,Vanessa Dantas,Mulher,WASHES
Ingrid Nunes,Mulher,Jhonny Mertz,Homem,CTD
Daniel Carlos Guimarães Pedronette,Homem,Lucas Pascotti Valem,Homem,CTD
Cristiano A. da Costa,Homem,Guilherme Galante,Homem,WPerformance
Cristiano A. da Costa,Homem,Mateus Aubin,Homem,WPerformance
Cristiano A. da Costa,Homem,Rodrigo da Rosa Righi,Homem,WPerformance
Guilherme Galante,Homem,Mateus Aubin,Homem,WPerformance
Guilherme Galante,Homem,Rodrigo da Rosa Righi,Homem,WPerformance
Mateus Aubin,Homem,Rodrigo da Rosa Righi,Homem,WPerformance
Gabriela C. M. de Souza,Mulher,Géssica M. da S. Alves,Mulher,WIT
Gabriela C. M. de Souza,Mulher,Jailma J. da Silva,Mulher,WIT
Gabriela C. M. de Souza,Mulher,Rebeca de Q. Dantas,Mulher,WIT
Gabriela C. M. de Souza,Mulher,Renata V. de Figueiredo,Mulher,WIT
Gabriela C. M. de Souza,Mulher,Vanessa F. Dantas,Mulher,WIT
Géssica M. da S. Alves,Mulher,Jailma J. da Silva,Mulher,WIT
Géssica M. da S. Alves,Mulher,Rebeca de Q. Dantas,Mulher,WIT
Géssica M. da S. Alves,Mulher,Renata V. de Figueiredo,Mulher,WIT
Géssica M. da S. Alves,Mulher,Vanessa F. Dantas,Mulher,WIT
Jailma J. da Silva,Mulher,Rebeca de Q. Dantas,Mulher,WIT
Jailma J. da Silva,Mulher,Renata V. de Figueiredo,Mulher,WIT
Jailma J. da Silva,Mulher,Vanessa F. Dantas,Mulher,WIT
Rebeca de Q. Dantas,Mulher,Renata V. de Figueiredo,Mulher,WIT
Rebeca de Q. Dantas,Mulher,Vanessa F. Dantas,Mulher,WIT
Renata V. de Figueiredo,Mulher,Vanessa F. Dantas,Mulher,WIT
Esdras Bispo Jr.,Homem,Franciny Barreto,Mulher,WEI
Esdras Bispo Jr.,Homem,Rafael Andrade,Homem,WEI
Franciny Barreto,Mulher,Rafael Andrade,Homem,WEI
Anna Beatriz Marques,Mulher,Gabriel Aires,Homem,WASHES
Cintia Sonale Rebonatto,Mulher,Cássio Eckstein,Homem,SBCUP
Cintia Sonale Rebonatto,Mulher,Marcelo Trindade Rebonatto,Homem,SBCUP
Cássio Eckstein,Homem,Marcelo Trindade Rebonatto,Homem,SBCUP
Flavio F. Franzin,Homem,Paulo V. M. Cardoso,Homem,CTIC
Flavio F. Franzin,Homem,Sergio L. S. Mergen,Homem,CTIC
Paulo V. M. Cardoso,Homem,Sergio L. S. Mergen,Homem,CTIC
Fabíola Pantoja O. Araújo,Mulher,Geisiane S. Matos,Mulher,WIT
Fabíola Pantoja O. Araújo,Mulher,Maria Roselene A. Lima,Mulher,WIT
Fabíola Pantoja O. Araújo,Mulher,Sara M. Silva,Mulher,WIT
Geisiane S. Matos,Mulher,Maria Roselene A. Lima,Mulher,WIT
Geisiane S. Matos,Mulher,Sara M. Silva,Mulher,WIT
Maria Roselene A. Lima,Mulher,Sara M. Silva,Mulher,WIT
Alexandre Aragão,Homem,Ariel Teles,Homem,WASHES
Alexandre Aragão,Homem,Arlindo da Conceição,Homem,WASHES
Alexandre Aragão,Homem,Davi Viana,Homem,WASHES
Alexandre Aragão,Homem,Francisco A. Silva,Homem,WASHES
Alexandre Aragão,Homem,Inaldo Costa,Homem,WASHES
Alexandre Aragão,Homem,Luis Rivero,Homem,WASHES
Alexandre Aragão,Homem,Tercio Sousa,Homem,WASHES
Ariel Teles,Homem,Arlindo da Conceição,Homem,WASHES
Ariel Teles,Homem,Davi Viana,Homem,WASHES
Ariel Teles,Homem,Francisco A. Silva,Homem,WASHES
Ariel Teles,Homem,Inaldo Costa,Homem,WASHES
Ariel Teles,Homem,Luis Rivero,Homem,WASHES
Ariel Teles,Homem,Tercio Sousa,Homem,WASHES
Arlindo da Conceição,Homem,Davi Viana,Homem,WASHES
Arlindo da Conceição,Homem,Francisco A. Silva,Homem,WASHES
Arlindo da Conceição,Homem,Inaldo Costa,Homem,WASHES
Arlindo da Conceição,Homem,Luis Rivero,Homem,WASHES
Arlindo da Conceição,Homem,Tercio Sousa,Homem,WASHES
Davi Viana,Homem,Francisco A. Silva,Homem,WASHES
Davi Viana,Homem,Inaldo Costa,Homem,WASHES
Davi Viana,Homem,Luis Rivero,Homem,WASHES
Davi Viana,Homem,Tercio Sousa,Homem,WASHES
Francisco A. Silva,Homem,Inaldo Costa,Homem,WASHES
Francisco A. Silva,Homem,Luis Rivero,Homem,WASHES
Francisco A. Silva,Homem,Tercio Sousa,Homem,WASHES
Inaldo Costa,Homem,Luis Rivero,Homem,WASHES
Inaldo Costa,Homem,Tercio Sousa,Homem,WASHES
Luis Rivero,Homem,Tercio Sousa,Homem,WASHES
Ernane Martins,Homem,Luís Gouveia,Homem,WEI
Leandro de C. Santos,Homem,Samira S. da Silva,Mulher,WEI
Leandro de C. Santos,Homem,Sincler P. de Meireles,Homem,WEI
Samira S. da Silva,Mulher,Sincler P. de Meireles,Homem,WEI
Alexandre Pereira do Carmo,Homem,Clebeson Canuto dos Santos,Homem,SBCUP
Alexandre Pereira do Carmo,Homem,Felippe Mendonça de Queiroz,Homem,SBCUP
Alexandre Pereira do Carmo,Homem,Leonardo de Assis Silva,Homem,SBCUP
Alexandre Pereira do Carmo,Homem,Raquel Frizera Vassallo,Mulher,SBCUP
Clebeson Canuto dos Santos,Homem,Felippe Mendonça de Queiroz,Homem,SBCUP
Clebeson Canuto dos Santos,Homem,Leonardo de Assis Silva,Homem,SBCUP
Clebeson Canuto dos Santos,Homem,Raquel Frizera Vassallo,Mulher,SBCUP
Felippe Mendonça de Queiroz,Homem,Leonardo de Assis Silva,Homem,SBCUP
Felippe Mendonça de Queiroz,Homem,Raquel Frizera Vassallo,Mulher,SBCUP
Leonardo de Assis Silva,Homem,Raquel Frizera Vassallo,Mulher,SBCUP
Adriana Paula Zamim Scherer,Mulher,Filipo Novo Mór,Homem,WEI
Leiva Casemiro Oliveira,Mulher,Sílvio Roberto Fernandes,Homem,WEI
Eduardo H. Teixeira,Homem,Mateus Manuel,Homem,WPerformance
Eduardo H. Teixeira,Homem,Renan Costa,Homem,WPerformance
Mateus Manuel,Homem,Renan Costa,Homem,WPerformance
Anderson S. de Oliveira,Homem,Carina Machado de Farias,Mulher,WEI
Anderson S. de Oliveira,Homem,Everton Dias de A. Silva,Homem,WEI
Carina Machado de Farias,Mulher,Everton Dias de A. Silva,Homem,WEI
Carina Oliveira,Mulher,Joyce Quintino,Mulher,WIT
Carina Oliveira,Mulher,Mauro Oliveira,Homem,WIT
Joyce Quintino,Mulher,Mauro Oliveira,Homem,WIT
Cristiane M. Sato,Mulher,Roberto F. Parente,Homem,ETC
Daniel da Silva Souza,Homem,Marcos César da Rocha Seruffo,Homem,SEMISH
Daniel da Silva Souza,Homem,Marianne Kogut Eliasquevici,Mulher,SEMISH
Marcos César da Rocha Seruffo,Homem,Marianne Kogut Eliasquevici,Mulher,SEMISH
Fabrício Herpich,Homem,Felipe Becker Nunes,Homem,WEI
Fabrício Herpich,Homem,José Valdeni de Lima,Homem,WEI
Fabrício Herpich,Homem,Manuel Constantino Zunguze,Homem,WEI
Felipe Becker Nunes,Homem,José Valdeni de Lima,Homem,WEI
Felipe Becker Nunes,Homem,Manuel Constantino Zunguze,Homem,WEI
José Valdeni de Lima,Homem,Manuel Constantino Zunguze,Homem,WEI
Fábio Luiz Usberti,Homem,Matheus Diógenes Andrade,Homem,ETC
André Chateaubriand,Homem,Obede Carvalho,Homem,WEI
André Chateaubriand,Homem,Ricardo Terra,Homem,WEI
Obede Carvalho,Homem,Ricardo Terra,Homem,WEI
Claudio Schepke,Homem,Natiele Lucca,Mulher,WPerformance
Alexandre Orozco,Homem,Alysson Hubner,Homem,ENCompIF
Alexandre Orozco,Homem,Giovana Santos,Mulher,ENCompIF
Alexandre Orozco,Homem,Ricardo dos Santos,Homem,ENCompIF
Alysson Hubner,Homem,Giovana Santos,Mulher,ENCompIF
Alysson Hubner,Homem,Ricardo dos Santos,Homem,ENCompIF
Giovana Santos,Mulher,Ricardo dos Santos,Homem,ENCompIF
Helton Maia,Homem,Mateus Eloi da Silva Bastos,Homem,SEMISH
Helton Maia,Homem,Richardson Santiago Teles de Menezes,Homem,SEMISH
Helton Maia,Homem,Vitor Yeso Fidelis Freitas,Homem,SEMISH
Mateus Eloi da Silva Bastos,Homem,Richardson Santiago Teles de Menezes,Homem,SEMISH
Mateus Eloi da Silva Bastos,Homem,Vitor Yeso Fidelis Freitas,Homem,SEMISH
Richardson Santiago Teles de Menezes,Homem,Vitor Yeso Fidelis Freitas,Homem,SEMISH
George D. da C. Cavalcanti,Homem,Hector N. B. Pinheiro,Homem,CTD
Caio C. Viel,Homem,Cesar A. C. Teixeira,Homem,SEMISH
Caio C. Viel,Homem,Isabela Zaine,Mulher,SEMISH
Caio C. Viel,Homem,Kamila R. H. Rodrigues,Mulher,SEMISH
Caio C. Viel,Homem,Maria da Graça C. Pimentel,Mulher,SEMISH
Cesar A. C. Teixeira,Homem,Isabela Zaine,Mulher,SEMISH
Cesar A. C. Teixeira,Homem,Kamila R. H. Rodrigues,Mulher,SEMISH
Cesar A. C. Teixeira,Homem,Maria da Graça C. Pimentel,Mulher,SEMISH
Isabela Zaine,Mulher,Kamila R. H. Rodrigues,Mulher,SEMISH
Isabela Zaine,Mulher,Maria da Graça C. Pimentel,Mulher,SEMISH
Kamila R. H. Rodrigues,Mulher,Maria da Graça C. Pimentel,Mulher,SEMISH
Ana Paula Marques Barbosa,Mulher,Diego Jonathan Hoss,Homem,ENCompIF
Ana Paula Marques Barbosa,Mulher,Gil Eduardo Andrade,Homem,ENCompIF
Diego Jonathan Hoss,Homem,Gil Eduardo Andrade,Homem,ENCompIF
Edio Roberto Manfio,Homem,Fábio Carlos Moreno,Homem,SEMISH
Igor C. Sodré,Homem,Pedro B. Pio,Homem,WEI
Igor C. Sodré,Homem,Vinicius R. P. Borges,Homem,WEI
Pedro B. Pio,Homem,Vinicius R. P. Borges,Homem,WEI
Renata Viegas de Figueiredo,Mulher,Tanara Lauschner,Mulher,WIT
André Pinheiro,Homem,Cleidson de Souza,Homem,SEMISH
André Pinheiro,Homem,Fernando Figueira Filho,Homem,SEMISH
André Pinheiro,Homem,Leandro de Almeida Melo,Homem,SEMISH
André Pinheiro,Homem,Nelson Tenório Jr.,Homem,SEMISH
Cleidson de Souza,Homem,Fernando Figueira Filho,Homem,SEMISH
Cleidson de Souza,Homem,Leandro de Almeida Melo,Homem,SEMISH
Cleidson de Souza,Homem,Nelson Tenório Jr.,Homem,SEMISH
Fernando Figueira Filho,Homem,Leandro de Almeida Melo,Homem,SEMISH
Fernando Figueira Filho,Homem,Nelson Tenório Jr.,Homem,SEMISH
Leandro de Almeida Melo,Homem,Nelson Tenório Jr.,Homem,SEMISH
Alana Araujo,Mulher,Carla Silva,Mulher,WEI
Alana Araujo,Mulher,Estephane Mendes,Mulher,WEI
Alana Araujo,Mulher,Giovanna Pavani,Mulher,WEI
Alana Araujo,Mulher,Katia Salles,Mulher,WEI
Alana Araujo,Mulher,Luis Rivero,Homem,WEI
Alana Araujo,Mulher,Nathasha Pinto,Mulher,WEI
Alana Araujo,Mulher,Raimundo Neto,Homem,WEI
Carla Silva,Mulher,Estephane Mendes,Mulher,WEI
Carla Silva,Mulher,Giovanna Pavani,Mulher,WEI
Carla Silva,Mulher,Katia Salles,Mulher,WEI
Carla Silva,Mulher,Luis Rivero,Homem,WEI
Carla Silva,Mulher,Nathasha Pinto,Mulher,WEI
Carla Silva,Mulher,Raimundo Neto,Homem,WEI
Estephane Mendes,Mulher,Giovanna Pavani,Mulher,WEI
Estephane Mendes,Mulher,Katia Salles,Mulher,WEI
Estephane Mendes,Mulher,Luis Rivero,Homem,WEI
Estephane Mendes,Mulher,Nathasha Pinto,Mulher,WEI
Estephane Mendes,Mulher,Raimundo Neto,Homem,WEI
Giovanna Pavani,Mulher,Katia Salles,Mulher,WEI
Giovanna Pavani,Mulher,Luis Rivero,Homem,WEI
Giovanna Pavani,Mulher,Nathasha Pinto,Mulher,WEI
Giovanna Pavani,Mulher,Raimundo Neto,Homem,WEI
Katia Salles,Mulher,Luis Rivero,Homem,WEI
Katia Salles,Mulher,Nathasha Pinto,Mulher,WEI
Katia Salles,Mulher,Raimundo Neto,Homem,WEI
Luis Rivero,Homem,Nathasha Pinto,Mulher,WEI
Luis Rivero,Homem,Raimundo Neto,Homem,WEI
Nathasha Pinto,Mulher,Raimundo Neto,Homem,WEI
Marcelo S. Loutfi,Homem,Nathielly de S. Campos,Mulher,WEI
Marcelo S. Loutfi,Homem,Reinaldo V. Alvares,Homem,WEI
Nathielly de S. Campos,Mulher,Reinaldo V. Alvares,Homem,WEI
Adriano H. Braga,Homem,Letícia S. Camargo,Mulher,WIT
Adriano H. Braga,Homem,Maria Alice N. Silva,Mulher,WIT
Adriano H. Braga,Homem,Natália C. Louzada,Mulher,WIT
Adriano H. Braga,Homem,Ramayane B. Braga,Mulher,WIT
Adriano H. Braga,Homem,Thalia S. Santana,Mulher,WIT
Letícia S. Camargo,Mulher,Maria Alice N. Silva,Mulher,WIT
Letícia S. Camargo,Mulher,Natália C. Louzada,Mulher,WIT
Letícia S. Camargo,Mulher,Ramayane B. Braga,Mulher,WIT
Letícia S. Camargo,Mulher,Thalia S. Santana,Mulher,WIT
Maria Alice N. Silva,Mulher,Natália C. Louzada,Mulher,WIT
Maria Alice N. Silva,Mulher,Ramayane B. Braga,Mulher,WIT
Maria Alice N. Silva,Mulher,Thalia S. Santana,Mulher,WIT
Natália C. Louzada,Mulher,Ramayane B. Braga,Mulher,WIT
Natália C. Louzada,Mulher,Thalia S. Santana,Mulher,WIT
Ramayane B. Braga,Mulher,Thalia S. Santana,Mulher,WIT
Márcio A. Miranda,Homem,Simone S. Sidnei,Mulher,WIT
Márcio A. Miranda,Homem,Suelen M. de Paula,Mulher,WIT
Simone S. Sidnei,Mulher,Suelen M. de Paula,Mulher,WIT
Ana Moura,Mulher,Barbara Duarte,Mulher,WIT
Ana Moura,Mulher,Mirella Moro,Mulher,WIT
Barbara Duarte,Mulher,Mirella Moro,Mulher,WIT
Aleteia Patricia Araujo,Mulher,Maristela Holanda,Mulher,WIT
Aleteia Patricia Araujo,Mulher,Thayanna Klysnney Moreira Nunes,Mulher,WIT
Maristela Holanda,Mulher,Thayanna Klysnney Moreira Nunes,Mulher,WIT
Marjory Abreu,Mulher,Monica Pereira,Mulher,WIT
Ana Flávia C. Moura,Mulher,Ana Luiza C. Lorens,Mulher,WIT
Ana Flávia C. Moura,Mulher,Bárbara D. Duarte,Mulher,WIT
Ana Flávia C. Moura,Mulher,Juliana Espíndola Botelho,Mulher,WIT
Ana Flávia C. Moura,Mulher,Mirella M. Moro,Mulher,WIT
Ana Luiza C. Lorens,Mulher,Bárbara D. Duarte,Mulher,WIT
Ana Luiza C. Lorens,Mulher,Juliana Espíndola Botelho,Mulher,WIT
Ana Luiza C. Lorens,Mulher,Mirella M. Moro,Mulher,WIT
Bárbara D. Duarte,Mulher,Juliana Espíndola Botelho,Mulher,WIT
Bárbara D. Duarte,Mulher,Mirella M. Moro,Mulher,WIT
Juliana Espíndola Botelho,Mulher,Mirella M. Moro,Mulher,WIT
Aline Paes,Mulher,André Nascimento,Homem,WPerformance
Aline Paes,Mulher,Daniel de Oliveira,Homem,WPerformance
Aline Paes,Mulher,Victor Olimpio,Homem,WPerformance
André Nascimento,Homem,Daniel de Oliveira,Homem,WPerformance
André Nascimento,Homem,Victor Olimpio,Homem,WPerformance
Daniel de Oliveira,Homem,Victor Olimpio,Homem,WPerformance
Aline Mello,Mulher,Fláva Amim,Mulher,WIT
Aline Mello,Mulher,Jaqueline Moura,Mulher,WIT
Aline Mello,Mulher,Karina Fernandes,Mulher,WIT
Aline Mello,Mulher,Ketrin Vargas,Mulher,WIT
Fláva Amim,Mulher,Jaqueline Moura,Mulher,WIT
Fláva Amim,Mulher,Karina Fernandes,Mulher,WIT
Fláva Amim,Mulher,Ketrin Vargas,Mulher,WIT
Jaqueline Moura,Mulher,Karina Fernandes,Mulher,WIT
Jaqueline Moura,Mulher,Ketrin Vargas,Mulher,WIT
Karina Fernandes,Mulher,Ketrin Vargas,Mulher,WIT
Aline M. Araújo,Mulher,Bianca Karla A. de S. Melo,Mulher,WEI
Aline M. Araújo,Mulher,Diego Filipe S. de Lima,Homem,WEI
Aline M. Araújo,Mulher,Diogo V. Dantas,Homem,WEI
Aline M. Araújo,Mulher,Igor N. dos Santos,Homem,WEI
Aline M. Araújo,Mulher,Marcos Henrique A. da Silva,Homem,WEI
Aline M. Araújo,Mulher,Matheus Lima M. de Araújo,Homem,WEI
Aline M. Araújo,Mulher,Matheus Maranhão R. Praxedes,Homem,WEI
Aline M. Araújo,Mulher,Paulo R. P. da Silva,Homem,WEI
Bianca Karla A. de S. Melo,Mulher,Diego Filipe S. de Lima,Homem,WEI
Bianca Karla A. de S. Melo,Mulher,Diogo V. Dantas,Homem,WEI
Bianca Karla A. de S. Melo,Mulher,Igor N. dos Santos,Homem,WEI
Bianca Karla A. de S. Melo,Mulher,Marcos Henrique A. da Silva,Homem,WEI
Bianca Karla A. de S. Melo,Mulher,Matheus Lima M. de Araújo,Homem,WEI
Bianca Karla A. de S. Melo,Mulher,Matheus Maranhão R. Praxedes,Homem,WEI
Bianca Karla A. de S. Melo,Mulher,Paulo R. P. da Silva,Homem,WEI
Diego Filipe S. de Lima,Homem,Diogo V. Dantas,Homem,WEI
Diego Filipe S. de Lima,Homem,Igor N. dos Santos,Homem,WEI
Diego Filipe S. de Lima,Homem,Marcos Henrique A. da Silva,Homem,WEI
Diego Filipe S. de Lima,Homem,Matheus Lima M. de Araújo,Homem,WEI
Diego Filipe S. de Lima,Homem,Matheus Maranhão R. Praxedes,Homem,WEI
Diego Filipe S. de Lima,Homem,Paulo R. P. da Silva,Homem,WEI
Diogo V. Dantas,Homem,Igor N. dos Santos,Homem,WEI
Diogo V. Dantas,Homem,Marcos Henrique A. da Silva,Homem,WEI
Diogo V. Dantas,Homem,Matheus Lima M. de Araújo,Homem,WEI
Diogo V. Dantas,Homem,Matheus Maranhão R. Praxedes,Homem,WEI
Diogo V. Dantas,Homem,Paulo R. P. da Silva,Homem,WEI
Igor N. dos Santos,Homem,Marcos Henrique A. da Silva,Homem,WEI
Igor N. dos Santos,Homem,Matheus Lima M. de Araújo,Homem,WEI
Igor N. dos Santos,Homem,Matheus Maranhão R. Praxedes,Homem,WEI
Igor N. dos Santos,Homem,Paulo R. P. da Silva,Homem,WEI
Marcos Henrique A. da Silva,Homem,Matheus Lima M. de Araújo,Homem,WEI
Marcos Henrique A. da Silva,Homem,Matheus Maranhão R. Praxedes,Homem,WEI
Marcos Henrique A. da Silva,Homem,Paulo R. P. da Silva,Homem,WEI
Matheus Lima M. de Araújo,Homem,Matheus Maranhão R. Praxedes,Homem,WEI
Matheus Lima M. de Araújo,Homem,Paulo R. P. da Silva,Homem,WEI
Matheus Maranhão R. Praxedes,Homem,Paulo R. P. da Silva,Homem,WEI
Ewerton Andrade,Homem,Matheus Dias Vieira,Homem,ENCompIF
Bruno S. Mascarenhas,Homem,Daniela G. S. Freitas,Mulher,ENCompIF
Bruno S. Mascarenhas,Homem,Igor Q. Silva,Homem,ENCompIF
Bruno S. Mascarenhas,Homem,Pablo F. Matos,Homem,ENCompIF
Bruno S. Mascarenhas,Homem,Saionara S. Araújo,Mulher,ENCompIF
Daniela G. S. Freitas,Mulher,Igor Q. Silva,Homem,ENCompIF
Daniela G. S. Freitas,Mulher,Pablo F. Matos,Homem,ENCompIF
Daniela G. S. Freitas,Mulher,Saionara S. Araújo,Mulher,ENCompIF
Igor Q. Silva,Homem,Pablo F. Matos,Homem,ENCompIF
Igor Q. Silva,Homem,Saionara S. Araújo,Mulher,ENCompIF
Pablo F. Matos,Homem,Saionara S. Araújo,Mulher,ENCompIF
Caciele Catiussa Ibarro Barbosa Lara,Mulher,Dariane Abich,Mulher,ENCompIF
Caciele Catiussa Ibarro Barbosa Lara,Mulher,Rafael Parizi,Homem,ENCompIF
Dariane Abich,Mulher,Rafael Parizi,Homem,ENCompIF
Alexandre Rossi Paschoal,Homem,Bruno Henrique Ribeiro da Fonseca,Homem,CTD
Alexandre Rossi Paschoal,Homem,Douglas Silva Domingues,Homem,CTD
Bruno Henrique Ribeiro da Fonseca,Homem,Douglas Silva Domingues,Homem,CTD
Carlos Storck,Homem,Efrem Lousada,Homem,SBCUP
Carlos Storck,Homem,Fátima Duarte-Figueiredo,Mulher,SBCUP
Carlos Storck,Homem,Guilherme Silva,Homem,SBCUP
Carlos Storck,Homem,Raquel Mini,Mulher,SBCUP
Efrem Lousada,Homem,Fátima Duarte-Figueiredo,Mulher,SBCUP
Efrem Lousada,Homem,Guilherme Silva,Homem,SBCUP
Efrem Lousada,Homem,Raquel Mini,Mulher,SBCUP
Fátima Duarte-Figueiredo,Mulher,Guilherme Silva,Homem,SBCUP
Fátima Duarte-Figueiredo,Mulher,Raquel Mini,Mulher,SBCUP
Guilherme Silva,Homem,Raquel Mini,Mulher,SBCUP
Bárbara Stéphanie Neves Oliveira,Mulher,Carla Ilane Moreira Bezerra,Mulher,WIT
Bárbara Stéphanie Neves Oliveira,Mulher,Joyce Nayne Araújo Nascimento,Mulher,WIT
Bárbara Stéphanie Neves Oliveira,Mulher,Maria Tassiane Barros de Lima,Mulher,WIT
Bárbara Stéphanie Neves Oliveira,Mulher,Nayara Maria Costa de Mesquita,Mulher,WIT
Bárbara Stéphanie Neves Oliveira,Mulher,Paulo de Tarso Guerra Oliveira,Homem,WIT
Carla Ilane Moreira Bezerra,Mulher,Joyce Nayne Araújo Nascimento,Mulher,WIT
Carla Ilane Moreira Bezerra,Mulher,Maria Tassiane Barros de Lima,Mulher,WIT
Carla Ilane Moreira Bezerra,Mulher,Nayara Maria Costa de Mesquita,Mulher,WIT
Carla Ilane Moreira Bezerra,Mulher,Paulo de Tarso Guerra Oliveira,Homem,WIT
Joyce Nayne Araújo Nascimento,Mulher,Maria Tassiane Barros de Lima,Mulher,WIT
Joyce Nayne Araújo Nascimento,Mulher,Nayara Maria Costa de Mesquita,Mulher,WIT
Joyce Nayne Araújo Nascimento,Mulher,Paulo de Tarso Guerra Oliveira,Homem,WIT
Maria Tassiane Barros de Lima,Mulher,Nayara Maria Costa de Mesquita,Mulher,WIT
Maria Tassiane Barros de Lima,Mulher,Paulo de Tarso Guerra Oliveira,Homem,WIT
Nayara Maria Costa de Mesquita,Mulher,Paulo de Tarso Guerra Oliveira,Homem,WIT
