Autor1,Gênero_Autor1,Autor2,Gênero_Autor2,Peso
Adolfo Gustavo S. Seca Neto,Homem,Kathleen Danielly Souza Lins,Mulher,1
Adolfo Gustavo S. Seca Neto,Homem,Maria Claudia Figueiredo Pereira Emer,Mulher,1
Adolfo Gustavo S. Seca Neto,Homem,Mariangela de Oliveira Gomes Setti,Mulher,1
Adolfo Gustavo S. Seca Neto,Homem,Tainara Silva Novaes,Mulher,1
Adriane Parraga,Mulher,Débora Mattos,Mulher,1
Adriane Parraga,Mulher,Fabricia Damando Santos,Mulher,1
Adriane Parraga,Mulher,Luana Sperling Santana,Mulher,1
Adriano Braga,Homem,Gabryella da S. Garcia,Mulher,1
Adriano Braga,Homem,Ianka Assis,Mulher,1
Adriano Braga,Homem,Letícia S. Camargo,Mulher,2
Adriano Braga,Homem,Maria Alice N. Silva,Mulher,2
Adriano Braga,Homem,Maria Isabela S. Nunes,Mulher,1
Adriano Braga,Homem,Natália C. Louzada,Mulher,4
Adriano Braga,Homem,Ramayane B. Braga,Mulher,4
Adriano Braga,Homem,Sara L. de Farias,Mulher,2
Adriano Braga,Homem,Thalia S. Santana,Mulher,5
Adrielly C. E. Dias,Mulher,Daniela C. Terra,Mulher,1
Adrielly C. E. Dias,Mulher,Isabella A. D. Melo,Mulher,1
Adrielly C. E. Dias,Mulher,Leticia M. M. S. Cheloni,Mulher,1
Adrielly C. E. Dias,Mulher,Raylla L. S. Gama,Mulher,1
Adrielly C. E. Dias,Mulher,Suelen M. de Paula,Mulher,1
Adrya Araújo,Mulher,Bruna Mariana F. de Souza,Mulher,2
Adrya Araújo,Mulher,Fabiola Guerra Nakamura,Mulher,2
Adrya Araújo,Mulher,Jeovana Leão,Mulher,2
Adrya Araújo,Mulher,Julis Figueira de Araújo,Homem,2
Adrya Araújo,Mulher,Kalil Ferreira,Homem,2
Adrya Araújo,Mulher,Mariana Barros,Mulher,2
Adrya Araújo,Mulher,Tanara Lauschner,Mulher,2
Agatha Alves Martins Rodrigues,Mulher,Ariadna Carreiro de Miranda,Mulher,1
Agatha Alves Martins Rodrigues,Mulher,Claudia Sousa Barbosa,Mulher,1
Agatha Alves Martins Rodrigues,Mulher,Lucas Lima Sousa Torres,Homem,1
Agatha Alves Martins Rodrigues,Mulher,Maria Rodrigues Gomes,Mulher,1
Agatha Alves Martins Rodrigues,Mulher,Simone de Oliveira Santos,Mulher,1
Aleksandra Dias,Mulher,Alessandra Barros,Mulher,1
Aleksandra Dias,Mulher,Giorgia O. Mattos,Mulher,1
Aleksandra Dias,Mulher,Josilene A. Moreira,Mulher,1
Aleksandra Dias,Mulher,Laura Campos,Mulher,1
Aleksandra Dias,Mulher,Luana Almeida,Mulher,1
Aleksandra Dias,Mulher,Nelly Martins,Mulher,1
Aleksandra Dias,Mulher,Thaís Andrade,Mulher,1
Alessandra A. Paulino,Mulher,Elaine R. Faria,Mulher,1
Alessandra A. Paulino,Mulher,Fabíola S. F. Pereira,Mulher,1
Alessandra A. Paulino,Mulher,Gina M. B. Oliveira,Mulher,1
Alessandra A. Paulino,Mulher,Maria Adriana V. Lima,Mulher,1
Alessandra A. Paulino,Mulher,Maria Camila N. Barioni,Mulher,1
Alessandra A. Paulino,Mulher,Mirella S. Junqueira,Mulher,1
Alessandra Barros,Mulher,Giorgia O. Mattos,Mulher,1
Alessandra Barros,Mulher,Josilene A. Moreira,Mulher,1
Alessandra Barros,Mulher,Laura Campos,Mulher,1
Alessandra Barros,Mulher,Luana Almeida,Mulher,1
Alessandra Barros,Mulher,Nelly Martins,Mulher,1
Alessandra Barros,Mulher,Thaís Andrade,Mulher,1
Alessandra Ferreira dos Santos,Mulher,Cristiano Maciel,Homem,1
Alessandra Ferreira dos Santos,Mulher,Eunice Pereira dos Santos Nunes,Mulher,1
Alessandra Ferreira dos Santos,Mulher,Giseli Duardo Maciano,Mulher,1
Alessandra Ferreira dos Santos,Mulher,Helena Cristina Dias Magalhães,Mulher,1
Alessandra Ferreira dos Santos,Mulher,Sabrina Bourscheid Sassi,Mulher,1
Alessandra Ferreira dos Santos,Mulher,Waleska Gonçalves de Lima,Mulher,1
Alessandra Herranz Gazquez,Mulher,Regiane da Silva Macuch,Mulher,1
Alessandra M. Ortega-Arrieta,Mulher,Guillermo A. Dávila,Homem,1
Alessandra Martins Coelho,Mulher,Gabriela Cardoso Montes,Mulher,1
Alessandra Martins Coelho,Mulher,Ivy Oliveira Magesti,Mulher,1
Alessandra Martins Coelho,Mulher,Julie Silva Pereira,Mulher,1
Alessandra Martins Coelho,Mulher,Luiza Rosa de Moura,Mulher,1
Alessandra Martins Coelho,Mulher,Nurian Maria Amâncio Coelho,Mulher,1
Aleteia Araujo,Mulher,Alice Borges,Mulher,1
Aleteia Araujo,Mulher,Alice Lima,Mulher,1
Aleteia Araujo,Mulher,Aline de Galés Silva,Mulher,1
Aleteia Araujo,Mulher,Amilton L. M. Júnior,Homem,1
Aleteia Araujo,Mulher,Carla Castanho,Mulher,3
Aleteia Araujo,Mulher,Carla Koike,Mulher,3
Aleteia Araujo,Mulher,Edna Canedo,Mulher,1
Aleteia Araujo,Mulher,Eric Hans M. da Silva,Homem,1
Aleteia Araujo,Mulher,João Laterza,Homem,1
Aleteia Araujo,Mulher,Kailany Ketulhe,Mulher,1
Aleteia Araujo,Mulher,Maristela Holanda,Mulher,4
Aleteia Araujo,Mulher,Mirella M. Moro,Mulher,2
Aleteia Araujo,Mulher,Renata Muniz Prado,Mulher,1
Aleteia Araujo,Mulher,Roberta B. Oliveira,Mulher,3
Aleteia P. F. Araujo,Mulher,Alice Borges,Mulher,1
Aleteia P. F. Araujo,Mulher,Alice Lima,Mulher,1
Aleteia P. F. Araujo,Mulher,Ana Júlia L. Briceño,Mulher,1
Aleteia P. F. Araujo,Mulher,Ana Sofia S. Silvestre,Mulher,1
Aleteia P. F. Araujo,Mulher,Bianca P. Castro,Mulher,1
Aleteia P. F. Araujo,Mulher,Carla Castanho,Mulher,1
Aleteia P. F. Araujo,Mulher,Carla Cavalcante Koike,Mulher,3
Aleteia P. F. Araujo,Mulher,Fernanda de Sousa,Mulher,1
Aleteia P. F. Araujo,Mulher,Maria Eduarda Santos,Mulher,1
Aleteia P. F. Araujo,Mulher,Maristela Holanda,Mulher,3
Aleteia P. F. Araujo,Mulher,Roberta B. Oliveira,Mulher,3
Aleteia P. F. Araujo,Mulher,Tais A. Oliveira,Mulher,1
Aleteia P. F. Araujo,Mulher,Thamires P. Silva,Mulher,1
Aleteia P. F. Araujo,Mulher,Vinicius R. P. Borges,Homem,1
Aleteia Patricia Araujo,Mulher,Maristela Holanda,Mulher,1
Aleteia Patricia Araujo,Mulher,Thayanna Klysnney Moreira Nunes,Mulher,1
Alexandra I. Cristea,Mulher,Elaine H. T. Oliveira,Mulher,1
Alexandra I. Cristea,Mulher,Isabela Gasparini,Mulher,1
Alexandra I. Cristea,Mulher,Susan E. Black,Mulher,1
Alexia Bagesteiro Camargo,Mulher,Alice F. Finger,Mulher,1
Alexia Bagesteiro Camargo,Mulher,Aline Vieira de Mello,Mulher,1
Alexia Bagesteiro Camargo,Mulher,Amanda Meincke Melo,Mulher,1
Alexia Bagesteiro Camargo,Mulher,Clevi Rapkiewicz,Mulher,1
Alexia Bagesteiro Camargo,Mulher,Hariel Souza,Homem,1
Alexia Bagesteiro Camargo,Mulher,Letícia Gindri,Mulher,1
Alice Barbosa do Couto,Mulher,Amanda Raynara Quintana Theodoro,Mulher,1
Alice Barbosa do Couto,Mulher,Ariadne Nicoly Mori de Paula,Mulher,1
Alice Barbosa do Couto,Mulher,Bianca Fernandes Ribas,Mulher,1
Alice Barbosa do Couto,Mulher,Clara Scatena da Silva,Mulher,1
Alice Barbosa do Couto,Mulher,Claudia Santos Fernandes,Mulher,1
Alice Barbosa do Couto,Mulher,Diane Rosa da Silva,Mulher,1
Alice Barbosa do Couto,Mulher,Giovanna Mara Paes Franco,Mulher,1
Alice Barbosa do Couto,Mulher,Luana Arfux de Castro Nogueira,Mulher,1
Alice Barbosa do Couto,Mulher,Marcia Ferreira Cristaldo,Mulher,1
Alice Barbosa do Couto,Mulher,Maria Eduarda Alves Barbosa,Mulher,1
Alice Barbosa do Couto,Mulher,Marta Luzzi,Mulher,1
Alice Barbosa do Couto,Mulher,Nayara Arruda Cunha,Mulher,1
Alice Borges,Mulher,Alice Lima,Mulher,1
Alice Borges,Mulher,Carla Castanho,Mulher,1
Alice Borges,Mulher,Carla Cavalcante Koike,Mulher,1
Alice Borges,Mulher,Carla Koike,Mulher,1
Alice Borges,Mulher,Fernanda de Sousa,Mulher,1
Alice Borges,Mulher,Kailany Ketulhe,Mulher,1
Alice Borges,Mulher,Maristela Holanda,Mulher,2
Alice Borges,Mulher,Roberta B. Oliveira,Mulher,2
Alice F. Finger,Mulher,Aline Vieira de Mello,Mulher,2
Alice F. Finger,Mulher,Amanda Meincke Melo,Mulher,1
Alice F. Finger,Mulher,Andréa S. Bordin,Mulher,1
Alice F. Finger,Mulher,Clevi Rapkiewicz,Mulher,1
Alice F. Finger,Mulher,Hariel Souza,Homem,1
Alice F. Finger,Mulher,Letícia Gindri,Mulher,2
Alice Fonseca Finger,Mulher,Aline Vieira de Mello,Mulher,3
Alice Fonseca Finger,Mulher,Amanda Meincke Melo,Mulher,2
Alice Fonseca Finger,Mulher,Andréa Sabedra Bordin,Mulher,1
Alice Fonseca Finger,Mulher,Letícia Gindri,Mulher,1
Alice Fonseca Finger,Mulher,Maiara Neri Bustamante Sá,Mulher,1
Alice Fonseca Finger,Mulher,Vanessa Petró,Mulher,1
Alice Lima,Mulher,Carla Castanho,Mulher,1
Alice Lima,Mulher,Carla Cavalcante Koike,Mulher,1
Alice Lima,Mulher,Carla Koike,Mulher,1
Alice Lima,Mulher,Kailany Ketulhe,Mulher,1
Alice Lima,Mulher,Maria Eduarda Santos,Mulher,1
Alice Lima,Mulher,Maristela Holanda,Mulher,2
Alice Lima,Mulher,Roberta B. Oliveira,Mulher,2
Alice Lima,Mulher,Vinicius R. P. Borges,Homem,1
Alice P. M. da Silva,Mulher,Aynoã P. Matos,Mulher,1
Alice P. M. da Silva,Mulher,Camila R. Crisostomo,Mulher,1
Alice P. M. da Silva,Mulher,Christine R. Lourenço,Mulher,1
Alice P. M. da Silva,Mulher,Lara M. Lopes,Mulher,1
Alice P. M. da Silva,Mulher,Lilian Verino,Mulher,1
Alice P. M. da Silva,Mulher,Maria Fernanda Itacarambi,Mulher,1
Alice P. M. da Silva,Mulher,Sylvana Karla S. L. Santos,Mulher,1
Aline Mello,Mulher,Amanda Melo,Mulher,1
Aline Mello,Mulher,Fláva Amim,Mulher,1
Aline Mello,Mulher,Isadora Ferrão,Mulher,1
Aline Mello,Mulher,Jaqueline Moura,Mulher,1
Aline Mello,Mulher,Karina Fernandes,Mulher,1
Aline Mello,Mulher,Ketrin Vargas,Mulher,1
Aline Vieira de Mello,Mulher,Amanda Meincke Melo,Mulher,3
Aline Vieira de Mello,Mulher,Andréa S. Bordin,Mulher,1
Aline Vieira de Mello,Mulher,Andréa Sabedra Bordin,Mulher,1
Aline Vieira de Mello,Mulher,Clevi Rapkiewicz,Mulher,1
Aline Vieira de Mello,Mulher,Hariel Souza,Homem,1
Aline Vieira de Mello,Mulher,Letícia Gindri,Mulher,3
Aline Vieira de Mello,Mulher,Maiara Neri Bustamante Sá,Mulher,1
Aline Vieira de Mello,Mulher,Vanessa Petró,Mulher,1
Aline de Galés Silva,Mulher,Mirella M. Moro,Mulher,1
Aline de Galés Silva,Mulher,Renata Muniz Prado,Mulher,1
Amanda Martins,Mulher,Ayla Rebouças,Mulher,1
Amanda Martins,Mulher,Joana Silva,Mulher,1
Amanda Martins,Mulher,Joyce Santos,Mulher,1
Amanda Meincke Melo,Mulher,Aíla Maciel,Mulher,1
Amanda Meincke Melo,Mulher,Clevi Rapkiewicz,Mulher,1
Amanda Meincke Melo,Mulher,Hariel Souza,Homem,1
Amanda Meincke Melo,Mulher,Ketrin Diovana Alves Rodrigues Vargas,Mulher,1
Amanda Meincke Melo,Mulher,Letícia Gindri,Mulher,3
Amanda Meincke Melo,Mulher,Maiara Neri Bustamante Sá,Mulher,1
Amanda Meincke Melo,Mulher,Marina Braun Otokovieski,Mulher,1
Amanda Meincke Melo,Mulher,Patrícia Araújo de Oliveira,Mulher,1
Amanda Meincke Melo,Mulher,Raniely dos Anjos,Mulher,1
Amanda Meincke Melo,Mulher,Vanessa Petró,Mulher,1
Amanda Melo,Mulher,Isadora Ferrão,Mulher,1
Amanda Raynara Quintana Theodoro,Mulher,Ariadne Nicoly Mori de Paula,Mulher,1
Amanda Raynara Quintana Theodoro,Mulher,Bianca Fernandes Ribas,Mulher,1
Amanda Raynara Quintana Theodoro,Mulher,Clara Scatena da Silva,Mulher,1
Amanda Raynara Quintana Theodoro,Mulher,Claudia Santos Fernandes,Mulher,1
Amanda Raynara Quintana Theodoro,Mulher,Diane Rosa da Silva,Mulher,1
Amanda Raynara Quintana Theodoro,Mulher,Giovanna Mara Paes Franco,Mulher,1
Amanda Raynara Quintana Theodoro,Mulher,Luana Arfux de Castro Nogueira,Mulher,1
Amanda Raynara Quintana Theodoro,Mulher,Marcia Ferreira Cristaldo,Mulher,1
Amanda Raynara Quintana Theodoro,Mulher,Maria Eduarda Alves Barbosa,Mulher,1
Amanda Raynara Quintana Theodoro,Mulher,Marta Luzzi,Mulher,1
Amanda Raynara Quintana Theodoro,Mulher,Nayara Arruda Cunha,Mulher,1
Amanda Saccol,Mulher,Carla Castanho,Mulher,1
Amanda Saccol,Mulher,Eduardo Silva,Homem,1
Amanda Saccol,Mulher,Eduardo Spies,Homem,1
Amanda Saccol,Mulher,Victor Alves,Homem,1
Amanda Vilas Boas Oliveira,Mulher,Felipe de Melo Santos,Homem,1
Amanda Vilas Boas Oliveira,Mulher,Guilherme Gonçalves da Silva,Homem,1
Amanda Vilas Boas Oliveira,Mulher,Lucas Almeida Silva,Homem,1
Amanda Vilas Boas Oliveira,Mulher,Queilane da Conceição Rocha,Mulher,1
Amanda Vilas Boas Oliveira,Mulher,Yasmin Solrac Ribeiro dos Santos,Mulher,1
Amanda Vilas Boas Oliveira,Mulher,Érica Pereira Machado,Mulher,1
Amanda de Oliveira Casagrande,Mulher,Caroline Reis Vieira Santos Rauta,Mulher,1
Amanda de Oliveira Casagrande,Mulher,Daniela Sbizera Justo,Mulher,1
Amanda de Oliveira Casagrande,Mulher,Rayana Prata Neves,Mulher,1
Amara Santoyani,Mulher,Iris Herdy,Mulher,1
Amara Santoyani,Mulher,Luciana Salgado,Mulher,1
Amara Santoyani,Mulher,Mateus Monteiro,Homem,1
Amilton L. M. Júnior,Homem,Carla Castanho,Mulher,1
Amilton L. M. Júnior,Homem,Carla Koike,Mulher,1
Amilton L. M. Júnior,Homem,Eric Hans M. da Silva,Homem,1
Amilton L. M. Júnior,Homem,João Laterza,Homem,1
Amilton L. M. Júnior,Homem,Maristela Holanda,Mulher,1
Amilton L. M. Júnior,Homem,Roberta B. Oliveira,Mulher,1
Ana Alencar,Mulher,Anna Marques,Mulher,2
Ana Alencar,Mulher,Kalinka Branco,Mulher,1
Ana Alencar,Mulher,Maria Mendes,Mulher,1
Ana Alencar,Mulher,Valéria Pinheiro,Mulher,2
Ana Bacelo,Mulher,Cristina Nunes,Mulher,1
Ana Bacelo,Mulher,Milene Silveira,Mulher,1
Ana Barbara C. Conti,Mulher,Ana Julia A. F. Silvério,Mulher,1
Ana Barbara C. Conti,Mulher,Ana R. Silvério,Mulher,1
Ana Barbara C. Conti,Mulher,Gabriel C. B. S. Amaral,Homem,1
Ana Barbara C. Conti,Mulher,Gabriel C. Freitas,Homem,1
Ana Barbara C. Conti,Mulher,Jhully V. N. Leite,Mulher,1
Ana Barbara C. Conti,Mulher,Laura B. Moreira,Mulher,1
Ana Barbara C. Conti,Mulher,Maria Adriana V. Lima,Mulher,1
Ana Beatriz S. Matias,Mulher,Cristiane O. de Santana,Mulher,1
Ana Beatriz S. Matias,Mulher,Jislane S. S. de Menezes,Mulher,1
Ana Beatriz S. Matias,Mulher,Kamille G. Bezerra,Mulher,1
Ana Beatriz S. Matias,Mulher,Leandro Santos Fraga,Homem,1
Ana Carla Kruger Leite,Mulher,Cibelle Amorim Martins,Mulher,1
Ana Carla Kruger Leite,Mulher,Clara Marques Bodart,Mulher,1
Ana Carla Kruger Leite,Mulher,Márcia Gonçalves Oliveira,Mulher,1
Ana Carla Kruger Leite,Mulher,Soraya Roberta dos Santos Medeiros,Mulher,1
Ana Carolina Cebin Pereira,Mulher,Karin Satie Komati,Mulher,1
Ana Carolina Marcelino,Mulher,Andrea Bordin,Mulher,1
Ana Carolina Marcelino,Mulher,Luciana B. Frigo,Mulher,1
Ana Carolina Marcelino,Mulher,Luiza Castilho Ereno,Mulher,1
Ana Carolina Nesso Guedes,Mulher,Eliana Almeida,Mulher,1
Ana Carolina Nesso Guedes,Mulher,Ester de Lima Pontes Andrade,Mulher,1
Ana Carolina Nesso Guedes,Mulher,Kamila Almeida Benevides,Mulher,1
Ana Carolina Nesso Guedes,Mulher,Kelly Bianca Araujo Silva,Mulher,1
Ana Carolina Nesso Guedes,Mulher,Lilian Giselly Pereira Santos,Mulher,1
Ana Carolina Nesso Guedes,Mulher,Luana Júlia Nunes Ferreira,Mulher,1
Ana Carolina Nesso Guedes,Mulher,Natália de Assis Sousa,Mulher,1
Ana Carolina Nesso Guedes,Mulher,Rebeca de Jesus Brandão,Mulher,1
Ana Carolina Tomé Klock,Mulher,Isabela Gasparini,Mulher,1
Ana Carolina Tomé Klock,Mulher,Karine Alessandra Córdova,Mulher,1
Ana Carolina da Silveira de Souza,Mulher,Andréa Sabedra Bordin,Mulher,1
Ana Carolina da Silveira de Souza,Mulher,Luciana B. Frigo,Mulher,1
Ana Carolina da Silveira de Souza,Mulher,Luiza Castilho Ereno,Mulher,1
Ana Carolina da Silveira de Souza,Mulher,Suelen Laurindo,Mulher,1
Ana Cecília M. de Melo,Mulher,Glaucia M. M. Campos,Mulher,1
Ana Clara do Valle,Mulher,Elloá Fonseca Lima,Mulher,1
Ana Clara do Valle,Mulher,Gabrielly Luíza Trajano Soares,Mulher,1
Ana Clara do Valle,Mulher,João Gabriel R. Silva,Homem,1
Ana Clara do Valle,Mulher,Maria Júlia M. Schettini,Mulher,1
Ana Flávia C. Moura,Mulher,Ana Luiza C. Lorens,Mulher,1
Ana Flávia C. Moura,Mulher,Bárbara D. Duarte,Mulher,1
Ana Flávia C. Moura,Mulher,Juliana Espíndola Botelho,Mulher,1
Ana Flávia C. Moura,Mulher,Mirella M. Moro,Mulher,1
Ana Isabela M. Ramos,Mulher,Fabíola O. Araújo,Mulher,1
Ana Iza Alencar,Mulher,Anna Beatriz Marques,Mulher,1
Ana Iza Alencar,Mulher,Karina Castelo Branco,Mulher,1
Ana Iza Alencar,Mulher,Maria Victoria S. Fiori,Mulher,1
Ana Iza Alencar,Mulher,Valéria Maria Pinheiro,Mulher,1
Ana Julia A. F. Silvério,Mulher,Ana R. Silvério,Mulher,1
Ana Julia A. F. Silvério,Mulher,Gabriel C. B. S. Amaral,Homem,1
Ana Julia A. F. Silvério,Mulher,Gabriel C. Freitas,Homem,1
Ana Julia A. F. Silvério,Mulher,Jhully V. N. Leite,Mulher,1
Ana Julia A. F. Silvério,Mulher,Laura B. Moreira,Mulher,1
Ana Julia A. F. Silvério,Mulher,Maria Adriana V. Lima,Mulher,1
Ana Júlia L. Briceño,Mulher,Ana Sofia S. Silvestre,Mulher,1
Ana Júlia L. Briceño,Mulher,Bianca P. Castro,Mulher,1
Ana Júlia L. Briceño,Mulher,Carla Castanho,Mulher,1
Ana Júlia L. Briceño,Mulher,Carla Cavalcante Koike,Mulher,1
Ana Júlia L. Briceño,Mulher,Maristela Holanda,Mulher,1
Ana Júlia L. Briceño,Mulher,Roberta B. Oliveira,Mulher,1
Ana Júlia L. Briceño,Mulher,Tais A. Oliveira,Mulher,1
Ana Júlia L. Briceño,Mulher,Thamires P. Silva,Mulher,1
Ana Lara Casagrande,Mulher,Cristiano Maciel,Homem,1
Ana Lara Casagrande,Mulher,Maria Fernanda Abalem Franca Nunes,Mulher,1
Ana Lara Casagrande,Mulher,Sabrina Bourscheid Sassi,Mulher,1
Ana Lara Casagrande,Mulher,Waleska Gonçalves de Lima,Mulher,1
Ana Lara S. Oliveira,Mulher,Anna Beatriz Marques,Mulher,1
Ana Lara S. Oliveira,Mulher,Jacilane de H. Rabelo,Mulher,1
Ana Lara S. Oliveira,Mulher,Karina Castelo Branco,Mulher,1
Ana Lara S. Oliveira,Mulher,Lauana M. C. de Oliveira,Mulher,1
Ana Lara S. Oliveira,Mulher,Maria Victoria S. Fiori,Mulher,1
Ana Lara S. Oliveira,Mulher,Marina da S. Rocha,Mulher,1
Ana Leite,Mulher,Clara Marques Bodart,Mulher,1
Ana Leite,Mulher,Gabriel Nascimento,Homem,1
Ana Leite,Mulher,Márcia Oliveira,Mulher,1
Ana Leite,Mulher,Mônica Silva,Mulher,1
Ana Luiza C. Lorens,Mulher,Bárbara D. Duarte,Mulher,1
Ana Luiza C. Lorens,Mulher,Juliana Espíndola Botelho,Mulher,1
Ana Luiza C. Lorens,Mulher,Mirella M. Moro,Mulher,1
Ana Luísa S. Milson,Mulher,Daniel H. Dalip,Homem,1
Ana Luísa S. Milson,Mulher,Indra Matsiendra C. D. Ribeiro,Mulher,1
Ana Luísa S. Milson,Mulher,Izabela A. Andrade,Mulher,1
Ana Luísa S. Milson,Mulher,Julia M. M. Gonçalves,Mulher,1
Ana Luísa S. Milson,Mulher,Luísa M. Laboissiere,Mulher,2
Ana Luísa S. Milson,Mulher,Marcella D. Ferreira,Mulher,2
Ana Luísa S. Milson,Mulher,Michele A. Brandão,Mulher,2
Ana Luísa S. Milson,Mulher,Mirella M. Moro,Mulher,1
Ana Luísa S. Milson,Mulher,Rodrigo Cardoso,Homem,1
Ana Medeiros,Mulher,Cledja Rolim,Mulher,1
Ana Medeiros,Mulher,Isadora B. M. C. Ferreira,Mulher,1
Ana Medeiros,Mulher,Lucas Fonseca,Homem,1
Ana Moura,Mulher,Barbara Duarte,Mulher,1
Ana Moura,Mulher,Mirella M. Moro,Mulher,1
Ana Moura Santos,Mulher,Carlos Eduardo Barbosa,Homem,1
Ana Moura Santos,Mulher,Geraldo Bonorino Xexéo,Homem,1
Ana Moura Santos,Mulher,Jano Moreira de Souza,Homem,1
Ana Moura Santos,Mulher,Larissa Galeno,Mulher,1
Ana Moura Santos,Mulher,Luciana Maria Azevedo Nascimento,Mulher,1
Ana Moura Santos,Mulher,Luis Felipe Coimbra Costa,Homem,1
Ana Moura Santos,Mulher,Yuri Oliveira de Lima,Homem,1
Ana Paula Cavadas Rodrigues,Mulher,Carla Verônica Machado Marques,Mulher,1
Ana Paula Cavadas Rodrigues,Mulher,Carlo Emmanoel Tolla de Oliveira,Homem,1
Ana Paula Cavadas Rodrigues,Mulher,Claudia Lage Rebello da Motta,Mulher,1
Ana Paula Cavadas Rodrigues,Mulher,Raquel Moreira Machado Fernandes,Mulher,1
Ana Paula Lüdtke Ferreira,Mulher,Márcia Maria Lucchese,Mulher,1
Ana Paula Vieira Guimarães,Mulher,André Pinto Moreira,Homem,1
Ana Paula Vieira Guimarães,Mulher,Ayslan Trevizan Possebom,Homem,1
Ana Paula Vieira Guimarães,Mulher,Carla Santos de Oliveira,Mulher,1
Ana Paula Vieira Guimarães,Mulher,Carlos R. Beleti Junior,Homem,1
Ana Paula Vieira Guimarães,Mulher,Daniela Eloise Flôr,Mulher,1
Ana Paula Vieira Guimarães,Mulher,Eduardo Henrique Molina da Cruz,Homem,1
Ana R. Silvério,Mulher,Gabriel C. B. S. Amaral,Homem,1
Ana R. Silvério,Mulher,Gabriel C. Freitas,Homem,1
Ana R. Silvério,Mulher,Jhully V. N. Leite,Mulher,1
Ana R. Silvério,Mulher,Laura B. Moreira,Mulher,1
Ana R. Silvério,Mulher,Maria Adriana V. Lima,Mulher,1
Ana Sofia S. Silvestre,Mulher,Bianca P. Castro,Mulher,1
Ana Sofia S. Silvestre,Mulher,Carla Castanho,Mulher,1
Ana Sofia S. Silvestre,Mulher,Carla Cavalcante Koike,Mulher,1
Ana Sofia S. Silvestre,Mulher,Maristela Holanda,Mulher,1
Ana Sofia S. Silvestre,Mulher,Roberta B. Oliveira,Mulher,1
Ana Sofia S. Silvestre,Mulher,Tais A. Oliveira,Mulher,1
Ana Sofia S. Silvestre,Mulher,Thamires P. Silva,Mulher,1
Andrea Bordin,Mulher,Luciana B. Frigo,Mulher,1
Andrea Bordin,Mulher,Luiza Castilho Ereno,Mulher,1
Andrea Maria P. Valli,Mulher,Camila Z. Aguiar,Mulher,2
Andrea Maria P. Valli,Mulher,Eliana Zandonade,Mulher,1
Andrea Maria P. Valli,Mulher,Lucia Catabriga,Mulher,2
Andrea Maria P. Valli,Mulher,Maria Claudia S. Boeres,Mulher,2
Andrea Maria P. Valli,Mulher,Maria Julia D. M. Nolasco,Mulher,1
Andrea Maria P. Valli,Mulher,Rebeca C. de Oliveira,Mulher,1
Andreia Marini,Mulher,Heloise Acco Tives,Mulher,1
Andreia Marini,Mulher,Isa de Fatima Sarda Muler,Mulher,1
Andressa da Silva Siqueira,Mulher,Beatriz Pereira,Mulher,1
Andressa da Silva Siqueira,Mulher,Laura Damaceno de Almeida,Mulher,1
Andressa da Silva Siqueira,Mulher,Poliana Nascimento Ferreira,Mulher,1
Andreza Sartori,Mulher,Jennyfer Araújo,Mulher,1
Andreza Sartori,Mulher,Leonardo Fronza,Homem,1
Andreza Sartori,Mulher,Luciana P. de Araújo Kohler,Mulher,1
André Constantino da Silva,Homem,Carlos Roberto dos Santos Junior,Homem,1
André Constantino da Silva,Homem,Daniela Marques,Mulher,1
André Constantino da Silva,Homem,Gustavo Bartz Guedes,Homem,1
André Manzano,Homem,Lohana Santos,Mulher,1
André Manzano,Homem,Roger Resmini,Homem,1
André Manzano,Homem,Soraia Prietch,Mulher,1
André Manzano,Homem,Tamyres Souza,Mulher,1
André Manzano,Homem,Waine Júnior,Homem,1
André Manzano,Homem,Ângela Farias,Mulher,1
André Pinto Moreira,Homem,Ayslan Trevizan Possebom,Homem,1
André Pinto Moreira,Homem,Carla Santos de Oliveira,Mulher,1
André Pinto Moreira,Homem,Carlos R. Beleti Junior,Homem,1
André Pinto Moreira,Homem,Daniela Eloise Flôr,Mulher,1
André Pinto Moreira,Homem,Eduardo Henrique Molina da Cruz,Homem,1
Andréa S. Bordin,Mulher,Letícia Gindri,Mulher,1
Andréa Sabedra Bordin,Mulher,Isadora Garcia Ferrão,Mulher,1
Andréa Sabedra Bordin,Mulher,Kalinka R. L. J. C. Branco,Mulher,1
Andréa Sabedra Bordin,Mulher,Luciana B. Frigo,Mulher,1
Andréa Sabedra Bordin,Mulher,Luiza Castilho Ereno,Mulher,1
Andréa Sabedra Bordin,Mulher,Suelen Laurindo,Mulher,1
Anelise Souza Rocha,Mulher,Douglas Farias Cordeiro,Homem,1
Anelise Souza Rocha,Mulher,Kátia Kelvis Cassiano,Mulher,1
Anelise Souza Rocha,Mulher,Nubia Rosa da Silva,Mulher,1
Angélica F. S. Dias,Mulher,Beatriz Saburido,Mulher,1
Angélica F. S. Dias,Mulher,Juliana B. S. França,Mulher,1
Anna Beatriz Marques,Mulher,Ariany Almeida Maia,Mulher,2
Anna Beatriz Marques,Mulher,Francisca Kelen F. dos Santos,Mulher,1
Anna Beatriz Marques,Mulher,Jacilane de H. Rabelo,Mulher,2
Anna Beatriz Marques,Mulher,Karina Castelo Branco,Mulher,2
Anna Beatriz Marques,Mulher,Larissa Miguel Sousa,Mulher,1
Anna Beatriz Marques,Mulher,Larissa Santos Saraiva,Mulher,1
Anna Beatriz Marques,Mulher,Lauana M. C. de Oliveira,Mulher,4
Anna Beatriz Marques,Mulher,Maria Elanne M. Rodrigues,Mulher,3
Anna Beatriz Marques,Mulher,Maria Isabele de O. Freires,Mulher,1
Anna Beatriz Marques,Mulher,Maria Rebecca L. Lelis,Mulher,1
Anna Beatriz Marques,Mulher,Maria Victoria S. Fiori,Mulher,3
Anna Beatriz Marques,Mulher,Marina Azevedo Ximenes Teles,Mulher,1
Anna Beatriz Marques,Mulher,Marina da S. Rocha,Mulher,4
Anna Beatriz Marques,Mulher,Rosineide Paz,Mulher,1
Anna Beatriz Marques,Mulher,Sofia Bento Desidério,Mulher,1
Anna Beatriz Marques,Mulher,Valéria Maria Pinheiro,Mulher,1
Anna Beatriz Marques,Mulher,Victoria Gabriella R. Pereira,Mulher,1
Anna Beatriz Rosangela Marques,Mulher,Karina Castelo Branco,Mulher,1
Anna Beatriz Rosangela Marques,Mulher,Maria Victoria S. Fiori,Mulher,1
Anna Beatriz Rosangela Marques,Mulher,Marina da S. Rocha,Mulher,1
Anna Marques,Mulher,Kalinka Branco,Mulher,1
Anna Marques,Mulher,Maria Fiori,Mulher,1
Anna Marques,Mulher,Maria Mendes,Mulher,1
Anna Marques,Mulher,Marina Rocha,Mulher,1
Anna Marques,Mulher,Valéria Pinheiro,Mulher,2
Anna Paula Silva,Mulher,Gustavo Guedes,Homem,1
Anna Paula Silva,Mulher,Luciana Varjolo,Mulher,1
Anna Paula Silva,Mulher,Maria Laura Soares,Mulher,1
Anna Paula Silva,Mulher,Érica Carneiro,Mulher,1
Ariadna Carreiro de Miranda,Mulher,Claudia Sousa Barbosa,Mulher,1
Ariadna Carreiro de Miranda,Mulher,Lucas Lima Sousa Torres,Homem,1
Ariadna Carreiro de Miranda,Mulher,Maria Rodrigues Gomes,Mulher,1
Ariadna Carreiro de Miranda,Mulher,Simone de Oliveira Santos,Mulher,1
Ariadne Nicoly Mori de Paula,Mulher,Bianca Fernandes Ribas,Mulher,1
Ariadne Nicoly Mori de Paula,Mulher,Clara Scatena da Silva,Mulher,1
Ariadne Nicoly Mori de Paula,Mulher,Claudia Santos Fernandes,Mulher,1
Ariadne Nicoly Mori de Paula,Mulher,Diane Rosa da Silva,Mulher,1
Ariadne Nicoly Mori de Paula,Mulher,Giovanna Mara Paes Franco,Mulher,1
Ariadne Nicoly Mori de Paula,Mulher,Luana Arfux de Castro Nogueira,Mulher,1
Ariadne Nicoly Mori de Paula,Mulher,Marcia Ferreira Cristaldo,Mulher,1
Ariadne Nicoly Mori de Paula,Mulher,Maria Eduarda Alves Barbosa,Mulher,1
Ariadne Nicoly Mori de Paula,Mulher,Marta Luzzi,Mulher,1
Ariadne Nicoly Mori de Paula,Mulher,Nayara Arruda Cunha,Mulher,1
Ariana R. Cursino,Mulher,Juliana F. P. Martinez,Mulher,1
Ariany Almeida Maia,Mulher,Jacilane de H. Rabelo,Mulher,1
Ariany Almeida Maia,Mulher,Lauana M. C. de Oliveira,Mulher,2
Ariany Almeida Maia,Mulher,Maria Elanne M. Rodrigues,Mulher,2
Ariany Almeida Maia,Mulher,Maria Victoria S. Fiori,Mulher,1
Ariany Almeida Maia,Mulher,Marina da S. Rocha,Mulher,2
Ariany Almeida Maia,Mulher,Victoria Gabriella R. Pereira,Mulher,1
Arthur Felipe Herdt Schuelter,Homem,Ediana da Silva de Souza,Mulher,1
Arthur Felipe Herdt Schuelter,Homem,Isabela Gasparini,Mulher,1
Arthur Felipe Herdt Schuelter,Homem,Milene Selbach Silveira,Mulher,1
Arthur Felipe Herdt Schuelter,Homem,Rebeca Schroeder,Mulher,1
Arthur Felipe Herdt Schuelter,Homem,Simone Diniz Junqueira Barbosa,Mulher,1
Arthur Felipe Herdt Schuelter,Homem,Êrica Peters do Carmo,Mulher,1
Audir da Costa Oliveira Filho,Homem,Christiane Borges Santos,Mulher,1
Ayla Rebouças,Mulher,Joana Silva,Mulher,1
Ayla Rebouças,Mulher,Joyce Santos,Mulher,1
Aynoã P. Matos,Mulher,Camila R. Crisostomo,Mulher,1
Aynoã P. Matos,Mulher,Christine R. Lourenço,Mulher,1
Aynoã P. Matos,Mulher,Lara M. Lopes,Mulher,1
Aynoã P. Matos,Mulher,Lilian Verino,Mulher,1
Aynoã P. Matos,Mulher,Maria Fernanda Itacarambi,Mulher,1
Aynoã P. Matos,Mulher,Sylvana Karla S. L. Santos,Mulher,1
Aysa Mara Roveri Arcanjo,Mulher,Elisandra Aparecida Alves da Silva,Mulher,1
Aysa Mara Roveri Arcanjo,Mulher,Nadia Maria Cecilia de Lima,Mulher,1
Ayslan Trevizan Possebom,Homem,Carla Santos de Oliveira,Mulher,1
Ayslan Trevizan Possebom,Homem,Carlos R. Beleti Junior,Homem,1
Ayslan Trevizan Possebom,Homem,Daniela Eloise Flôr,Mulher,1
Ayslan Trevizan Possebom,Homem,Eduardo Henrique Molina da Cruz,Homem,1
Aíla Maciel,Mulher,Gabriela Felipa Souza,Mulher,1
Aíla Maciel,Mulher,Ketrin Diovana Alves Rodrigues Vargas,Mulher,1
Aíla Maciel,Mulher,Letícia Gindri,Mulher,1
Aíla Maciel,Mulher,Marina Braun Otokovieski,Mulher,1
Aíla Maciel,Mulher,Patrícia Araújo de Oliveira,Mulher,2
Aíla Maciel,Mulher,Raniely dos Anjos,Mulher,1
Barbara Duarte,Mulher,Mirella M. Moro,Mulher,1
Barbara Freitas,Mulher,Luciana Cosme,Mulher,1
Barbara Freitas,Mulher,Mayara Nascimento,Mulher,1
Barbara de Lima,Mulher,Giovanna Almeida Vieira,Mulher,1
Barbara de Lima,Mulher,Marcelly Beatriz dos Santos Silva,Mulher,1
Barbara de Lima,Mulher,Maria Luiza Correia Oliveira Lima,Mulher,1
Barbara de Lima,Mulher,Noemy Roberta de Oliveira Silva,Mulher,1
Barbara de Lima,Mulher,Raquel da Silva Cabral,Mulher,1
Barbara de Lima,Mulher,Rebeca Oliveira Correia Queiroz,Mulher,1
Barbara de Lima,Mulher,Thalia de Oliveira Santos,Mulher,1
Barbara de Lima,Mulher,Wemilly Maria Rodrigues Leite de Souza,Mulher,1
Beatriz A. de Miranda,Mulher,Ivyna R. S. Alves,Mulher,1
Beatriz A. de Miranda,Mulher,Lívia M. C. Campos,Mulher,1
Beatriz A. de Miranda,Mulher,Marcella M. S. C. de Almeida,Mulher,1
Beatriz Becker,Mulher,Camila Laricchia,Mulher,1
Beatriz Becker,Mulher,Denise Siloto,Mulher,1
Beatriz Becker,Mulher,Elisa Rocha,Mulher,1
Beatriz Becker,Mulher,Flávia Villela,Mulher,1
Beatriz Becker,Mulher,Francisco Campos,Homem,1
Beatriz Becker,Mulher,Gabriel SantClair,Homem,1
Beatriz Becker,Mulher,Janaina Gomide,Mulher,1
Beatriz Becker,Mulher,Julia Godinho,Mulher,1
Beatriz Becker,Mulher,Júlia Marotti,Mulher,1
Beatriz Becker,Mulher,Laura Emmanuella de Oliveira,Mulher,1
Beatriz Becker,Mulher,Milena Estanislau,Mulher,1
Beatriz Becker,Mulher,Tabatta Martins,Mulher,1
Beatriz Becker,Mulher,Valeria Nunes Belmonte,Mulher,1
Beatriz Chicaroni,Mulher,Camila Sass,Mulher,1
Beatriz Chicaroni,Mulher,Carla Rodriguez,Mulher,1
Beatriz Chicaroni,Mulher,Denise Goya,Mulher,1
Beatriz Chicaroni,Mulher,Lara Tenore,Mulher,1
Beatriz Chicaroni,Mulher,Lidia Ferreira,Mulher,1
Beatriz Chicaroni,Mulher,Maria Eduarda Brandão,Mulher,1
Beatriz Chicaroni,Mulher,Melissa Lins,Mulher,1
Beatriz Chicaroni,Mulher,Poliana Ferreira,Mulher,1
Beatriz Chicaroni,Mulher,Rafaela V. Rocha,Mulher,1
Beatriz Chicaroni,Mulher,Rosimeire Santana,Mulher,1
Beatriz Maciel,Mulher,Dayanny Soares,Mulher,1
Beatriz Maciel,Mulher,Larrysa Figueiredo,Mulher,1
Beatriz Maciel,Mulher,Marcus Carvalho,Homem,1
Beatriz Maciel,Mulher,Raquel Lopes,Homem,1
Beatriz Pereira,Mulher,Laura Damaceno de Almeida,Mulher,1
Beatriz Pereira,Mulher,Poliana Nascimento Ferreira,Mulher,1
Beatriz Saburido,Mulher,Juliana B. S. França,Mulher,1
Bianca Fernandes Ribas,Mulher,Clara Scatena da Silva,Mulher,1
Bianca Fernandes Ribas,Mulher,Claudia Santos Fernandes,Mulher,1
Bianca Fernandes Ribas,Mulher,Diane Rosa da Silva,Mulher,1
Bianca Fernandes Ribas,Mulher,Giovanna Mara Paes Franco,Mulher,1
Bianca Fernandes Ribas,Mulher,Luana Arfux de Castro Nogueira,Mulher,1
Bianca Fernandes Ribas,Mulher,Marcia Ferreira Cristaldo,Mulher,1
Bianca Fernandes Ribas,Mulher,Maria Eduarda Alves Barbosa,Mulher,1
Bianca Fernandes Ribas,Mulher,Marta Luzzi,Mulher,1
Bianca Fernandes Ribas,Mulher,Nayara Arruda Cunha,Mulher,1
Bianca P. Castro,Mulher,Carla Castanho,Mulher,1
Bianca P. Castro,Mulher,Carla Cavalcante Koike,Mulher,1
Bianca P. Castro,Mulher,Maristela Holanda,Mulher,1
Bianca P. Castro,Mulher,Roberta B. Oliveira,Mulher,1
Bianca P. Castro,Mulher,Tais A. Oliveira,Mulher,1
Bianca P. Castro,Mulher,Thamires P. Silva,Mulher,1
Bruna Mariana F. de Souza,Mulher,Fabiola Guerra Nakamura,Mulher,2
Bruna Mariana F. de Souza,Mulher,Jeovana Leão,Mulher,2
Bruna Mariana F. de Souza,Mulher,Julia Luiza da Conceição,Mulher,1
Bruna Mariana F. de Souza,Mulher,Juliana Magalhães,Mulher,1
Bruna Mariana F. de Souza,Mulher,Julis Figueira de Araújo,Homem,2
Bruna Mariana F. de Souza,Mulher,Kalil Ferreira,Homem,2
Bruna Mariana F. de Souza,Mulher,Mariana Barros,Mulher,2
Bruna Mariana F. de Souza,Mulher,Rosiane Freitas,Mulher,1
Bruna Mariana F. de Souza,Mulher,Tanara Lauschner,Mulher,2
Bruna Oenning Amador,Mulher,Lara Morgado da Silva Santos,Mulher,2
Bruna Oenning Amador,Mulher,Mayara Dal Vesco Hoger,Mulher,2
Bruna Oenning Amador,Mulher,Patricia Abe Turato,Mulher,2
Bruna Oenning Amador,Mulher,Rita Cristina Galarraga Berardi,Mulher,2
Bruna Oenning Amador,Mulher,Silvia Amelia Bim,Mulher,2
Bárbara D. Duarte,Mulher,Juliana Espíndola Botelho,Mulher,1
Bárbara D. Duarte,Mulher,Mirella M. Moro,Mulher,1
Bárbara Moreira Drummond,Mulher,José Viterbo,Homem,1
Bárbara Moreira Drummond,Mulher,Luciana Cardoso de Castro Salgado,Mulher,1
Camila Laricchia,Mulher,Denise Siloto,Mulher,1
Camila Laricchia,Mulher,Elisa Rocha,Mulher,1
Camila Laricchia,Mulher,Flávia Villela,Mulher,1
Camila Laricchia,Mulher,Francisco Campos,Homem,1
Camila Laricchia,Mulher,Gabriel SantClair,Homem,1
Camila Laricchia,Mulher,Janaina Gomide,Mulher,1
Camila Laricchia,Mulher,Julia Godinho,Mulher,1
Camila Laricchia,Mulher,Júlia Marotti,Mulher,1
Camila Laricchia,Mulher,Laura Emmanuella de Oliveira,Mulher,1
Camila Laricchia,Mulher,Milena Estanislau,Mulher,1
Camila Laricchia,Mulher,Tabatta Martins,Mulher,1
Camila Laricchia,Mulher,Valeria Nunes Belmonte,Mulher,1
Camila R. Crisostomo,Mulher,Christine R. Lourenço,Mulher,1
Camila R. Crisostomo,Mulher,Lara M. Lopes,Mulher,1
Camila R. Crisostomo,Mulher,Lilian Verino,Mulher,1
Camila R. Crisostomo,Mulher,Maria Fernanda Itacarambi,Mulher,1
Camila R. Crisostomo,Mulher,Sylvana Karla S. L. Santos,Mulher,1
Camila Sass,Mulher,Carla Rodriguez,Mulher,2
Camila Sass,Mulher,Denise Goya,Mulher,1
Camila Sass,Mulher,Giovanna Fincatti Dos Santos,Mulher,1
Camila Sass,Mulher,Juliana Berbert,Mulher,1
Camila Sass,Mulher,Júlia Oliveira Pessoa,Mulher,1
Camila Sass,Mulher,Lara Tenore,Mulher,1
Camila Sass,Mulher,Lidia Ferreira,Mulher,1
Camila Sass,Mulher,Maria Eduarda Brandão,Mulher,2
Camila Sass,Mulher,Melissa Lins,Mulher,1
Camila Sass,Mulher,Poliana Ferreira,Mulher,1
Camila Sass,Mulher,Rafaela V. Rocha,Mulher,1
Camila Sass,Mulher,Rosimeire Santana,Mulher,1
Camila Z. Aguiar,Mulher,Eliana Zandonade,Mulher,1
Camila Z. Aguiar,Mulher,Lucia Catabriga,Mulher,2
Camila Z. Aguiar,Mulher,Maria Claudia S. Boeres,Mulher,2
Camila Z. Aguiar,Mulher,Maria Julia D. M. Nolasco,Mulher,1
Camila Z. Aguiar,Mulher,Rebeca C. de Oliveira,Mulher,1
Carina Machado de Farias,Mulher,Sarah Barbosa de Deus,Mulher,1
Carina Machado de Farias,Mulher,Steffany Caroline Carvalho Freire,Mulher,1
Carla Castanho,Mulher,Carla Cavalcante Koike,Mulher,1
Carla Castanho,Mulher,Carla Koike,Mulher,3
Carla Castanho,Mulher,Edna Canedo,Mulher,1
Carla Castanho,Mulher,Eduardo Silva,Homem,1
Carla Castanho,Mulher,Eduardo Spies,Homem,1
Carla Castanho,Mulher,Eric Hans M. da Silva,Homem,1
Carla Castanho,Mulher,João Laterza,Homem,1
Carla Castanho,Mulher,Kailany Ketulhe,Mulher,1
Carla Castanho,Mulher,Maristela Holanda,Mulher,4
Carla Castanho,Mulher,Mirella M. Moro,Mulher,1
Carla Castanho,Mulher,Roberta B. Oliveira,Mulher,4
Carla Castanho,Mulher,Tais A. Oliveira,Mulher,1
Carla Castanho,Mulher,Thamires P. Silva,Mulher,1
Carla Castanho,Mulher,Victor Alves,Homem,1
Carla Cavalcante Koike,Mulher,Fernanda de Sousa,Mulher,1
Carla Cavalcante Koike,Mulher,Maria Eduarda Santos,Mulher,1
Carla Cavalcante Koike,Mulher,Maristela Holanda,Mulher,3
Carla Cavalcante Koike,Mulher,Roberta B. Oliveira,Mulher,3
Carla Cavalcante Koike,Mulher,Tais A. Oliveira,Mulher,1
Carla Cavalcante Koike,Mulher,Thamires P. Silva,Mulher,1
Carla Cavalcante Koike,Mulher,Vinicius R. P. Borges,Homem,1
Carla Ilane Moreira Bezerra,Mulher,Kassia Cristina de Sousa Lopes,Mulher,1
Carla Ilane Moreira Bezerra,Mulher,Maria Alice de Souza Macedo,Mulher,1
Carla Koike,Mulher,Edna Canedo,Mulher,1
Carla Koike,Mulher,Eric Hans M. da Silva,Homem,1
Carla Koike,Mulher,João Laterza,Homem,1
Carla Koike,Mulher,Kailany Ketulhe,Mulher,1
Carla Koike,Mulher,Maristela Holanda,Mulher,3
Carla Koike,Mulher,Mirella M. Moro,Mulher,1
Carla Koike,Mulher,Roberta B. Oliveira,Mulher,3
Carla M. Paxiúba,Mulher,Josivan R. Reis,Homem,1
Carla M. Paxiúba,Mulher,Luiz Henrique C. Nunes,Homem,1
Carla M. Paxiúba,Mulher,Mariana W. B. Nascimento,Mulher,1
Carla M. Paxiúba,Mulher,Márcio J. M. Ponte,Homem,1
Carla M. Paxiúba,Mulher,Roberto P. Nascimento,Homem,1
Carla Rodriguez,Mulher,Denise Goya,Mulher,1
Carla Rodriguez,Mulher,Giovanna Fincatti Dos Santos,Mulher,1
Carla Rodriguez,Mulher,Juliana Berbert,Mulher,1
Carla Rodriguez,Mulher,Júlia Oliveira Pessoa,Mulher,1
Carla Rodriguez,Mulher,Lara Tenore,Mulher,1
Carla Rodriguez,Mulher,Lidia Ferreira,Mulher,1
Carla Rodriguez,Mulher,Maria Eduarda Brandão,Mulher,2
Carla Rodriguez,Mulher,Melissa Lins,Mulher,1
Carla Rodriguez,Mulher,Poliana Ferreira,Mulher,1
Carla Rodriguez,Mulher,Rafaela V. Rocha,Mulher,1
Carla Rodriguez,Mulher,Rosimeire Santana,Mulher,1
Carla Santos de Oliveira,Mulher,Carlos R. Beleti Junior,Homem,2
Carla Santos de Oliveira,Mulher,Daniela Eloise Flôr,Mulher,2
Carla Santos de Oliveira,Mulher,Eduardo Henrique Molina da Cruz,Homem,2
Carla Santos de Oliveira,Mulher,Natani Gabrieli Boço Cavalcante,Mulher,1
Carla Verônica Machado Marques,Mulher,Carlo Emmanoel Tolla de Oliveira,Homem,1
Carla Verônica Machado Marques,Mulher,Claudia Lage Rebello da Motta,Mulher,1
Carla Verônica Machado Marques,Mulher,Raquel Moreira Machado Fernandes,Mulher,1
Carlo Emmanoel Tolla de Oliveira,Homem,Claudia Lage Rebello da Motta,Mulher,1
Carlo Emmanoel Tolla de Oliveira,Homem,Raquel Moreira Machado Fernandes,Mulher,1
Carlos Daniel Schmitt Bunn,Homem,Daniella Martins Vasconcellos,Mulher,1
Carlos Daniel Schmitt Bunn,Homem,Eric Carvalho da Silveira,Homem,1
Carlos Daniel Schmitt Bunn,Homem,Guilherme Tomaselli Borchardt,Homem,1
Carlos Daniel Schmitt Bunn,Homem,Isabela Gasparini,Mulher,1
Carlos Daniel Schmitt Bunn,Homem,Laís Pisetta Van Vossen,Mulher,1
Carlos Daniel Schmitt Bunn,Homem,Luciana B. Frigo,Mulher,1
Carlos Daniel Schmitt Bunn,Homem,Maria Teresa Silva Santos,Mulher,1
Carlos Eduardo Barbosa,Homem,Geraldo Bonorino Xexéo,Homem,1
Carlos Eduardo Barbosa,Homem,Jano Moreira de Souza,Homem,1
Carlos Eduardo Barbosa,Homem,Larissa Galeno,Mulher,1
Carlos Eduardo Barbosa,Homem,Luciana Maria Azevedo Nascimento,Mulher,1
Carlos Eduardo Barbosa,Homem,Luis Felipe Coimbra Costa,Homem,1
Carlos Eduardo Barbosa,Homem,Yuri Oliveira de Lima,Homem,1
Carlos R. Beleti Junior,Homem,Daniela Eloise Flôr,Mulher,2
Carlos R. Beleti Junior,Homem,Eduardo Henrique Molina da Cruz,Homem,2
Carlos R. Beleti Junior,Homem,Natani Gabrieli Boço Cavalcante,Mulher,1
Carlos Roberto dos Santos Junior,Homem,Daniela Marques,Mulher,1
Carlos Roberto dos Santos Junior,Homem,Gustavo Bartz Guedes,Homem,1
Carolina Aguilar,Mulher,Gisele Marinho,Mulher,1
Carolina Aguilar,Mulher,Simone Fagundes,Mulher,1
Caroline Reis Vieira Santos Rauta,Mulher,Daniela Sbizera Justo,Mulher,1
Caroline Reis Vieira Santos Rauta,Mulher,Isabela Reinhold,Mulher,1
Caroline Reis Vieira Santos Rauta,Mulher,Maria Tereza de Almeida Wippel,Mulher,1
Caroline Reis Vieira Santos Rauta,Mulher,Rayana Prata Neves,Mulher,1
Caroline Sacramento Alves,Mulher,Débora Abdalla,Mulher,1
Caroline Sacramento Alves,Mulher,Juliana Maria Oliveira dos Santos,Mulher,1
Christine R. Lourenço,Mulher,Lara M. Lopes,Mulher,1
Christine R. Lourenço,Mulher,Lilian Verino,Mulher,1
Christine R. Lourenço,Mulher,Maria Fernanda Itacarambi,Mulher,1
Christine R. Lourenço,Mulher,Sylvana Karla S. L. Santos,Mulher,1
Cibelle Amorim Martins,Mulher,Clara Marques Bodart,Mulher,1
Cibelle Amorim Martins,Mulher,Márcia Gonçalves Oliveira,Mulher,1
Cibelle Amorim Martins,Mulher,Soraya Roberta dos Santos Medeiros,Mulher,1
Clara Marques Bodart,Mulher,Gabriel Nascimento,Homem,1
Clara Marques Bodart,Mulher,Márcia Gonçalves Oliveira,Mulher,1
Clara Marques Bodart,Mulher,Márcia Oliveira,Mulher,1
Clara Marques Bodart,Mulher,Mônica Silva,Mulher,1
Clara Marques Bodart,Mulher,Soraya Roberta dos Santos Medeiros,Mulher,1
Clara Scatena da Silva,Mulher,Claudia Santos Fernandes,Mulher,1
Clara Scatena da Silva,Mulher,Diane Rosa da Silva,Mulher,1
Clara Scatena da Silva,Mulher,Giovanna Mara Paes Franco,Mulher,1
Clara Scatena da Silva,Mulher,Luana Arfux de Castro Nogueira,Mulher,1
Clara Scatena da Silva,Mulher,Marcia Ferreira Cristaldo,Mulher,1
Clara Scatena da Silva,Mulher,Maria Eduarda Alves Barbosa,Mulher,1
Clara Scatena da Silva,Mulher,Marta Luzzi,Mulher,1
Clara Scatena da Silva,Mulher,Nayara Arruda Cunha,Mulher,1
Claudia Lage Rebello da Motta,Mulher,Raquel Moreira Machado Fernandes,Mulher,1
Claudia Santos Fernandes,Mulher,Diane Rosa da Silva,Mulher,1
Claudia Santos Fernandes,Mulher,Giovanna Mara Paes Franco,Mulher,1
Claudia Santos Fernandes,Mulher,Luana Arfux de Castro Nogueira,Mulher,1
Claudia Santos Fernandes,Mulher,Marcia Ferreira Cristaldo,Mulher,1
Claudia Santos Fernandes,Mulher,Maria Eduarda Alves Barbosa,Mulher,1
Claudia Santos Fernandes,Mulher,Marta Luzzi,Mulher,1
Claudia Santos Fernandes,Mulher,Nayara Arruda Cunha,Mulher,1
Claudia Sousa Barbosa,Mulher,Lucas Lima Sousa Torres,Homem,1
Claudia Sousa Barbosa,Mulher,Maria Rodrigues Gomes,Mulher,1
Claudia Sousa Barbosa,Mulher,Simone de Oliveira Santos,Mulher,1
Cledja Rolim,Mulher,Isadora B. M. C. Ferreira,Mulher,1
Cledja Rolim,Mulher,Lucas Fonseca,Homem,1
Clevi Rapkiewicz,Mulher,Hariel Souza,Homem,1
Clevi Rapkiewicz,Mulher,Letícia Gindri,Mulher,1
Clevi Rapkiewicz,Mulher,Nani Castilho,Mulher,1
Clevi Rapkiewicz,Mulher,Simone Fogazzi,Mulher,1
Cristiane N. Targa,Mulher,Iolanda Agnes D. Ribeiro,Mulher,1
Cristiane N. Targa,Mulher,Kamilly Cristine Gomes,Mulher,1
Cristiane N. Targa,Mulher,Michele A. Brandão,Mulher,1
Cristiane O. de Santana,Mulher,Jislane S. S. de Menezes,Mulher,1
Cristiane O. de Santana,Mulher,Kamille G. Bezerra,Mulher,1
Cristiane O. de Santana,Mulher,Leandro Santos Fraga,Homem,1
Cristiano Maciel,Homem,Eunice Pereira dos Santos Nunes,Mulher,3
Cristiano Maciel,Homem,Fernanda Pires,Mulher,1
Cristiano Maciel,Homem,Giseli Duardo Maciano,Mulher,1
Cristiano Maciel,Homem,Guillermo A. Dávila,Homem,1
Cristiano Maciel,Homem,Helena Cristina Dias Magalhães,Mulher,1
Cristiano Maciel,Homem,Indira R. Guzman,Mulher,1
Cristiano Maciel,Homem,Jean Rangel,Homem,1
Cristiano Maciel,Homem,João Bernado,Homem,1
Cristiano Maciel,Homem,Jéssica Azevedo,Mulher,1
Cristiano Maciel,Homem,Karen Ribeiro,Mulher,2
Cristiano Maciel,Homem,Karen da Silva Figueiredo Medeiros Ribeiro,Mulher,2
Cristiano Maciel,Homem,Karla Pereira,Mulher,1
Cristiano Maciel,Homem,Karla de Souza e Silva,Mulher,1
Cristiano Maciel,Homem,Larissa Pessoa,Mulher,1
Cristiano Maciel,Homem,Leticia Santos Machado,Mulher,1
Cristiano Maciel,Homem,Luana Mendes,Mulher,1
Cristiano Maciel,Homem,Luciana B. Frigo,Mulher,1
Cristiano Maciel,Homem,Maria Fernanda Abalem Franca Nunes,Mulher,2
Cristiano Maciel,Homem,Pedro Henrique Stolarski Auceli,Homem,1
Cristiano Maciel,Homem,Rita Cristina Galarraga Berardi,Mulher,1
Cristiano Maciel,Homem,Rosiane Freitas,Mulher,1
Cristiano Maciel,Homem,Sabrina Bourscheid Sassi,Mulher,2
Cristiano Maciel,Homem,Silvia Amelia Bim,Mulher,1
Cristiano Maciel,Homem,Silvia Bim,Mulher,2
Cristiano Maciel,Homem,Waleska Gonçalves de Lima,Mulher,2
Cristina Ciferri,Mulher,Kalinka Branco,Mulher,1
Cristina Ciferri,Mulher,Viviana Noguera,Mulher,1
Cristina Meinhardt,Mulher,Lígia Sell,Mulher,1
Cristina Nunes,Mulher,Milene Silveira,Mulher,1
Dandhara P. R. M. Lucena,Mulher,Vanessa L. Silva,Mulher,1
Dandhara P. R. M. Lucena,Mulher,Viviane C. O. Aureliano,Mulher,1
Daniel H. Dalip,Homem,Indra Matsiendra C. D. Ribeiro,Mulher,1
Daniel H. Dalip,Homem,Izabela A. Andrade,Mulher,1
Daniel H. Dalip,Homem,Julia M. M. Gonçalves,Mulher,1
Daniel H. Dalip,Homem,Luísa M. Laboissiere,Mulher,1
Daniel H. Dalip,Homem,Marcella D. Ferreira,Mulher,1
Daniel H. Dalip,Homem,Michele A. Brandão,Mulher,1
Daniel H. Dalip,Homem,Mirella M. Moro,Mulher,1
Daniela C. Terra,Mulher,Isabella A. D. Melo,Mulher,1
Daniela C. Terra,Mulher,Leticia M. M. S. Cheloni,Mulher,1
Daniela C. Terra,Mulher,Raylla L. S. Gama,Mulher,1
Daniela C. Terra,Mulher,Suelen M. de Paula,Mulher,1
Daniela Eloise Flôr,Mulher,Eduardo Henrique Molina da Cruz,Homem,2
Daniela Eloise Flôr,Mulher,Natani Gabrieli Boço Cavalcante,Mulher,1
Daniela Marques,Mulher,Gustavo Bartz Guedes,Homem,1
Daniela Sbizera Justo,Mulher,Rayana Prata Neves,Mulher,1
Daniella Martins Vasconcellos,Mulher,Eric Carvalho da Silveira,Homem,1
Daniella Martins Vasconcellos,Mulher,Guilherme Tomaselli Borchardt,Homem,1
Daniella Martins Vasconcellos,Mulher,Isabela Gasparini,Mulher,1
Daniella Martins Vasconcellos,Mulher,Laís Pisetta Van Vossen,Mulher,1
Daniella Martins Vasconcellos,Mulher,Luciana B. Frigo,Mulher,1
Daniella Martins Vasconcellos,Mulher,Maria Teresa Silva Santos,Mulher,1
Dayanny Soares,Mulher,Larrysa Figueiredo,Mulher,1
Dayanny Soares,Mulher,Marcus Carvalho,Homem,1
Dayanny Soares,Mulher,Raquel Lopes,Homem,1
Denise Goya,Mulher,Lara Tenore,Mulher,1
Denise Goya,Mulher,Lidia Ferreira,Mulher,1
Denise Goya,Mulher,Maria Eduarda Brandão,Mulher,1
Denise Goya,Mulher,Melissa Lins,Mulher,1
Denise Goya,Mulher,Poliana Ferreira,Mulher,1
Denise Goya,Mulher,Rafaela V. Rocha,Mulher,1
Denise Goya,Mulher,Rosimeire Santana,Mulher,1
Denise Siloto,Mulher,Elisa Rocha,Mulher,1
Denise Siloto,Mulher,Flávia Villela,Mulher,1
Denise Siloto,Mulher,Francisco Campos,Homem,1
Denise Siloto,Mulher,Gabriel SantClair,Homem,1
Denise Siloto,Mulher,Janaina Gomide,Mulher,1
Denise Siloto,Mulher,Julia Godinho,Mulher,1
Denise Siloto,Mulher,Júlia Marotti,Mulher,1
Denise Siloto,Mulher,Laura Emmanuella de Oliveira,Mulher,1
Denise Siloto,Mulher,Milena Estanislau,Mulher,1
Denise Siloto,Mulher,Tabatta Martins,Mulher,1
Denise Siloto,Mulher,Valeria Nunes Belmonte,Mulher,1
Derivaldo Machado da Silva,Homem,Viviane Almeida dos Santos,Mulher,1
Diane Rosa da Silva,Mulher,Giovanna Mara Paes Franco,Mulher,1
Diane Rosa da Silva,Mulher,Luana Arfux de Castro Nogueira,Mulher,1
Diane Rosa da Silva,Mulher,Marcia Ferreira Cristaldo,Mulher,1
Diane Rosa da Silva,Mulher,Maria Eduarda Alves Barbosa,Mulher,1
Diane Rosa da Silva,Mulher,Marta Luzzi,Mulher,1
Diane Rosa da Silva,Mulher,Nayara Arruda Cunha,Mulher,1
Douglas Farias Cordeiro,Homem,Kátia Kelvis Cassiano,Mulher,1
Douglas Farias Cordeiro,Homem,Nubia Rosa da Silva,Mulher,1
Débora Abdalla,Mulher,Juliana Maria Oliveira dos Santos,Mulher,1
Débora Guerra de S. Guinati,Mulher,Renata Luiza da Costa,Mulher,1
Débora Guerra de S. Guinati,Mulher,Stéfany de Castro Souza,Mulher,1
Débora Mattos,Mulher,Fabricia Damando Santos,Mulher,1
Débora Mattos,Mulher,Luana Sperling Santana,Mulher,1
Ediana da Silva de Souza,Mulher,Isabela Gasparini,Mulher,1
Ediana da Silva de Souza,Mulher,Milene Selbach Silveira,Mulher,1
Ediana da Silva de Souza,Mulher,Rebeca Schroeder,Mulher,1
Ediana da Silva de Souza,Mulher,Simone Diniz Junqueira Barbosa,Mulher,1
Ediana da Silva de Souza,Mulher,Êrica Peters do Carmo,Mulher,1
Edna Canedo,Mulher,Maristela Holanda,Mulher,1
Edna Canedo,Mulher,Mirella M. Moro,Mulher,1
Edna Canedo,Mulher,Roberta B. Oliveira,Mulher,1
Eduardo Dos Santos Barbosa,Homem,Natália Dal Pizzol,Mulher,1
Eduardo Dos Santos Barbosa,Homem,Soraia Raupp Musse,Mulher,1
Eduardo Henrique Molina da Cruz,Homem,Natani Gabrieli Boço Cavalcante,Mulher,1
Eduardo Silva,Homem,Eduardo Spies,Homem,1
Eduardo Silva,Homem,Victor Alves,Homem,1
Eduardo Spies,Homem,Victor Alves,Homem,1
Elaine H. T. Oliveira,Mulher,Isabela Gasparini,Mulher,1
Elaine H. T. Oliveira,Mulher,Susan E. Black,Mulher,1
Elaine R. Faria,Mulher,Fabíola S. F. Pereira,Mulher,1
Elaine R. Faria,Mulher,Gina M. B. Oliveira,Mulher,1
Elaine R. Faria,Mulher,Maria Adriana V. Lima,Mulher,1
Elaine R. Faria,Mulher,Maria Camila N. Barioni,Mulher,1
Elaine R. Faria,Mulher,Mirella S. Junqueira,Mulher,1
Elian Vitor de Oliveira Castro,Homem,Simone Azevedo Bandeira de Melo Aquino,Mulher,1
Elian Vitor de Oliveira Castro,Homem,Steffane de Oliveira Castro,Mulher,1
Elian Vitor de Oliveira Castro,Homem,Thiago Paiva Freire,Homem,1
Eliana Almeida,Mulher,Ester de Lima Pontes Andrade,Mulher,2
Eliana Almeida,Mulher,Kamila Almeida Benevides,Mulher,2
Eliana Almeida,Mulher,Kelly Bianca Araujo Silva,Mulher,2
Eliana Almeida,Mulher,Letícia Medeiros,Mulher,1
Eliana Almeida,Mulher,Lilian Giselly Pereira Santos,Mulher,1
Eliana Almeida,Mulher,Luana Júlia Nunes Ferreira,Mulher,2
Eliana Almeida,Mulher,Natália de Assis Sousa,Mulher,2
Eliana Almeida,Mulher,Rebeca de Jesus Brandão,Mulher,1
Eliana Almeida,Mulher,Sunny Kelma Oliveira Miranda,Mulher,1
Eliana S. de Almeida,Mulher,Ester de Lima Pontes,Mulher,1
Eliana S. de Almeida,Mulher,Lilian F. M. Neves,Mulher,1
Eliana S. de Almeida,Mulher,Lilian G. P. Santos,Mulher,1
Eliana S. de Almeida,Mulher,Raquel S. Cabral,Mulher,1
Eliana S. de Almeida,Mulher,Thalia B. M. Almeida,Mulher,1
Eliana Zandonade,Mulher,Lucia Catabriga,Mulher,1
Eliana Zandonade,Mulher,Maria Claudia S. Boeres,Mulher,1
Eliana Zandonade,Mulher,Rebeca C. de Oliveira,Mulher,1
Eliane Pozzebon,Mulher,Francielli Freitas Moro,Mulher,1
Eliane Pozzebon,Mulher,Luciana B. Frigo,Mulher,1
Eliane Pozzebon,Mulher,Rafaela Oliveira Padilha,Mulher,1
Elisa Rocha,Mulher,Flávia Villela,Mulher,1
Elisa Rocha,Mulher,Francisco Campos,Homem,1
Elisa Rocha,Mulher,Gabriel SantClair,Homem,1
Elisa Rocha,Mulher,Janaina Gomide,Mulher,1
Elisa Rocha,Mulher,Julia Godinho,Mulher,1
Elisa Rocha,Mulher,Júlia Marotti,Mulher,1
Elisa Rocha,Mulher,Laura Emmanuella de Oliveira,Mulher,1
Elisa Rocha,Mulher,Milena Estanislau,Mulher,1
Elisa Rocha,Mulher,Tabatta Martins,Mulher,1
Elisa Rocha,Mulher,Valeria Nunes Belmonte,Mulher,1
Elisa Terumi Rubel Schneider,Mulher,Evelin Amorim,Mulher,1
Elisa Terumi Rubel Schneider,Mulher,Helena Caseli,Mulher,1
Elisa Terumi Rubel Schneider,Mulher,Jéssica Rodrigues,Mulher,1
Elisa Terumi Rubel Schneider,Mulher,Leidiana Iza Andrade Freitas,Mulher,1
Elisa Terumi Rubel Schneider,Mulher,Maria das Graças V. Nunes,Mulher,1
Elisandra Aparecida Alves da Silva,Mulher,Nadia Maria Cecilia de Lima,Mulher,1
Elisandra Silva,Mulher,Sandra Oliveira,Homem,1
Elisandra Silva,Mulher,Thais Sousa,Mulher,1
Elisângela Dias,Mulher,Talita Ferreira,Mulher,1
Elloá Fonseca Lima,Mulher,Gabrielly Luíza Trajano Soares,Mulher,1
Elloá Fonseca Lima,Mulher,João Gabriel R. Silva,Homem,1
Elloá Fonseca Lima,Mulher,Maria Júlia M. Schettini,Mulher,1
Elloá Guedes,Mulher,Giovana Lucca,Mulher,1
Elloá Guedes,Mulher,Juliany Raiol,Mulher,1
Elloá Guedes,Mulher,Nicoli Araújo,Mulher,1
Elloá Guedes,Mulher,Rafaela Sousa,Mulher,1
Eric Carvalho da Silveira,Homem,Guilherme Tomaselli Borchardt,Homem,1
Eric Carvalho da Silveira,Homem,Isabela Gasparini,Mulher,1
Eric Carvalho da Silveira,Homem,Laís Pisetta Van Vossen,Mulher,1
Eric Carvalho da Silveira,Homem,Luciana B. Frigo,Mulher,1
Eric Carvalho da Silveira,Homem,Maria Teresa Silva Santos,Mulher,1
Eric Hans M. da Silva,Homem,João Laterza,Homem,1
Eric Hans M. da Silva,Homem,Maristela Holanda,Mulher,1
Eric Hans M. da Silva,Homem,Roberta B. Oliveira,Mulher,1
Estela Miranda Batista,Mulher,Gláucia Braga e Silva,Mulher,1
Estela Miranda Batista,Mulher,Thais R. de Moura Braga Silva,Mulher,1
Ester de Lima Pontes,Mulher,Lilian F. M. Neves,Mulher,1
Ester de Lima Pontes,Mulher,Lilian G. P. Santos,Mulher,1
Ester de Lima Pontes,Mulher,Raquel S. Cabral,Mulher,1
Ester de Lima Pontes,Mulher,Thalia B. M. Almeida,Mulher,1
Ester de Lima Pontes Andrade,Mulher,Kamila Almeida Benevides,Mulher,2
Ester de Lima Pontes Andrade,Mulher,Kelly Bianca Araujo Silva,Mulher,2
Ester de Lima Pontes Andrade,Mulher,Letícia Medeiros,Mulher,1
Ester de Lima Pontes Andrade,Mulher,Lilian Giselly Pereira Santos,Mulher,1
Ester de Lima Pontes Andrade,Mulher,Luana Júlia Nunes Ferreira,Mulher,2
Ester de Lima Pontes Andrade,Mulher,Natália de Assis Sousa,Mulher,2
Ester de Lima Pontes Andrade,Mulher,Rebeca de Jesus Brandão,Mulher,1
Ester de Lima Pontes Andrade,Mulher,Sunny Kelma Oliveira Miranda,Mulher,1
Eunice Pereira dos Santos Nunes,Mulher,Fernanda Andrade Pereira Marques,Mulher,1
Eunice Pereira dos Santos Nunes,Mulher,Giseli Duardo Maciano,Mulher,1
Eunice Pereira dos Santos Nunes,Mulher,Helena Cristina Dias Magalhães,Mulher,1
Eunice Pereira dos Santos Nunes,Mulher,Kamylla Milena Voltoni dos Santos,Mulher,1
Eunice Pereira dos Santos Nunes,Mulher,Karla de Souza e Silva,Mulher,1
Eunice Pereira dos Santos Nunes,Mulher,Luciana Correia Lima de Faria Borges,Mulher,1
Eunice Pereira dos Santos Nunes,Mulher,Maria Fernanda Abalem Franca Nunes,Mulher,1
Eunice Pereira dos Santos Nunes,Mulher,Sabrina Bourscheid Sassi,Mulher,1
Eunice Pereira dos Santos Nunes,Mulher,Thais Reggina Kempner,Mulher,1
Eunice Pereira dos Santos Nunes,Mulher,Waleska Gonçalves de Lima,Mulher,1
Evelin Amorim,Mulher,Helena Caseli,Mulher,1
Evelin Amorim,Mulher,Jéssica Rodrigues,Mulher,1
Evelin Amorim,Mulher,Leidiana Iza Andrade Freitas,Mulher,1
Evelin Amorim,Mulher,Maria das Graças V. Nunes,Mulher,1
Fabiola Guerra Nakamura,Mulher,Jeovana Leão,Mulher,2
Fabiola Guerra Nakamura,Mulher,Julis Figueira de Araújo,Homem,2
Fabiola Guerra Nakamura,Mulher,Kalil Ferreira,Homem,2
Fabiola Guerra Nakamura,Mulher,Mariana Barros,Mulher,2
Fabiola Guerra Nakamura,Mulher,Tanara Lauschner,Mulher,2
Fabricia Damando Santos,Mulher,Luana Sperling Santana,Mulher,1
Fabrizio Franzoia,Homem,Fernanda Pires,Mulher,1
Fabrizio Franzoia,Homem,Marcela Pessoa,Mulher,1
Fabíola Pantoja O. Araujo,Mulher,Geisiane S. Matos,Mulher,2
Fabíola Pantoja O. Araujo,Mulher,Maria Roselene A. Lima,Mulher,1
Fabíola Pantoja O. Araujo,Mulher,Rebeca Hilda Furtado Costa,Mulher,1
Fabíola Pantoja O. Araujo,Mulher,Sara M. Silva,Mulher,1
Fabíola Pantoja O. Araujo,Mulher,Sara das Mercês Silva,Mulher,2
Fabíola Pantoja O. Araujo,Mulher,Tatiane A. Nascimento,Mulher,1
Fabíola S. F. Pereira,Mulher,Gina M. B. Oliveira,Mulher,1
Fabíola S. F. Pereira,Mulher,Maria Adriana V. Lima,Mulher,1
Fabíola S. F. Pereira,Mulher,Maria Camila N. Barioni,Mulher,1
Fabíola S. F. Pereira,Mulher,Mirella S. Junqueira,Mulher,1
Felipe de Melo Santos,Homem,Guilherme Gonçalves da Silva,Homem,1
Felipe de Melo Santos,Homem,Lucas Almeida Silva,Homem,1
Felipe de Melo Santos,Homem,Queilane da Conceição Rocha,Mulher,1
Felipe de Melo Santos,Homem,Yasmin Solrac Ribeiro dos Santos,Mulher,1
Felipe de Melo Santos,Homem,Érica Pereira Machado,Mulher,1
Fernanda Andrade Pereira Marques,Mulher,Kamylla Milena Voltoni dos Santos,Mulher,1
Fernanda Andrade Pereira Marques,Mulher,Luciana Correia Lima de Faria Borges,Mulher,1
Fernanda Andrade Pereira Marques,Mulher,Thais Reggina Kempner,Mulher,1
Fernanda Pires,Mulher,Jean Rangel,Homem,1
Fernanda Pires,Mulher,João Bernado,Homem,1
Fernanda Pires,Mulher,Karla Pereira,Mulher,1
Fernanda Pires,Mulher,Larissa Pessoa,Mulher,1
Fernanda Pires,Mulher,Marcela Pessoa,Mulher,1
Fernanda Pires,Mulher,Rosiane Freitas,Mulher,1
Fernanda Pires,Mulher,Silvia Bim,Mulher,1
Fernanda de Sousa,Mulher,Maristela Holanda,Mulher,1
Fernanda de Sousa,Mulher,Roberta B. Oliveira,Mulher,1
Fláva Amim,Mulher,Jaqueline Moura,Mulher,1
Fláva Amim,Mulher,Karina Fernandes,Mulher,1
Fláva Amim,Mulher,Ketrin Vargas,Mulher,1
Flávia Maria Santoro,Mulher,Jonice Oliveira,Mulher,1
Flávia Maria Santoro,Mulher,Luiz Paulo Carvalho,Homem,1
Flávia Maria Santoro,Mulher,Michele A. Brandão,Mulher,1
Flávia Maria Santoro,Mulher,Mônica Ferreira da Silva,Mulher,1
Flávia Maria Santoro,Mulher,Silas Lima Filho,Homem,1
Flávia Villela,Mulher,Francisco Campos,Homem,1
Flávia Villela,Mulher,Gabriel SantClair,Homem,1
Flávia Villela,Mulher,Janaina Gomide,Mulher,1
Flávia Villela,Mulher,Julia Godinho,Mulher,1
Flávia Villela,Mulher,Júlia Marotti,Mulher,1
Flávia Villela,Mulher,Laura Emmanuella de Oliveira,Mulher,1
Flávia Villela,Mulher,Milena Estanislau,Mulher,1
Flávia Villela,Mulher,Tabatta Martins,Mulher,1
Flávia Villela,Mulher,Valeria Nunes Belmonte,Mulher,1
Flávio Coutinho,Homem,Glívia Barbosa,Mulher,1
Flávio Coutinho,Homem,Ismael Silva,Homem,1
Flávio Coutinho,Homem,Laura Ribeiro,Mulher,1
Flávio Coutinho,Homem,Natália Santos,Mulher,1
Flávio de Oliveira Silva,Homem,João Henrique de Souza Pereira,Homem,1
Flávio de Oliveira Silva,Homem,Luiz Claudio Theodoro,Homem,1
Franci Suni-Lopez,Mulher,Nadia Rodriguez-Rodriguez,Mulher,1
Francielli Freitas Moro,Mulher,Luciana B. Frigo,Mulher,2
Francielli Freitas Moro,Mulher,Rafaela Oliveira Padilha,Mulher,2
Francisca Kelen F. dos Santos,Mulher,Maria Elanne M. Rodrigues,Mulher,1
Francisca Kelen F. dos Santos,Mulher,Maria Rebecca L. Lelis,Mulher,1
Francisca Kelen F. dos Santos,Mulher,Sofia Bento Desidério,Mulher,1
Francisco Campos,Homem,Gabriel SantClair,Homem,1
Francisco Campos,Homem,Janaina Gomide,Mulher,1
Francisco Campos,Homem,Julia Godinho,Mulher,1
Francisco Campos,Homem,Júlia Marotti,Mulher,1
Francisco Campos,Homem,Laura Emmanuella de Oliveira,Mulher,1
Francisco Campos,Homem,Milena Estanislau,Mulher,1
Francisco Campos,Homem,Tabatta Martins,Mulher,1
Francisco Campos,Homem,Valeria Nunes Belmonte,Mulher,1
Gabriel C. B. S. Amaral,Homem,Gabriel C. Freitas,Homem,1
Gabriel C. B. S. Amaral,Homem,Jhully V. N. Leite,Mulher,1
Gabriel C. B. S. Amaral,Homem,Laura B. Moreira,Mulher,1
Gabriel C. B. S. Amaral,Homem,Maria Adriana V. Lima,Mulher,1
Gabriel C. Freitas,Homem,Jhully V. N. Leite,Mulher,1
Gabriel C. Freitas,Homem,Laura B. Moreira,Mulher,1
Gabriel C. Freitas,Homem,Maria Adriana V. Lima,Mulher,1
Gabriel Nascimento,Homem,Márcia Oliveira,Mulher,2
Gabriel Nascimento,Homem,Mônica Silva,Mulher,1
Gabriel Nascimento,Homem,Vania Marquiori,Mulher,1
Gabriel SantClair,Homem,Janaina Gomide,Mulher,1
Gabriel SantClair,Homem,Julia Godinho,Mulher,1
Gabriel SantClair,Homem,Júlia Marotti,Mulher,1
Gabriel SantClair,Homem,Laura Emmanuella de Oliveira,Mulher,1
Gabriel SantClair,Homem,Milena Estanislau,Mulher,1
Gabriel SantClair,Homem,Tabatta Martins,Mulher,1
Gabriel SantClair,Homem,Valeria Nunes Belmonte,Mulher,1
Gabriel Vieira Lima,Homem,José Vicente Lima Garros,Homem,1
Gabriel Vieira Lima,Homem,Lailla Galeno da Silva,Mulher,2
Gabriel Vieira Lima,Homem,Simone Azevedo Bandeira de Melo Aquino,Mulher,3
Gabriel Vieira Lima,Homem,Steffane de Oliveira Castro,Mulher,1
Gabriel Vieira Lima,Homem,Thiago Paiva Freire,Homem,3
Gabriel Vieira Lima,Homem,Vinicius Schineider Januário Viana,Homem,3
Gabriel Vieira Lima,Homem,Yasmin Milhomem de Oliveira,Mulher,3
Gabriela Cardoso Montes,Mulher,Ivy Oliveira Magesti,Mulher,1
Gabriela Cardoso Montes,Mulher,Julie Silva Pereira,Mulher,1
Gabriela Cardoso Montes,Mulher,Luiza Rosa de Moura,Mulher,1
Gabriela Cardoso Montes,Mulher,Nurian Maria Amâncio Coelho,Mulher,1
Gabriela Felipa Souza,Mulher,Patrícia Araújo de Oliveira,Mulher,1
Gabriela Souza Maximino,Mulher,Isadora Mendes dos Santos,Mulher,1
Gabriela Souza Maximino,Mulher,Marcelle Pereira Mota,Mulher,1
Gabrielle C. Gazani da Silva,Mulher,Josiane M. Pinheiro,Mulher,1
Gabrielle C. Gazani da Silva,Mulher,Maria Madalena Dias,Mulher,1
Gabrielle C. Gazani da Silva,Mulher,Tania Fátima Calvi Tait,Mulher,1
Gabrielle C. Gazani da Silva,Mulher,Valeria Delisandra Feltrim,Mulher,1
Gabrielly Luíza Trajano Soares,Mulher,João Gabriel R. Silva,Homem,1
Gabrielly Luíza Trajano Soares,Mulher,Maria Júlia M. Schettini,Mulher,1
Gabryella da S. Garcia,Mulher,Letícia S. Camargo,Mulher,1
Gabryella da S. Garcia,Mulher,Maria Alice N. Silva,Mulher,1
Gabryella da S. Garcia,Mulher,Natália C. Louzada,Mulher,1
Gabryella da S. Garcia,Mulher,Ramayane B. Braga,Mulher,1
Gabryella da S. Garcia,Mulher,Sara L. de Farias,Mulher,1
Gabryella da S. Garcia,Mulher,Thalia S. Santana,Mulher,1
Geisiane S. Matos,Mulher,Maria Roselene A. Lima,Mulher,1
Geisiane S. Matos,Mulher,Sara M. Silva,Mulher,1
Geisiane S. Matos,Mulher,Sara das Mercês Silva,Mulher,1
Geisiane S. Matos,Mulher,Tatiane A. Nascimento,Mulher,1
Geraldo Bonorino Xexéo,Homem,Jano Moreira de Souza,Homem,1
Geraldo Bonorino Xexéo,Homem,Larissa Galeno,Mulher,1
Geraldo Bonorino Xexéo,Homem,Luciana Maria Azevedo Nascimento,Mulher,1
Geraldo Bonorino Xexéo,Homem,Luis Felipe Coimbra Costa,Homem,1
Geraldo Bonorino Xexéo,Homem,Yuri Oliveira de Lima,Homem,1
Gina M. B. Oliveira,Mulher,Maria Adriana V. Lima,Mulher,1
Gina M. B. Oliveira,Mulher,Maria Camila N. Barioni,Mulher,1
Gina M. B. Oliveira,Mulher,Mirella S. Junqueira,Mulher,1
Giorgia O. Mattos,Mulher,Josilene A. Moreira,Mulher,2
Giorgia O. Mattos,Mulher,Laura Campos,Mulher,1
Giorgia O. Mattos,Mulher,Laura L. A. O. Campos,Mulher,1
Giorgia O. Mattos,Mulher,Luana Almeida,Mulher,1
Giorgia O. Mattos,Mulher,Luyza E. D. Nascimento,Mulher,1
Giorgia O. Mattos,Mulher,Maria L. M. Calixto,Mulher,1
Giorgia O. Mattos,Mulher,Nelly Martins,Mulher,1
Giorgia O. Mattos,Mulher,Thaís Andrade,Mulher,1
Giorgia O. Mattos,Mulher,Tiago E. S. Araujo,Homem,1
Giorgia O. Mattos,Mulher,Vanessa G. L. Pessoa,Mulher,1
Giovana Lucca,Mulher,Juliany Raiol,Mulher,1
Giovana Lucca,Mulher,Nicoli Araújo,Mulher,1
Giovana Lucca,Mulher,Rafaela Sousa,Mulher,1
Giovanna Almeida Vieira,Mulher,Marcelly Beatriz dos Santos Silva,Mulher,1
Giovanna Almeida Vieira,Mulher,Maria Luiza Correia Oliveira Lima,Mulher,1
Giovanna Almeida Vieira,Mulher,Noemy Roberta de Oliveira Silva,Mulher,1
Giovanna Almeida Vieira,Mulher,Raquel da Silva Cabral,Mulher,1
Giovanna Almeida Vieira,Mulher,Rebeca Oliveira Correia Queiroz,Mulher,1
Giovanna Almeida Vieira,Mulher,Thalia de Oliveira Santos,Mulher,1
Giovanna Almeida Vieira,Mulher,Wemilly Maria Rodrigues Leite de Souza,Mulher,1
Giovanna Fincatti Dos Santos,Mulher,Juliana Berbert,Mulher,1
Giovanna Fincatti Dos Santos,Mulher,Júlia Oliveira Pessoa,Mulher,1
Giovanna Fincatti Dos Santos,Mulher,Maria Eduarda Brandão,Mulher,1
Giovanna Mara Paes Franco,Mulher,Luana Arfux de Castro Nogueira,Mulher,1
Giovanna Mara Paes Franco,Mulher,Marcia Ferreira Cristaldo,Mulher,1
Giovanna Mara Paes Franco,Mulher,Maria Eduarda Alves Barbosa,Mulher,1
Giovanna Mara Paes Franco,Mulher,Marta Luzzi,Mulher,1
Giovanna Mara Paes Franco,Mulher,Nayara Arruda Cunha,Mulher,1
Gisele Marinho,Mulher,Simone Fagundes,Mulher,1
Giseli Duardo Maciano,Mulher,Helena Cristina Dias Magalhães,Mulher,1
Giseli Duardo Maciano,Mulher,Sabrina Bourscheid Sassi,Mulher,1
Giseli Duardo Maciano,Mulher,Waleska Gonçalves de Lima,Mulher,1
Gláucia Braga e Silva,Mulher,Maria Amélia Lopes Silva,Mulher,1
Gláucia Braga e Silva,Mulher,Maria Dalila Vieira,Mulher,1
Gláucia Braga e Silva,Mulher,Maria Theresa Arruda Henriques,Mulher,1
Gláucia Braga e Silva,Mulher,Melissa Araújo,Mulher,1
Gláucia Braga e Silva,Mulher,Thais R. de Moura Braga Silva,Mulher,2
Gláucia Braga e Silva,Mulher,Thais Regina de M. B. Silva,Mulher,2
Glívia Barbosa,Mulher,Ismael Silva,Homem,1
Glívia Barbosa,Mulher,Kecia Ferreira,Mulher,1
Glívia Barbosa,Mulher,Laura Ribeiro,Mulher,1
Glívia Barbosa,Mulher,Natália Santos,Mulher,1
Glívia Barbosa,Mulher,Silvia Albuquerque,Mulher,1
Guilherme Gonçalves da Silva,Homem,Lucas Almeida Silva,Homem,1
Guilherme Gonçalves da Silva,Homem,Queilane da Conceição Rocha,Mulher,1
Guilherme Gonçalves da Silva,Homem,Yasmin Solrac Ribeiro dos Santos,Mulher,1
Guilherme Gonçalves da Silva,Homem,Érica Pereira Machado,Mulher,1
Guilherme Tomaselli Borchardt,Homem,Isabela Gasparini,Mulher,1
Guilherme Tomaselli Borchardt,Homem,Laís Pisetta Van Vossen,Mulher,1
Guilherme Tomaselli Borchardt,Homem,Luciana B. Frigo,Mulher,1
Guilherme Tomaselli Borchardt,Homem,Maria Teresa Silva Santos,Mulher,1
Guillermo A. Dávila,Homem,Indira R. Guzman,Mulher,1
Guillermo A. Dávila,Homem,Luana Mendes,Mulher,1
Guillermo A. Dávila,Homem,Pedro Henrique Stolarski Auceli,Homem,1
Guillermo A. Dávila,Homem,Rita Cristina Galarraga Berardi,Mulher,1
Gustavo Guedes,Homem,Luciana Varjolo,Mulher,1
Gustavo Guedes,Homem,Maria Laura Soares,Mulher,1
Gustavo Guedes,Homem,Érica Carneiro,Mulher,1
Hariel Souza,Homem,Letícia Gindri,Mulher,1
Helena Caseli,Mulher,Jéssica Rodrigues,Mulher,1
Helena Caseli,Mulher,Leidiana Iza Andrade Freitas,Mulher,1
Helena Caseli,Mulher,Maria das Graças V. Nunes,Mulher,1
Helena Cristina Dias Magalhães,Mulher,Sabrina Bourscheid Sassi,Mulher,1
Helena Cristina Dias Magalhães,Mulher,Waleska Gonçalves de Lima,Mulher,1
Heloise Acco Tives,Mulher,Isa de Fatima Sarda Muler,Mulher,1
Heloise Acco Tives,Mulher,Roberto Pereira,Homem,1
Ialy C. Sousa,Mulher,Iana Daya C. F. Passos,Mulher,1
Ialy C. Sousa,Mulher,Jerry A. Souza,Homem,1
Ialy C. Sousa,Mulher,Lílian H. Teixeira,Mulher,1
Ialy C. Sousa,Mulher,Mary Karlla A. Guimarães,Mulher,1
Ialy C. Sousa,Mulher,Moacy P. Silva,Homem,1
Iana Daya C. F. Passos,Mulher,Jerry A. Souza,Homem,1
Iana Daya C. F. Passos,Mulher,Lílian H. Teixeira,Mulher,1
Iana Daya C. F. Passos,Mulher,Mary Karlla A. Guimarães,Mulher,1
Iana Daya C. F. Passos,Mulher,Moacy P. Silva,Homem,1
Ianka Assis,Mulher,Natália C. Louzada,Mulher,1
Ianka Assis,Mulher,Ramayane B. Braga,Mulher,1
Ianka Assis,Mulher,Thalia S. Santana,Mulher,1
Iara S. Edgel,Mulher,Josiane N. S. Lopes,Mulher,1
Iara S. Edgel,Mulher,Jozeane P. A. Silva,Mulher,1
Iara S. Edgel,Mulher,Viviane A. Souza,Mulher,1
Iara S. Edgel,Mulher,Yasmin S. Néu,Mulher,1
Ildenê F. S. Mota,Mulher,Kamilla Taiwhscki B. Silva,Mulher,1
Ildenê F. S. Mota,Mulher,Viviane A. Santos,Mulher,1
Indira R. Guzman,Mulher,Luana Mendes,Mulher,1
Indira R. Guzman,Mulher,Pedro Henrique Stolarski Auceli,Homem,1
Indira R. Guzman,Mulher,Rita Cristina Galarraga Berardi,Mulher,1
Indra Matsiendra C. D. Ribeiro,Mulher,Izabela A. Andrade,Mulher,1
Indra Matsiendra C. D. Ribeiro,Mulher,Julia M. M. Gonçalves,Mulher,1
Indra Matsiendra C. D. Ribeiro,Mulher,Luísa M. Laboissiere,Mulher,1
Indra Matsiendra C. D. Ribeiro,Mulher,Marcella D. Ferreira,Mulher,1
Indra Matsiendra C. D. Ribeiro,Mulher,Michele A. Brandão,Mulher,1
Indra Matsiendra C. D. Ribeiro,Mulher,Mirella M. Moro,Mulher,1
Inácio G. Medeiros,Homem,Soraya R. S. Medeiros,Mulher,1
Iolanda Agnes D. Ribeiro,Mulher,Kamilly Cristine Gomes,Mulher,1
Iolanda Agnes D. Ribeiro,Mulher,Michele A. Brandão,Mulher,1
Iris Herdy,Mulher,Luciana Salgado,Mulher,1
Iris Herdy,Mulher,Mateus Monteiro,Homem,1
Isabel P. Matos,Mulher,Júlia F. G. Prado,Mulher,1
Isabel P. Matos,Mulher,Lucila Ishitani,Mulher,1
Isabel P. Matos,Mulher,Mônica C. Machado,Mulher,1
Isabela Gasparini,Mulher,Karine Alessandra Córdova,Mulher,1
Isabela Gasparini,Mulher,Laís Pisetta Van Vossen,Mulher,1
Isabela Gasparini,Mulher,Luciana B. Frigo,Mulher,1
Isabela Gasparini,Mulher,Maria Teresa Silva Santos,Mulher,1
Isabela Gasparini,Mulher,Milene Selbach Silveira,Mulher,1
Isabela Gasparini,Mulher,Rebeca Schroeder,Mulher,1
Isabela Gasparini,Mulher,Silvia Amelia Bim,Mulher,2
Isabela Gasparini,Mulher,Simone Diniz Junqueira Barbosa,Mulher,1
Isabela Gasparini,Mulher,Susan E. Black,Mulher,1
Isabela Gasparini,Mulher,Suzany Angeli,Mulher,2
Isabela Gasparini,Mulher,Êrica Peters do Carmo,Mulher,1
Isabela Reinhold,Mulher,Maria Tereza de Almeida Wippel,Mulher,1
Isabella A. D. Melo,Mulher,Leticia M. M. S. Cheloni,Mulher,1
Isabella A. D. Melo,Mulher,Raylla L. S. Gama,Mulher,1
Isabella A. D. Melo,Mulher,Suelen M. de Paula,Mulher,1
Isadora B. M. C. Ferreira,Mulher,Lucas Fonseca,Homem,1
Isadora Garcia Ferrão,Mulher,Kalinka R. L. J. C. Branco,Mulher,1
Isadora Mendes dos Santos,Mulher,Marcelle Pereira Mota,Mulher,1
Ismael Silva,Homem,Laura Ribeiro,Mulher,1
Ismael Silva,Homem,Natália Santos,Mulher,1
Ivy Oliveira Magesti,Mulher,Julie Silva Pereira,Mulher,1
Ivy Oliveira Magesti,Mulher,Luiza Rosa de Moura,Mulher,1
Ivy Oliveira Magesti,Mulher,Nurian Maria Amâncio Coelho,Mulher,1
Ivyna R. S. Alves,Mulher,Lívia M. C. Campos,Mulher,1
Ivyna R. S. Alves,Mulher,Marcella M. S. C. de Almeida,Mulher,1
Ivyna Rayany Santino Alves,Mulher,Lana Gomes,Mulher,1
Ivyna Rayany Santino Alves,Mulher,Marcella Medeiros Siqueira C. de Almeida,Mulher,1
Ivyna Rayany Santino Alves,Mulher,Vanessa Dantas,Mulher,1
Izabela A. Andrade,Mulher,Julia M. M. Gonçalves,Mulher,1
Izabela A. Andrade,Mulher,Luísa M. Laboissiere,Mulher,1
Izabela A. Andrade,Mulher,Marcella D. Ferreira,Mulher,1
Izabela A. Andrade,Mulher,Michele A. Brandão,Mulher,1
Izabela A. Andrade,Mulher,Mirella M. Moro,Mulher,1
Jacilane de H. Rabelo,Mulher,Karina Castelo Branco,Mulher,1
Jacilane de H. Rabelo,Mulher,Lauana M. C. de Oliveira,Mulher,2
Jacilane de H. Rabelo,Mulher,Maria Elanne M. Rodrigues,Mulher,1
Jacilane de H. Rabelo,Mulher,Maria Victoria S. Fiori,Mulher,2
Jacilane de H. Rabelo,Mulher,Marina da S. Rocha,Mulher,2
Jacilane de H. Rabelo,Mulher,Victoria Gabriella R. Pereira,Mulher,1
Jailma da silva,Mulher,Renata Figueiredo,Mulher,1
Jailma da silva,Mulher,Sheyla Medeiros,Mulher,1
Jailma da silva,Mulher,Thaíse Costa,Mulher,1
Jailma da silva,Mulher,Vanessa Dantas,Mulher,1
Janaina Gomide,Mulher,Julia Godinho,Mulher,1
Janaina Gomide,Mulher,Júlia Marotti,Mulher,1
Janaina Gomide,Mulher,Laura Emmanuella de Oliveira,Mulher,1
Janaina Gomide,Mulher,Milena Estanislau,Mulher,1
Janaina Gomide,Mulher,Tabatta Martins,Mulher,1
Janaina Gomide,Mulher,Valeria Nunes Belmonte,Mulher,1
Jano Moreira de Souza,Homem,Larissa Galeno,Mulher,1
Jano Moreira de Souza,Homem,Luciana Maria Azevedo Nascimento,Mulher,1
Jano Moreira de Souza,Homem,Luis Felipe Coimbra Costa,Homem,1
Jano Moreira de Souza,Homem,Yuri Oliveira de Lima,Homem,1
Jaqueline Moura,Mulher,Karina Fernandes,Mulher,1
Jaqueline Moura,Mulher,Ketrin Vargas,Mulher,1
Jean Rangel,Homem,João Bernado,Homem,1
Jean Rangel,Homem,Karla Pereira,Mulher,1
Jean Rangel,Homem,Larissa Pessoa,Mulher,1
Jean Rangel,Homem,Rosiane Freitas,Mulher,1
Jean Rangel,Homem,Silvia Bim,Mulher,1
Jennyfer Araújo,Mulher,Leonardo Fronza,Homem,1
Jennyfer Araújo,Mulher,Luciana P. de Araújo Kohler,Mulher,1
Jeovana Leão,Mulher,Julis Figueira de Araújo,Homem,2
Jeovana Leão,Mulher,Kalil Ferreira,Homem,2
Jeovana Leão,Mulher,Mariana Barros,Mulher,2
Jeovana Leão,Mulher,Tanara Lauschner,Mulher,2
Jerry A. Souza,Homem,Lílian H. Teixeira,Mulher,1
Jerry A. Souza,Homem,Mary Karlla A. Guimarães,Mulher,1
Jerry A. Souza,Homem,Moacy P. Silva,Homem,1
Jhully V. N. Leite,Mulher,Laura B. Moreira,Mulher,1
Jhully V. N. Leite,Mulher,Maria Adriana V. Lima,Mulher,1
Jislane S. S. de Menezes,Mulher,Kamille G. Bezerra,Mulher,1
Jislane S. S. de Menezes,Mulher,Leandro Santos Fraga,Homem,1
Joana Silva,Mulher,Joyce Santos,Mulher,1
Jonice Oliveira,Mulher,Luiz Paulo Carvalho,Homem,1
Jonice Oliveira,Mulher,Michele A. Brandão,Mulher,1
Jonice Oliveira,Mulher,Mônica Ferreira da Silva,Mulher,1
Jonice Oliveira,Mulher,Silas Lima Filho,Homem,1
Josely Cubero,Mulher,Julia Passos,Mulher,1
Josely Cubero,Mulher,Karina Huh,Mulher,1
Josely Cubero,Mulher,Lais Cavalheiro,Mulher,1
Josely Cubero,Mulher,Marcelo M. Eler,Homem,1
Josely Cubero,Mulher,Sarajane M. Peres,Mulher,1
Josely Cubero,Mulher,Yasmin Gonçalves,Mulher,1
Josiane M. Pinheiro,Mulher,Maria Madalena Dias,Mulher,1
Josiane M. Pinheiro,Mulher,Tania Fátima Calvi Tait,Mulher,1
Josiane M. Pinheiro,Mulher,Valeria Delisandra Feltrim,Mulher,1
Josiane N. S. Lopes,Mulher,Jozeane P. A. Silva,Mulher,1
Josiane N. S. Lopes,Mulher,Viviane A. Souza,Mulher,1
Josiane N. S. Lopes,Mulher,Yasmin S. Néu,Mulher,1
Josilene A. Moreira,Mulher,Laura Campos,Mulher,1
Josilene A. Moreira,Mulher,Laura L. A. O. Campos,Mulher,1
Josilene A. Moreira,Mulher,Luana Almeida,Mulher,1
Josilene A. Moreira,Mulher,Luyza E. D. Nascimento,Mulher,1
Josilene A. Moreira,Mulher,Maria L. M. Calixto,Mulher,1
Josilene A. Moreira,Mulher,Nelly Martins,Mulher,1
Josilene A. Moreira,Mulher,Thaís Andrade,Mulher,1
Josilene A. Moreira,Mulher,Tiago E. S. Araujo,Homem,1
Josilene A. Moreira,Mulher,Vanessa G. L. Pessoa,Mulher,1
Josivan R. Reis,Homem,Luiz Henrique C. Nunes,Homem,1
Josivan R. Reis,Homem,Mariana W. B. Nascimento,Mulher,1
Josivan R. Reis,Homem,Márcio J. M. Ponte,Homem,1
Josivan R. Reis,Homem,Roberto P. Nascimento,Homem,1
Joslaine Cristina J. de Freitas,Mulher,Marcos Wagner de Souza Ribeiro,Homem,1
Joslaine Cristina J. de Freitas,Mulher,Tamara Cristina Ferreira,Mulher,1
José Vicente Lima Garros,Homem,Lailla Galeno da Silva,Mulher,1
José Vicente Lima Garros,Homem,Simone Azevedo Bandeira de Melo Aquino,Mulher,1
José Vicente Lima Garros,Homem,Steffane de Oliveira Castro,Mulher,1
José Vicente Lima Garros,Homem,Thiago Paiva Freire,Homem,1
José Vicente Lima Garros,Homem,Vinicius Schineider Januário Viana,Homem,1
José Vicente Lima Garros,Homem,Yasmin Milhomem de Oliveira,Mulher,1
José Viterbo,Homem,Luciana Cardoso de Castro Salgado,Mulher,1
Jozeane P. A. Silva,Mulher,Viviane A. Souza,Mulher,1
Jozeane P. A. Silva,Mulher,Yasmin S. Néu,Mulher,1
João Bernado,Homem,Karla Pereira,Mulher,1
João Bernado,Homem,Larissa Pessoa,Mulher,1
João Bernado,Homem,Rosiane Freitas,Mulher,1
João Bernado,Homem,Silvia Bim,Mulher,1
João Gabriel R. Silva,Homem,Kalel Baião M. Pereira,Homem,1
João Gabriel R. Silva,Homem,Maria Júlia M. Schettini,Mulher,1
João Gabriel R. Silva,Homem,Nathalia G. Teixeira,Mulher,1
João Gabriel R. Silva,Homem,Phelipe Oliveira Teixeira,Homem,1
João Gabriel R. Silva,Homem,Vitória Calonga dos Santos,Mulher,1
João Henrique de Souza Pereira,Homem,Luiz Claudio Theodoro,Homem,1
João Laterza,Homem,Maristela Holanda,Mulher,1
João Laterza,Homem,Roberta B. Oliveira,Mulher,1
Julia Godinho,Mulher,Júlia Marotti,Mulher,1
Julia Godinho,Mulher,Laura Emmanuella de Oliveira,Mulher,1
Julia Godinho,Mulher,Milena Estanislau,Mulher,1
Julia Godinho,Mulher,Tabatta Martins,Mulher,1
Julia Godinho,Mulher,Valeria Nunes Belmonte,Mulher,1
Julia Luiza da Conceição,Mulher,Juliana Magalhães,Mulher,1
Julia Luiza da Conceição,Mulher,Rosiane Freitas,Mulher,1
Julia M. M. Gonçalves,Mulher,Luísa M. Laboissiere,Mulher,1
Julia M. M. Gonçalves,Mulher,Marcella D. Ferreira,Mulher,1
Julia M. M. Gonçalves,Mulher,Michele A. Brandão,Mulher,1
Julia M. M. Gonçalves,Mulher,Mirella M. Moro,Mulher,1
Julia Passos,Mulher,Karina Huh,Mulher,1
Julia Passos,Mulher,Lais Cavalheiro,Mulher,1
Julia Passos,Mulher,Marcelo M. Eler,Homem,1
Julia Passos,Mulher,Sarajane M. Peres,Mulher,1
Julia Passos,Mulher,Yasmin Gonçalves,Mulher,1
Juliana Berbert,Mulher,Júlia Oliveira Pessoa,Mulher,1
Juliana Berbert,Mulher,Maria Eduarda Brandão,Mulher,1
Juliana Espíndola Botelho,Mulher,Mirella M. Moro,Mulher,1
Juliana Magalhães,Mulher,Rosiane Freitas,Mulher,1
Juliany Raiol,Mulher,Nicoli Araújo,Mulher,1
Juliany Raiol,Mulher,Rafaela Sousa,Mulher,1
Julie Silva Pereira,Mulher,Luiza Rosa de Moura,Mulher,1
Julie Silva Pereira,Mulher,Nurian Maria Amâncio Coelho,Mulher,1
Julis Figueira de Araújo,Homem,Kalil Ferreira,Homem,2
Julis Figueira de Araújo,Homem,Mariana Barros,Mulher,2
Julis Figueira de Araújo,Homem,Tanara Lauschner,Mulher,2
Jéssica Azevedo,Mulher,Karen Ribeiro,Mulher,1
Jéssica Azevedo,Mulher,Silvia Bim,Mulher,1
Jéssica Gabrieli Schmitz Hahn,Mulher,Leandro von Borstel Assmann,Homem,1
Jéssica Gabrieli Schmitz Hahn,Mulher,Renata Luiza Muller,Mulher,1
Jéssica Gabrieli Schmitz Hahn,Mulher,Vanessa Petró,Mulher,1
Jéssica Gabrieli Schmitz Hahn,Mulher,Vinicius Hartmann Ferreira,Homem,1
Jéssica Rodrigues,Mulher,Leidiana Iza Andrade Freitas,Mulher,1
Jéssica Rodrigues,Mulher,Maria das Graças V. Nunes,Mulher,1
Júlia F. G. Prado,Mulher,Lucila Ishitani,Mulher,1
Júlia F. G. Prado,Mulher,Mônica C. Machado,Mulher,1
Júlia Marotti,Mulher,Laura Emmanuella de Oliveira,Mulher,1
Júlia Marotti,Mulher,Milena Estanislau,Mulher,1
Júlia Marotti,Mulher,Tabatta Martins,Mulher,1
Júlia Marotti,Mulher,Valeria Nunes Belmonte,Mulher,1
Júlia Oliveira Pessoa,Mulher,Maria Eduarda Brandão,Mulher,1
Kailany Ketulhe,Mulher,Maristela Holanda,Mulher,1
Kailany Ketulhe,Mulher,Roberta B. Oliveira,Mulher,1
Kalel Baião M. Pereira,Homem,Nathalia G. Teixeira,Mulher,1
Kalel Baião M. Pereira,Homem,Phelipe Oliveira Teixeira,Homem,1
Kalel Baião M. Pereira,Homem,Vitória Calonga dos Santos,Mulher,1
Kalil Ferreira,Homem,Mariana Barros,Mulher,2
Kalil Ferreira,Homem,Tanara Lauschner,Mulher,2
Kalinka Branco,Mulher,Maria Mendes,Mulher,1
Kalinka Branco,Mulher,Valéria Pinheiro,Mulher,1
Kalinka Branco,Mulher,Viviana Noguera,Mulher,1
Kamila Almeida Benevides,Mulher,Kelly Bianca Araujo Silva,Mulher,2
Kamila Almeida Benevides,Mulher,Letícia Medeiros,Mulher,1
Kamila Almeida Benevides,Mulher,Lilian Giselly Pereira Santos,Mulher,1
Kamila Almeida Benevides,Mulher,Luana Júlia Nunes Ferreira,Mulher,2
Kamila Almeida Benevides,Mulher,Natália de Assis Sousa,Mulher,2
Kamila Almeida Benevides,Mulher,Rebeca de Jesus Brandão,Mulher,1
Kamila Almeida Benevides,Mulher,Sunny Kelma Oliveira Miranda,Mulher,1
Kamila Farias,Mulher,Lorena Nunes,Mulher,1
Kamila Farias,Mulher,Maiara Priscila Lima dos Santos,Mulher,1
Kamila Farias,Mulher,Patrícia Araújo de Oliveira,Mulher,1
Kamilla Taiwhscki B. Silva,Mulher,Viviane A. Santos,Mulher,1
Kamille G. Bezerra,Mulher,Leandro Santos Fraga,Homem,1
Kamilly Cristine Gomes,Mulher,Michele A. Brandão,Mulher,1
Kamylla Milena Voltoni dos Santos,Mulher,Luciana Correia Lima de Faria Borges,Mulher,1
Kamylla Milena Voltoni dos Santos,Mulher,Thais Reggina Kempner,Mulher,1
Karen Ribeiro,Mulher,Silvia Bim,Mulher,1
Karen da Silva Figueiredo Medeiros Ribeiro,Mulher,Leticia Santos Machado,Mulher,1
Karen da Silva Figueiredo Medeiros Ribeiro,Mulher,Luciana B. Frigo,Mulher,1
Karen da Silva Figueiredo Medeiros Ribeiro,Mulher,Silvia Amelia Bim,Mulher,1
Karina Castelo Branco,Mulher,Lauana M. C. de Oliveira,Mulher,1
Karina Castelo Branco,Mulher,Maria Victoria S. Fiori,Mulher,3
Karina Castelo Branco,Mulher,Marina da S. Rocha,Mulher,2
Karina Castelo Branco,Mulher,Valéria Maria Pinheiro,Mulher,1
Karina Fernandes,Mulher,Ketrin Vargas,Mulher,1
Karina Huh,Mulher,Lais Cavalheiro,Mulher,1
Karina Huh,Mulher,Marcelo M. Eler,Homem,1
Karina Huh,Mulher,Sarajane M. Peres,Mulher,1
Karina Huh,Mulher,Yasmin Gonçalves,Mulher,1
Karla Pereira,Mulher,Larissa Pessoa,Mulher,1
Karla Pereira,Mulher,Rosiane Freitas,Mulher,1
Karla Pereira,Mulher,Silvia Bim,Mulher,1
Karla Sophia Santana da Cruz,Mulher,Lilian Giselly Pereira Santos,Mulher,1
Karla Sophia Santana da Cruz,Mulher,Lívia de Maria Calado Machado Soares,Mulher,1
Karla Sophia Santana da Cruz,Mulher,Nayse da Silva Fagundes,Mulher,1
Karla Sophia Santana da Cruz,Mulher,Raquel da Silva Cabral,Mulher,1
Karla Sophia Santana da Cruz,Mulher,Suzy Kamylla de Oliveira Menezes,Mulher,1
Kassia Cristina de Sousa Lopes,Mulher,Maria Alice de Souza Macedo,Mulher,1
Kathleen Danielly Souza Lins,Mulher,Maria Claudia Figueiredo Pereira Emer,Mulher,1
Kathleen Danielly Souza Lins,Mulher,Mariangela de Oliveira Gomes Setti,Mulher,1
Kathleen Danielly Souza Lins,Mulher,Tainara Silva Novaes,Mulher,1
Kecia Ferreira,Mulher,Silvia Albuquerque,Mulher,1
Kelly Bianca Araujo Silva,Mulher,Letícia Medeiros,Mulher,1
Kelly Bianca Araujo Silva,Mulher,Lilian Giselly Pereira Santos,Mulher,1
Kelly Bianca Araujo Silva,Mulher,Luana Júlia Nunes Ferreira,Mulher,2
Kelly Bianca Araujo Silva,Mulher,Natália de Assis Sousa,Mulher,2
Kelly Bianca Araujo Silva,Mulher,Rebeca de Jesus Brandão,Mulher,1
Kelly Bianca Araujo Silva,Mulher,Sunny Kelma Oliveira Miranda,Mulher,1
Ketrin Diovana Alves Rodrigues Vargas,Mulher,Letícia Gindri,Mulher,1
Ketrin Diovana Alves Rodrigues Vargas,Mulher,Marina Braun Otokovieski,Mulher,1
Ketrin Diovana Alves Rodrigues Vargas,Mulher,Patrícia Araújo de Oliveira,Mulher,1
Ketrin Diovana Alves Rodrigues Vargas,Mulher,Raniely dos Anjos,Mulher,1
Kátia Kelvis Cassiano,Mulher,Nubia Rosa da Silva,Mulher,1
Lailla Galeno da Silva,Mulher,Simone Azevedo Bandeira de Melo Aquino,Mulher,3
Lailla Galeno da Silva,Mulher,Steffane de Oliveira Castro,Mulher,1
Lailla Galeno da Silva,Mulher,Thiago Paiva Freire,Homem,3
Lailla Galeno da Silva,Mulher,Vinicius Schineider Januário Viana,Homem,2
Lailla Galeno da Silva,Mulher,Yasmin Milhomem de Oliveira,Mulher,2
Lais Cavalheiro,Mulher,Marcelo M. Eler,Homem,1
Lais Cavalheiro,Mulher,Sarajane M. Peres,Mulher,1
Lais Cavalheiro,Mulher,Yasmin Gonçalves,Mulher,1
Lana Gomes,Mulher,Marcella Medeiros Siqueira C. de Almeida,Mulher,1
Lana Gomes,Mulher,Vanessa Dantas,Mulher,1
Lara M. Lopes,Mulher,Lilian Verino,Mulher,1
Lara M. Lopes,Mulher,Maria Fernanda Itacarambi,Mulher,1
Lara M. Lopes,Mulher,Sylvana Karla S. L. Santos,Mulher,1
Lara Morgado da Silva Santos,Mulher,Mayara Dal Vesco Hoger,Mulher,2
Lara Morgado da Silva Santos,Mulher,Patricia Abe Turato,Mulher,2
Lara Morgado da Silva Santos,Mulher,Rita Cristina Galarraga Berardi,Mulher,2
Lara Morgado da Silva Santos,Mulher,Silvia Amelia Bim,Mulher,2
Lara Tenore,Mulher,Lidia Ferreira,Mulher,1
Lara Tenore,Mulher,Maria Eduarda Brandão,Mulher,1
Lara Tenore,Mulher,Melissa Lins,Mulher,1
Lara Tenore,Mulher,Poliana Ferreira,Mulher,1
Lara Tenore,Mulher,Rafaela V. Rocha,Mulher,1
Lara Tenore,Mulher,Rosimeire Santana,Mulher,1
Larissa Galeno,Mulher,Luciana Maria Azevedo Nascimento,Mulher,1
Larissa Galeno,Mulher,Luis Felipe Coimbra Costa,Homem,1
Larissa Galeno,Mulher,Yuri Oliveira de Lima,Homem,1
Larissa M. R. Alves,Mulher,Samara Martins Nascimento,Mulher,1
Larissa M. R. Alves,Mulher,Veronica M. L. Silva,Mulher,1
Larissa M. da F. Galeno,Mulher,Maria Eduarda H. Lucena,Mulher,1
Larissa M. da F. Galeno,Mulher,Maria Luiza M. Campos,Mulher,1
Larissa M. da F. Galeno,Mulher,Tainá da S. Lima,Mulher,1
Larissa Miguel Sousa,Mulher,Rosineide Paz,Mulher,1
Larissa Pessoa,Mulher,Lia Martins,Mulher,1
Larissa Pessoa,Mulher,Raquel Folz,Mulher,1
Larissa Pessoa,Mulher,Rosiane Freitas,Mulher,2
Larissa Pessoa,Mulher,Silvia Bim,Mulher,1
Larissa Pessoa,Mulher,Victória Guimarães,Mulher,1
Larissa Santos Saraiva,Mulher,Maria Isabele de O. Freires,Mulher,1
Larissa Santos Saraiva,Mulher,Marina Azevedo Ximenes Teles,Mulher,1
Larissa Santos Saraiva,Mulher,Marina da S. Rocha,Mulher,1
Larrysa Figueiredo,Mulher,Marcus Carvalho,Homem,1
Larrysa Figueiredo,Mulher,Raquel Lopes,Homem,1
Lauana M. C. de Oliveira,Mulher,Maria Elanne M. Rodrigues,Mulher,2
Lauana M. C. de Oliveira,Mulher,Maria Victoria S. Fiori,Mulher,2
Lauana M. C. de Oliveira,Mulher,Marina da S. Rocha,Mulher,3
Lauana M. C. de Oliveira,Mulher,Victoria Gabriella R. Pereira,Mulher,1
Laura B. Moreira,Mulher,Maria Adriana V. Lima,Mulher,1
Laura Campos,Mulher,Luana Almeida,Mulher,1
Laura Campos,Mulher,Nelly Martins,Mulher,1
Laura Campos,Mulher,Thaís Andrade,Mulher,1
Laura Damaceno de Almeida,Mulher,Poliana Nascimento Ferreira,Mulher,1
Laura Emmanuella de Oliveira,Mulher,Milena Estanislau,Mulher,1
Laura Emmanuella de Oliveira,Mulher,Tabatta Martins,Mulher,1
Laura Emmanuella de Oliveira,Mulher,Valeria Nunes Belmonte,Mulher,1
Laura L. A. O. Campos,Mulher,Luyza E. D. Nascimento,Mulher,1
Laura L. A. O. Campos,Mulher,Maria L. M. Calixto,Mulher,1
Laura L. A. O. Campos,Mulher,Tiago E. S. Araujo,Homem,1
Laura L. A. O. Campos,Mulher,Vanessa G. L. Pessoa,Mulher,1
Laura Ribeiro,Mulher,Natália Santos,Mulher,1
Laura Shibukawa,Mulher,Mayara Yamanoe,Mulher,1
Laís Pisetta Van Vossen,Mulher,Luciana B. Frigo,Mulher,1
Laís Pisetta Van Vossen,Mulher,Maria Teresa Silva Santos,Mulher,1
Leandro von Borstel Assmann,Homem,Renata Luiza Muller,Mulher,1
Leandro von Borstel Assmann,Homem,Vanessa Petró,Mulher,1
Leandro von Borstel Assmann,Homem,Vinicius Hartmann Ferreira,Homem,1
Leidiana Iza Andrade Freitas,Mulher,Maria das Graças V. Nunes,Mulher,1
Leonardo Fronza,Homem,Luciana P. de Araújo Kohler,Mulher,1
Leticia M. M. S. Cheloni,Mulher,Raylla L. S. Gama,Mulher,1
Leticia M. M. S. Cheloni,Mulher,Suelen M. de Paula,Mulher,1
Leticia Santos Machado,Mulher,Luciana B. Frigo,Mulher,1
Leticia Santos Machado,Mulher,Silvia Amelia Bim,Mulher,1
Letícia Gindri,Mulher,Marina Braun Otokovieski,Mulher,1
Letícia Gindri,Mulher,Patrícia Araújo de Oliveira,Mulher,1
Letícia Gindri,Mulher,Raniely dos Anjos,Mulher,1
Letícia Medeiros,Mulher,Luana Júlia Nunes Ferreira,Mulher,1
Letícia Medeiros,Mulher,Natália de Assis Sousa,Mulher,1
Letícia Medeiros,Mulher,Sunny Kelma Oliveira Miranda,Mulher,1
Letícia S. Camargo,Mulher,Maria Alice N. Silva,Mulher,2
Letícia S. Camargo,Mulher,Natália C. Louzada,Mulher,2
Letícia S. Camargo,Mulher,Ramayane B. Braga,Mulher,2
Letícia S. Camargo,Mulher,Sara L. de Farias,Mulher,1
Letícia S. Camargo,Mulher,Thalia S. Santana,Mulher,2
Lia Martins,Mulher,Raquel Folz,Mulher,1
Lia Martins,Mulher,Rosiane Freitas,Mulher,1
Lia Martins,Mulher,Victória Guimarães,Mulher,1
Lidia Ferreira,Mulher,Maria Eduarda Brandão,Mulher,1
Lidia Ferreira,Mulher,Melissa Lins,Mulher,1
Lidia Ferreira,Mulher,Poliana Ferreira,Mulher,1
Lidia Ferreira,Mulher,Rafaela V. Rocha,Mulher,1
Lidia Ferreira,Mulher,Rosimeire Santana,Mulher,1
Ligia Cristina Battezzati,Mulher,Mateus Santos,Homem,1
Ligia Cristina Battezzati,Mulher,Matheus Mattos de Almeida Cruz,Homem,1
Ligia Cristina Battezzati,Mulher,Rita C. G. Berardi,Mulher,1
Ligia Cristina Battezzati,Mulher,Silvia Amelia Bim,Mulher,1
Lilian F. M. Neves,Mulher,Lilian G. P. Santos,Mulher,1
Lilian F. M. Neves,Mulher,Raquel S. Cabral,Mulher,1
Lilian F. M. Neves,Mulher,Thalia B. M. Almeida,Mulher,1
Lilian G. P. Santos,Mulher,Raquel S. Cabral,Mulher,1
Lilian G. P. Santos,Mulher,Thalia B. M. Almeida,Mulher,1
Lilian Giselly Pereira Santos,Mulher,Luana Júlia Nunes Ferreira,Mulher,1
Lilian Giselly Pereira Santos,Mulher,Lívia de Maria Calado Machado Soares,Mulher,1
Lilian Giselly Pereira Santos,Mulher,Natália de Assis Sousa,Mulher,1
Lilian Giselly Pereira Santos,Mulher,Nayse da Silva Fagundes,Mulher,1
Lilian Giselly Pereira Santos,Mulher,Raquel da Silva Cabral,Mulher,1
Lilian Giselly Pereira Santos,Mulher,Rebeca de Jesus Brandão,Mulher,1
Lilian Giselly Pereira Santos,Mulher,Suzy Kamylla de Oliveira Menezes,Mulher,1
Lilian Verino,Mulher,Maria Fernanda Itacarambi,Mulher,1
Lilian Verino,Mulher,Sylvana Karla S. L. Santos,Mulher,1
Lindamir Salete Casagrande,Mulher,Suzy Santiago,Mulher,1
Lohana Santos,Mulher,Roger Resmini,Homem,1
Lohana Santos,Mulher,Soraia Prietch,Mulher,1
Lohana Santos,Mulher,Tamyres Souza,Mulher,1
Lohana Santos,Mulher,Waine Júnior,Homem,1
Lohana Santos,Mulher,Ângela Farias,Mulher,1
Lorena Nunes,Mulher,Maiara Priscila Lima dos Santos,Mulher,1
Lorena Nunes,Mulher,Patrícia Araújo de Oliveira,Mulher,1
Luana Almeida,Mulher,Nelly Martins,Mulher,1
Luana Almeida,Mulher,Thaís Andrade,Mulher,1
Luana Arfux de Castro Nogueira,Mulher,Marcia Ferreira Cristaldo,Mulher,1
Luana Arfux de Castro Nogueira,Mulher,Maria Eduarda Alves Barbosa,Mulher,1
Luana Arfux de Castro Nogueira,Mulher,Marta Luzzi,Mulher,1
Luana Arfux de Castro Nogueira,Mulher,Nayara Arruda Cunha,Mulher,1
Luana Júlia Nunes Ferreira,Mulher,Natália de Assis Sousa,Mulher,2
Luana Júlia Nunes Ferreira,Mulher,Rebeca de Jesus Brandão,Mulher,1
Luana Júlia Nunes Ferreira,Mulher,Sunny Kelma Oliveira Miranda,Mulher,1
Luana Mendes,Mulher,Pedro Henrique Stolarski Auceli,Homem,1
Luana Mendes,Mulher,Rita Cristina Galarraga Berardi,Mulher,1
Lucas Almeida Silva,Homem,Queilane da Conceição Rocha,Mulher,1
Lucas Almeida Silva,Homem,Yasmin Solrac Ribeiro dos Santos,Mulher,1
Lucas Almeida Silva,Homem,Érica Pereira Machado,Mulher,1
Lucas Lima Sousa Torres,Homem,Maria Rodrigues Gomes,Mulher,1
Lucas Lima Sousa Torres,Homem,Simone de Oliveira Santos,Mulher,1
Lucia Catabriga,Mulher,Maria Claudia S. Boeres,Mulher,2
Lucia Catabriga,Mulher,Maria Julia D. M. Nolasco,Mulher,1
Lucia Catabriga,Mulher,Rebeca C. de Oliveira,Mulher,1
Luciana B. Frigo,Mulher,Luiza Castilho Ereno,Mulher,2
Luciana B. Frigo,Mulher,Maria Teresa Silva Santos,Mulher,1
Luciana B. Frigo,Mulher,Rafaela Oliveira Padilha,Mulher,2
Luciana B. Frigo,Mulher,Silvia Amelia Bim,Mulher,1
Luciana B. Frigo,Mulher,Suelen Laurindo,Mulher,1
Luciana Correia Lima de Faria Borges,Mulher,Thais Reggina Kempner,Mulher,1
Luciana Cosme,Mulher,Mayara Nascimento,Mulher,1
Luciana Maria Azevedo Nascimento,Mulher,Luis Felipe Coimbra Costa,Homem,1
Luciana Maria Azevedo Nascimento,Mulher,Yuri Oliveira de Lima,Homem,1
Luciana Salgado,Mulher,Mateus Monteiro,Homem,1
Luciana Varjolo,Mulher,Maria Laura Soares,Mulher,1
Luciana Varjolo,Mulher,Érica Carneiro,Mulher,1
Lucila Ishitani,Mulher,Mônica C. Machado,Mulher,1
Ludmila de A. Souza,Mulher,Márcio A. Miranda,Homem,1
Ludmila de A. Souza,Mulher,Suelen M. de Paula,Mulher,1
Luis Felipe Coimbra Costa,Homem,Yuri Oliveira de Lima,Homem,1
Luiz Henrique C. Nunes,Homem,Mariana W. B. Nascimento,Mulher,1
Luiz Henrique C. Nunes,Homem,Márcio J. M. Ponte,Homem,1
Luiz Henrique C. Nunes,Homem,Roberto P. Nascimento,Homem,1
Luiz Paulo Carvalho,Homem,Michele A. Brandão,Mulher,1
Luiz Paulo Carvalho,Homem,Mônica Ferreira da Silva,Mulher,1
Luiz Paulo Carvalho,Homem,Silas Lima Filho,Homem,1
Luiza Castilho Ereno,Mulher,Suelen Laurindo,Mulher,1
Luiza Rosa de Moura,Mulher,Nurian Maria Amâncio Coelho,Mulher,1
Luyza E. D. Nascimento,Mulher,Maria L. M. Calixto,Mulher,1
Luyza E. D. Nascimento,Mulher,Tiago E. S. Araujo,Homem,1
Luyza E. D. Nascimento,Mulher,Vanessa G. L. Pessoa,Mulher,1
Luísa M. Laboissiere,Mulher,Marcella D. Ferreira,Mulher,2
Luísa M. Laboissiere,Mulher,Michele A. Brandão,Mulher,2
Luísa M. Laboissiere,Mulher,Mirella M. Moro,Mulher,1
Luísa M. Laboissiere,Mulher,Rodrigo Cardoso,Homem,1
Lílian H. Teixeira,Mulher,Mary Karlla A. Guimarães,Mulher,1
Lílian H. Teixeira,Mulher,Moacy P. Silva,Homem,1
Lívia M. C. Campos,Mulher,Marcella M. S. C. de Almeida,Mulher,1
Lívia de Maria Calado Machado Soares,Mulher,Nayse da Silva Fagundes,Mulher,1
Lívia de Maria Calado Machado Soares,Mulher,Raquel da Silva Cabral,Mulher,1
Lívia de Maria Calado Machado Soares,Mulher,Suzy Kamylla de Oliveira Menezes,Mulher,1
Maiara Neri Bustamante Sá,Mulher,Vanessa Petró,Mulher,1
Maiara Priscila Lima dos Santos,Mulher,Patrícia Araújo de Oliveira,Mulher,1
Marcella D. Ferreira,Mulher,Michele A. Brandão,Mulher,2
Marcella D. Ferreira,Mulher,Mirella M. Moro,Mulher,1
Marcella D. Ferreira,Mulher,Rodrigo Cardoso,Homem,1
Marcella Medeiros Siqueira C. de Almeida,Mulher,Vanessa Dantas,Mulher,1
Marcelly Beatriz dos Santos Silva,Mulher,Maria Luiza Correia Oliveira Lima,Mulher,1
Marcelly Beatriz dos Santos Silva,Mulher,Noemy Roberta de Oliveira Silva,Mulher,1
Marcelly Beatriz dos Santos Silva,Mulher,Raquel da Silva Cabral,Mulher,1
Marcelly Beatriz dos Santos Silva,Mulher,Rebeca Oliveira Correia Queiroz,Mulher,1
Marcelly Beatriz dos Santos Silva,Mulher,Thalia de Oliveira Santos,Mulher,1
Marcelly Beatriz dos Santos Silva,Mulher,Wemilly Maria Rodrigues Leite de Souza,Mulher,1
Marcelo M. Eler,Homem,Sarajane M. Peres,Mulher,1
Marcelo M. Eler,Homem,Yasmin Gonçalves,Mulher,1
Marcia Ferreira Cristaldo,Mulher,Maria Eduarda Alves Barbosa,Mulher,1
Marcia Ferreira Cristaldo,Mulher,Marta Luzzi,Mulher,1
Marcia Ferreira Cristaldo,Mulher,Nayara Arruda Cunha,Mulher,1
Marcos Wagner de Souza Ribeiro,Homem,Tamara Cristina Ferreira,Mulher,1
Marcus Carvalho,Homem,Raquel Lopes,Homem,1
Maria Adriana V. Lima,Mulher,Maria Camila N. Barioni,Mulher,1
Maria Adriana V. Lima,Mulher,Mirella S. Junqueira,Mulher,1
Maria Alice N. Silva,Mulher,Natália C. Louzada,Mulher,2
Maria Alice N. Silva,Mulher,Ramayane B. Braga,Mulher,2
Maria Alice N. Silva,Mulher,Sara L. de Farias,Mulher,1
Maria Alice N. Silva,Mulher,Thalia S. Santana,Mulher,2
Maria Amélia Lopes Silva,Mulher,Melissa Araújo,Mulher,1
Maria Amélia Lopes Silva,Mulher,Thais R. de Moura Braga Silva,Mulher,1
Maria Camila N. Barioni,Mulher,Mirella S. Junqueira,Mulher,1
Maria Claudia Figueiredo Pereira Emer,Mulher,Mariangela de Oliveira Gomes Setti,Mulher,1
Maria Claudia Figueiredo Pereira Emer,Mulher,Tainara Silva Novaes,Mulher,1
Maria Claudia S. Boeres,Mulher,Maria Julia D. M. Nolasco,Mulher,1
Maria Claudia S. Boeres,Mulher,Rebeca C. de Oliveira,Mulher,1
Maria Dalila Vieira,Mulher,Thais Regina de M. B. Silva,Mulher,1
Maria Eduarda Alves Barbosa,Mulher,Marta Luzzi,Mulher,1
Maria Eduarda Alves Barbosa,Mulher,Nayara Arruda Cunha,Mulher,1
Maria Eduarda Brandão,Mulher,Melissa Lins,Mulher,1
Maria Eduarda Brandão,Mulher,Poliana Ferreira,Mulher,1
Maria Eduarda Brandão,Mulher,Rafaela V. Rocha,Mulher,1
Maria Eduarda Brandão,Mulher,Rosimeire Santana,Mulher,1
Maria Eduarda H. Lucena,Mulher,Maria Luiza M. Campos,Mulher,1
Maria Eduarda H. Lucena,Mulher,Tainá da S. Lima,Mulher,1
Maria Eduarda Santos,Mulher,Maristela Holanda,Mulher,1
Maria Eduarda Santos,Mulher,Roberta B. Oliveira,Mulher,1
Maria Eduarda Santos,Mulher,Vinicius R. P. Borges,Homem,1
Maria Elanne M. Rodrigues,Mulher,Maria Rebecca L. Lelis,Mulher,1
Maria Elanne M. Rodrigues,Mulher,Maria Victoria S. Fiori,Mulher,1
Maria Elanne M. Rodrigues,Mulher,Marina da S. Rocha,Mulher,2
Maria Elanne M. Rodrigues,Mulher,Sofia Bento Desidério,Mulher,1
Maria Elanne M. Rodrigues,Mulher,Victoria Gabriella R. Pereira,Mulher,1
Maria Fernanda Abalem Franca Nunes,Mulher,Sabrina Bourscheid Sassi,Mulher,1
Maria Fernanda Abalem Franca Nunes,Mulher,Waleska Gonçalves de Lima,Mulher,1
Maria Fernanda C. Ribeiro,Mulher,Monica M. Pereira,Mulher,1
Maria Fernanda Itacarambi,Mulher,Sylvana Karla S. L. Santos,Mulher,1
Maria Fiori,Mulher,Marina Rocha,Mulher,1
Maria Isabela S. Nunes,Mulher,Natália C. Louzada,Mulher,1
Maria Isabela S. Nunes,Mulher,Ramayane B. Braga,Mulher,1
Maria Isabela S. Nunes,Mulher,Sara L. de Farias,Mulher,1
Maria Isabela S. Nunes,Mulher,Thalia S. Santana,Mulher,1
Maria Isabele de O. Freires,Mulher,Marina Azevedo Ximenes Teles,Mulher,1
Maria Isabele de O. Freires,Mulher,Marina da S. Rocha,Mulher,1
Maria L. M. Calixto,Mulher,Tiago E. S. Araujo,Homem,1
Maria L. M. Calixto,Mulher,Vanessa G. L. Pessoa,Mulher,1
Maria Laura Soares,Mulher,Érica Carneiro,Mulher,1
Maria Luiza Correia Oliveira Lima,Mulher,Noemy Roberta de Oliveira Silva,Mulher,1
Maria Luiza Correia Oliveira Lima,Mulher,Raquel da Silva Cabral,Mulher,1
Maria Luiza Correia Oliveira Lima,Mulher,Rebeca Oliveira Correia Queiroz,Mulher,1
Maria Luiza Correia Oliveira Lima,Mulher,Thalia de Oliveira Santos,Mulher,1
Maria Luiza Correia Oliveira Lima,Mulher,Wemilly Maria Rodrigues Leite de Souza,Mulher,1
Maria Luiza M. Campos,Mulher,Tainá da S. Lima,Mulher,1
Maria Madalena Dias,Mulher,Tania Fátima Calvi Tait,Mulher,1
Maria Madalena Dias,Mulher,Valeria Delisandra Feltrim,Mulher,1
Maria Mendes,Mulher,Valéria Pinheiro,Mulher,1
Maria Rebecca L. Lelis,Mulher,Sofia Bento Desidério,Mulher,1
Maria Rodrigues Gomes,Mulher,Simone de Oliveira Santos,Mulher,1
Maria Roselene A. Lima,Mulher,Sara M. Silva,Mulher,1
Maria Theresa Arruda Henriques,Mulher,Thais Regina de M. B. Silva,Mulher,1
Maria Victoria S. Fiori,Mulher,Marina da S. Rocha,Mulher,3
Maria Victoria S. Fiori,Mulher,Valéria Maria Pinheiro,Mulher,1
Maria Victoria S. Fiori,Mulher,Victoria Gabriella R. Pereira,Mulher,1
Maria do Socorro Vieira Barreto,Mulher,Thales Francisco Mota Carvalho,Homem,1
Maria do Socorro Vieira Barreto,Mulher,Vívian Ludimila Aguiar Santos,Mulher,1
Mariana Barros,Mulher,Tanara Lauschner,Mulher,2
Mariana W. B. Nascimento,Mulher,Márcio J. M. Ponte,Homem,1
Mariana W. B. Nascimento,Mulher,Roberto P. Nascimento,Homem,1
Mariangela de Oliveira Gomes Setti,Mulher,Tainara Silva Novaes,Mulher,1
Marina Azevedo Ximenes Teles,Mulher,Marina da S. Rocha,Mulher,1
Marina Braun Otokovieski,Mulher,Patrícia Araújo de Oliveira,Mulher,1
Marina Braun Otokovieski,Mulher,Raniely dos Anjos,Mulher,1
Marina da S. Rocha,Mulher,Victoria Gabriella R. Pereira,Mulher,1
Maristela Holanda,Mulher,Mirella M. Moro,Mulher,1
Maristela Holanda,Mulher,Roberta B. Oliveira,Mulher,6
Maristela Holanda,Mulher,Tais A. Oliveira,Mulher,1
Maristela Holanda,Mulher,Thamires P. Silva,Mulher,1
Maristela Holanda,Mulher,Thayanna Klysnney Moreira Nunes,Mulher,1
Maristela Holanda,Mulher,Vinicius R. P. Borges,Homem,1
Marjory Abreu,Mulher,Monica M. Pereira,Mulher,1
Marta Luzzi,Mulher,Nayara Arruda Cunha,Mulher,1
Mary Karlla A. Guimarães,Mulher,Moacy P. Silva,Homem,1
Mateus Santos,Homem,Matheus Mattos de Almeida Cruz,Homem,1
Mateus Santos,Homem,Rita C. G. Berardi,Mulher,1
Mateus Santos,Homem,Silvia Amelia Bim,Mulher,1
Matheus Mattos de Almeida Cruz,Homem,Rita C. G. Berardi,Mulher,1
Matheus Mattos de Almeida Cruz,Homem,Silvia Amelia Bim,Mulher,1
Mayara Dal Vesco Hoger,Mulher,Patricia Abe Turato,Mulher,2
Mayara Dal Vesco Hoger,Mulher,Rita Cristina Galarraga Berardi,Mulher,2
Mayara Dal Vesco Hoger,Mulher,Silvia Amelia Bim,Mulher,2
Melissa Araújo,Mulher,Thais R. de Moura Braga Silva,Mulher,1
Melissa Lins,Mulher,Poliana Ferreira,Mulher,1
Melissa Lins,Mulher,Rafaela V. Rocha,Mulher,1
Melissa Lins,Mulher,Rosimeire Santana,Mulher,1
Michele A. Brandão,Mulher,Mirella M. Moro,Mulher,1
Michele A. Brandão,Mulher,Mônica Ferreira da Silva,Mulher,1
Michele A. Brandão,Mulher,Rodrigo Cardoso,Homem,1
Michele A. Brandão,Mulher,Silas Lima Filho,Homem,1
Milena Estanislau,Mulher,Tabatta Martins,Mulher,1
Milena Estanislau,Mulher,Valeria Nunes Belmonte,Mulher,1
Milene Selbach Silveira,Mulher,Rebeca Schroeder,Mulher,1
Milene Selbach Silveira,Mulher,Simone Diniz Junqueira Barbosa,Mulher,1
Milene Selbach Silveira,Mulher,Êrica Peters do Carmo,Mulher,1
Mirella M. Moro,Mulher,Renata Muniz Prado,Mulher,1
Mirella M. Moro,Mulher,Roberta B. Oliveira,Mulher,1
Márcia Gonçalves Oliveira,Mulher,Soraya Roberta dos Santos Medeiros,Mulher,1
Márcia Gonçalves Oliveira,Mulher,Vânia Silvares Marquiori,Mulher,1
Márcia Oliveira,Mulher,Mônica Silva,Mulher,1
Márcia Oliveira,Mulher,Vania Marquiori,Mulher,1
Márcio A. Miranda,Homem,Simone S. Sidnei,Mulher,1
Márcio A. Miranda,Homem,Suelen M. de Paula,Mulher,2
Márcio J. M. Ponte,Homem,Roberto P. Nascimento,Homem,1
Mônica Ferreira da Silva,Mulher,Silas Lima Filho,Homem,1
Nani Castilho,Mulher,Simone Fogazzi,Mulher,1
Nathalia G. Teixeira,Mulher,Phelipe Oliveira Teixeira,Homem,1
Nathalia G. Teixeira,Mulher,Vitória Calonga dos Santos,Mulher,1
Natália C. Louzada,Mulher,Ramayane B. Braga,Mulher,4
Natália C. Louzada,Mulher,Sara L. de Farias,Mulher,2
Natália C. Louzada,Mulher,Thalia S. Santana,Mulher,4
Natália Dal Pizzol,Mulher,Soraia Raupp Musse,Mulher,2
Natália de Assis Sousa,Mulher,Rebeca de Jesus Brandão,Mulher,1
Natália de Assis Sousa,Mulher,Sunny Kelma Oliveira Miranda,Mulher,1
Nayara Dias dos Santos,Mulher,Sabrina Marczak,Mulher,1
Nayse da Silva Fagundes,Mulher,Raquel da Silva Cabral,Mulher,1
Nayse da Silva Fagundes,Mulher,Suzy Kamylla de Oliveira Menezes,Mulher,1
Nelly Martins,Mulher,Thaís Andrade,Mulher,1
Nicoli Araújo,Mulher,Rafaela Sousa,Mulher,1
Noemy Roberta de Oliveira Silva,Mulher,Raquel da Silva Cabral,Mulher,1
Noemy Roberta de Oliveira Silva,Mulher,Rebeca Oliveira Correia Queiroz,Mulher,1
Noemy Roberta de Oliveira Silva,Mulher,Thalia de Oliveira Santos,Mulher,1
Noemy Roberta de Oliveira Silva,Mulher,Wemilly Maria Rodrigues Leite de Souza,Mulher,1
Patricia Abe Turato,Mulher,Rita Cristina Galarraga Berardi,Mulher,2
Patricia Abe Turato,Mulher,Silvia Amelia Bim,Mulher,2
Patrícia Araújo de Oliveira,Mulher,Raniely dos Anjos,Mulher,1
Pedro Henrique Stolarski Auceli,Homem,Rita Cristina Galarraga Berardi,Mulher,1
Phelipe Oliveira Teixeira,Homem,Vitória Calonga dos Santos,Mulher,1
Poliana Ferreira,Mulher,Rafaela V. Rocha,Mulher,1
Poliana Ferreira,Mulher,Rosimeire Santana,Mulher,1
Queilane da Conceição Rocha,Mulher,Yasmin Solrac Ribeiro dos Santos,Mulher,1
Queilane da Conceição Rocha,Mulher,Érica Pereira Machado,Mulher,1
Rafaela V. Rocha,Mulher,Rosimeire Santana,Mulher,1
Ramayane B. Braga,Mulher,Sara L. de Farias,Mulher,2
Ramayane B. Braga,Mulher,Thalia S. Santana,Mulher,4
Raquel Folz,Mulher,Rosiane Freitas,Mulher,1
Raquel Folz,Mulher,Victória Guimarães,Mulher,1
Raquel S. Cabral,Mulher,Thalia B. M. Almeida,Mulher,1
Raquel da Silva Cabral,Mulher,Rebeca Oliveira Correia Queiroz,Mulher,1
Raquel da Silva Cabral,Mulher,Suzy Kamylla de Oliveira Menezes,Mulher,1
Raquel da Silva Cabral,Mulher,Thalia de Oliveira Santos,Mulher,1
Raquel da Silva Cabral,Mulher,Wemilly Maria Rodrigues Leite de Souza,Mulher,1
Raylla L. S. Gama,Mulher,Suelen M. de Paula,Mulher,1
Rebeca Hilda Furtado Costa,Mulher,Sara das Mercês Silva,Mulher,1
Rebeca Oliveira Correia Queiroz,Mulher,Thalia de Oliveira Santos,Mulher,1
Rebeca Oliveira Correia Queiroz,Mulher,Wemilly Maria Rodrigues Leite de Souza,Mulher,1
Rebeca Schroeder,Mulher,Simone Diniz Junqueira Barbosa,Mulher,1
Rebeca Schroeder,Mulher,Êrica Peters do Carmo,Mulher,1
Renata Figueiredo,Mulher,Sheyla Medeiros,Mulher,1
Renata Figueiredo,Mulher,Thaíse Costa,Mulher,1
Renata Figueiredo,Mulher,Vanessa Dantas,Mulher,1
Renata Luiza Muller,Mulher,Vanessa Petró,Mulher,1
Renata Luiza Muller,Mulher,Vinicius Hartmann Ferreira,Homem,1
Renata Luiza da Costa,Mulher,Stéfany de Castro Souza,Mulher,1
Renata Viegas de Figueiredo,Mulher,Tanara Lauschner,Mulher,1
Rita C. G. Berardi,Mulher,Silvia Amelia Bim,Mulher,2
Rita Cristina Galarraga Berardi,Mulher,Silvia Amelia Bim,Mulher,2
Roberta B. Oliveira,Mulher,Tais A. Oliveira,Mulher,1
Roberta B. Oliveira,Mulher,Thamires P. Silva,Mulher,1
Roberta B. Oliveira,Mulher,Vinicius R. P. Borges,Homem,1
Roger Resmini,Homem,Soraia Prietch,Mulher,1
Roger Resmini,Homem,Tamyres Souza,Mulher,1
Roger Resmini,Homem,Waine Júnior,Homem,1
Roger Resmini,Homem,Ângela Farias,Mulher,1
Rosiane Freitas,Mulher,Silvia Bim,Mulher,1
Rosiane Freitas,Mulher,Victória Guimarães,Mulher,1
Sabrina Bourscheid Sassi,Mulher,Waleska Gonçalves de Lima,Mulher,2
Samara Martins Nascimento,Mulher,Veronica M. L. Silva,Mulher,1
Sandra Oliveira,Homem,Thais Sousa,Mulher,1
Sara L. de Farias,Mulher,Thalia S. Santana,Mulher,2
Sara das Mercês Silva,Mulher,Tatiane A. Nascimento,Mulher,1
Sarah Barbosa de Deus,Mulher,Steffany Caroline Carvalho Freire,Mulher,1
Sarajane M. Peres,Mulher,Yasmin Gonçalves,Mulher,1
Sheyla Medeiros,Mulher,Thaíse Costa,Mulher,1
Sheyla Medeiros,Mulher,Vanessa Dantas,Mulher,1
Silvia Amelia Bim,Mulher,Suzany Angeli,Mulher,2
Simone Azevedo Bandeira de Melo Aquino,Mulher,Steffane de Oliveira Castro,Mulher,2
Simone Azevedo Bandeira de Melo Aquino,Mulher,Thiago Paiva Freire,Homem,5
Simone Azevedo Bandeira de Melo Aquino,Mulher,Vinicius Schineider Januário Viana,Homem,3
Simone Azevedo Bandeira de Melo Aquino,Mulher,Yasmin Milhomem de Oliveira,Mulher,3
Simone Diniz Junqueira Barbosa,Mulher,Êrica Peters do Carmo,Mulher,1
Simone S. Sidnei,Mulher,Suelen M. de Paula,Mulher,1
Soraia Prietch,Mulher,Tamyres Souza,Mulher,1
Soraia Prietch,Mulher,Waine Júnior,Homem,1
Soraia Prietch,Mulher,Ângela Farias,Mulher,1
Steffane de Oliveira Castro,Mulher,Thiago Paiva Freire,Homem,2
Steffane de Oliveira Castro,Mulher,Vinicius Schineider Januário Viana,Homem,1
Steffane de Oliveira Castro,Mulher,Yasmin Milhomem de Oliveira,Mulher,1
Tabatta Martins,Mulher,Valeria Nunes Belmonte,Mulher,1
Tais A. Oliveira,Mulher,Thamires P. Silva,Mulher,1
Tamyres Souza,Mulher,Waine Júnior,Homem,1
Tamyres Souza,Mulher,Ângela Farias,Mulher,1
Tania Fátima Calvi Tait,Mulher,Valeria Delisandra Feltrim,Mulher,1
Thales Francisco Mota Carvalho,Homem,Vívian Ludimila Aguiar Santos,Mulher,1
Thalia de Oliveira Santos,Mulher,Wemilly Maria Rodrigues Leite de Souza,Mulher,1
Thaíse Costa,Mulher,Vanessa Dantas,Mulher,1
Thiago Paiva Freire,Homem,Vinicius Schineider Januário Viana,Homem,3
Thiago Paiva Freire,Homem,Yasmin Milhomem de Oliveira,Mulher,3
Tiago E. S. Araujo,Homem,Vanessa G. L. Pessoa,Mulher,1
Vanessa L. Silva,Mulher,Viviane C. O. Aureliano,Mulher,1
Vanessa Petró,Mulher,Vinicius Hartmann Ferreira,Homem,1
Vinicius Schineider Januário Viana,Homem,Yasmin Milhomem de Oliveira,Mulher,3
Viviane A. Souza,Mulher,Yasmin S. Néu,Mulher,1
Waine Júnior,Homem,Ângela Farias,Mulher,1
Yasmin Solrac Ribeiro dos Santos,Mulher,Érica Pereira Machado,Mulher,1
